,Cycle,A4,A5,A6,A7,A8,A9,A10,A11,B1,B2,B3,B4,B5,B6,B7,B8,B9,B10,B11,B12,C1,C2,C3,C4,C5,C6,C7,C8,C9,C10,C11,C12,D1,D2,D3,D4,D5,D6,D7,D8,D9,D10,D11,D12,E1,E2,E3,E4,E5,E6,E7,E8,E9,E10,E11,E12,F1,F2,F3,F4,F5,F6
,1,24.0696108410461,6.06295526158465,-3.99205995180228,13.0819648654701,-4.74845873061622,-7.04297636164074,-7.84881766917624,-15.7364551275023,-9.79272456168019,-6.96905305679229,-12.9300900195553,-12.8264904112098,-5.5418392645729,-7.70378988311313,-7.20193600378434,-5.01389758693404,-4.95240797268116,-7.52237741240151,-18.8540792174117,-20.8551709581343,-7.21597740197149,-3.68817136639291,-6.27787970312738,-6.60713815602821,-3.63938835640147,-8.93495102917677,-3.62848584368112,-12.4351069043219,-14.361692506885,-11.7606827793106,-9.89601700279673,-20.7291916830695,-13.0118272064087,-6.62897666128447,-7.14407639154842,-11.0632571828087,-7.09483087276476,-12.7411553948182,-15.5332970041386,-19.5288542754483,-13.8599279538566,-16.9093276335748,-14.5391439934688,-17.7148278356544,-11.2329066481811,-7.44932708232045,-11.3158696260548,-11.9447968504655,-10.0520848580763,-12.8643955813468,-16.008083193577,-14.6346320817106,-9.97563853734027,-11.1934879294031,-16.9375558343199,-18.9991711640205,-5.50274416648699,-7.2813818691634,-8.7036323774023,-4.02474412981474,-7.83282819185433,-5.5275278482768
,2,26.0122931766286,14.2687480084728,7.91542568179602,10.0668529221516,1.01792415692216,4.23960122405015,-1.21016643568328,1.04265258428541,2.30331289916194,-0.367853549760184,-6.77050987913935,-4.35108455653835,-1.1570772259488,3.16798938389275,-2.28024928906189,-3.85784741274074,1.64176380294793,-3.93031731051133,-5.18767370874184,7.53175780875063,-2.75381355460331,-1.21820345749074,3.72482285485603,0.820814787165091,-0.250794147482338,-2.25363522574753,6.04466764564313,5.38875787901179,-6.22488465831566,2.64255167613783,-0.159424104548634,0.0985508211560955,-6.31192931971418,-2.09009138819101,0.481990896370462,-0.810176263836183,-3.88094832550814,-5.4391202583256,-6.23736362607087,-5.58307591312041,-1.47561050145077,-4.40489076560198,-0.0394501040145769,-6.14369115860154,-4.04059847772214,4.26721405315629,-8.35080195579076,-0.358725900841364,3.66532817064262,-2.18265736491048,-2.2841781437487,-1.15516112473142,0.724022446320305,7.75245356605137,5.15478058618055,-10.7763294538049,-1.29053951095375,1.26342551011476,-1.57207863600615,-0.507506006757467,4.4528663726519,-1.05231817288404
,3,31.5129464455677,24.0627901381822,18.5496322472954,5.19992014935406,-0.277799988877177,1.25131963133663,-3.02528921774592,-0.361746364980263,0.390357452540684,2.28099224005291,0.807045668853334,-1.63795464521536,0.352027762950911,-0.677359372494266,-1.29654409622344,-3.71247924611271,-0.598092622037257,5.47882795422629,0.917495474349835,-4.41237309718281,-4.54184950239232,-0.54743952734907,3.44750820357012,0.410074955849723,0.785875553593087,4.28322783473504,-2.36069542117775,-2.12701929305376,2.55647961156365,1.47582665278605,2.64441151837855,-0.46026412320407,-3.85231625000779,-0.295077441492595,-0.870666355803223,0.725315596390828,-4.81673268566874,-1.96934574921579,-0.761754645362089,-0.222857289677449,-1.6550277374472,-0.84288255458705,3.8002159876437,-2.21344687279907,-2.72895416472966,0.269099370354525,0.417222278516874,0.973149071810894,-0.419536890507516,-1.75608951157028,0.516127661624523,-0.686668087267662,3.11216978859147,1.85885678447039,-3.17078183271678,-5.43986304068176,0.0201868625581483,-1.62497029813949,1.84462800599977,-2.18861785753506,0.707473224971181,2.76615525464331
,4,41.7401032075863,28.8022042474104,24.7328429963977,3.2344656585783,1.40590503729891,4.81432314622998,3.7441733529522,6.85960785227235,-2.19175766503349,0.428174134998699,-0.00486331449747013,0.876644093255436,0.627803514852531,1.47683083576612,-1.25896783020698,0.97450264648478,-2.70835569247311,-4.70011104045489,2.96483364225242,-7.29763620429003,0.82503186150916,-1.21450774604955,3.24911882836386,0.761792266900557,2.4013306125803,0.486969642166969,6.72198007674206,3.85513092008068,2.75130975643378,1.49030120877478,1.69393740387659,2.60515012225369,-4.42621078218417,-1.52041688399686,1.8595978499161,0.26429028766006,1.3505142047361,2.81365765909368,-1.99406334176092,-1.78126734275065,2.56466478182756,1.35547227528832,0.195328492123735,-0.502123388855125,-0.315035548476317,-1.47136266214193,2.38427496083386,4.32760604224859,3.41199811627439,4.93456313919978,1.1381932858344,3.10448163450292,-1.03708297446974,1.24229165627276,0.240380213677327,1.43101792188691,2.73573443096711,2.79818377479933,-0.686074658985035,0.343759490254342,1.26935394033444,2.08174680464708
,5,52.4661456653134,39.4483470429341,43.9009668361873,0.39011488356573,3.70712726983311,-1.11441217348192,2.86080730237609,1.83244129237573,4.59996533094227,2.57813422910294,5.56399523798245,4.67938128822198,-3.10139130118387,-3.90512483884731,3.67562950066485,0.0950602067437103,1.10296931178345,1.41341675492913,4.16007114434069,-1.53132491258202,0.52074238469595,3.26391356183422,2.80104300877156,-4.11187961083624,2.06143631636769,0.866443185844219,0.863905935712864,4.07330001414857,-0.0734826983048151,2.05554752159696,-0.280372930869362,2.37372891570158,-3.18799071945114,3.74097570036156,3.72265840489308,0.946707095948568,3.38295357612105,-1.35843460917113,-0.24718646271549,-0.0440599264702541,1.33437211063347,-1.02895443456327,2.72298366723635,-0.221685928636361,0.811718997405023,4.46926112424399,0.0579387823800062,-2.34875494525932,3.08168638908501,-0.638651568638579,2.28423504845614,0.0150037386106305,0.840242442069211,1.63787011482646,5.98836378298665,3.32717052617772,-0.876625089204936,-0.261703991354807,2.29776094724321,0.801912375663051,2.34205658142992,-2.71140433553956
,6,71.6591054226587,49.0316691652506,64.9847109867992,-1.36704579926345,5.14115222969667,0.530525795119502,0.426719535084885,0.203447040081755,1.97742529518973,-4.14709202714357,2.84715344367032,-2.84972558940035,3.69791673588315,-0.347068087776279,1.23073786184705,1.19703933791243,2.66834964992404,-2.9908046964033,-0.384310988986726,-2.09411965759409,-2.33230556241551,-3.50965242027542,-2.59691925621792,2.39477292846686,3.59673872438134,5.02506394175816,-1.01721777698367,4.26320127027611,-1.40259337262751,-0.0702267388687687,-0.562909673066315,4.12469191532773,4.888713504718,1.78020709992234,-3.133089550558,3.41298130003133,6.43703294270972,-0.936052129151904,4.32101189084597,3.83117903460334,-1.97037973745137,3.96369574966502,2.12309303877782,1.02826551845601,-0.674597100363826,2.47835720293233,1.69562783916308,2.10698285744002,2.84318782666423,-0.540477941223344,-4.53924152882018,-0.9486145095957,3.81884960994739,1.86023185442764,0.16889572246555,7.5718254735466,2.8496069615926,-1.80058991736041,0.31758381402733,1.7058451353214,-0.130547545921672,2.24831866040313
,7,105.743414863211,80.3323957503899,101.668220529896,3.65552089336688,-2.42817251345696,2.42876587628734,-1.55773103259071,-0.489163786937297,3.58514766524786,1.9975920510592,1.65768702917921,-0.0694073427816875,1.94060094902625,0.444647935977173,1.70479100529792,1.01646094118132,1.427451597247,1.03798983575598,0.0392097791050219,0.0518233765337754,3.06309596134679,0.984157920072448,-2.32004125282356,1.92170926105973,1.39432347004913,-0.067841900953681,1.22698721115876,3.87995239151996,-0.326428463008597,0.89161515622618,-0.986232213288986,5.14414877730087,3.47831091097942,-3.60330491100467,1.83144803037294,1.01170897519478,1.5394005179287,-1.53385332128164,4.40317786415199,2.01288222676794,1.42350499799568,2.55341263598757,1.99995155470833,1.06145311496584,3.60553888599861,-1.77987106819592,-1.0881408173218,-1.28517243754095,1.53049677984609,-1.33062239167384,-0.225926375776453,4.22277095272921,2.94064813466048,-4.39799222939928,1.32465235919335,2.02709980812688,0.498828703134677,2.65207196562233,3.60519189838351,3.63703131709008,2.02226974550604,1.57925736663537
,8,157.534445059146,119.992565667516,175.344437039157,5.29871914504383,1.73584154959462,2.35366639957601,2.33608888456001,-3.45720862638473,1.89485018949154,3.06988695705786,1.1200584854796,6.2255873112349,2.12260974448236,3.29408169600219,2.04250196026715,0.858314847905604,1.33832459647829,-2.57795544473311,2.34768452126309,5.48880973592895,6.63100554261837,2.95399962121155,-1.95499746469659,5.93490747855776,-0.877787237398479,1.76711360251466,0.435225354628074,0.762299366452226,-1.99681855144627,1.44272213475915,-1.43904297970857,-0.510467518609858,5.64706855262693,2.91576757640132,-0.310710101985933,1.29779487471251,1.39043089219558,1.35713607965681,0.306890512443715,3.97247774075777,1.53202552311996,4.71059903781224,1.61174540081538,6.39554380111031,4.42997644594107,4.30299024029682,3.08270899001218,1.14920225964443,-1.4270262982086,2.41613991356326,3.76725457765269,-0.70587126903547,4.54025460347248,0.984964487563047,5.18156793931485,4.00070655313993,0.115100304331008,1.28394437831776,3.59449037240347,6.61518702173134,1.91255004791128,1.85145209935399
,9,251.022652557188,198.173897940354,281.55422977776,9.51769338602571,10.102617406706,10.7218550870957,4.64261940883716,-2.15646809770078,-0.739394585739319,0.705028943615616,4.78521014735406,-0.50113555092139,-0.135992813258326,2.90098297847135,3.18381410873189,0.792972015125997,1.46111092670481,0.292815328547476,2.66280775645964,7.68399588160082,4.32995530031667,1.21047833154626,0.735180825969564,1.6249179738038,-2.08488518435433,1.66085566316406,1.79808318521873,-0.503278010455688,-0.883385887769691,3.79401821366173,0.0917571716513521,3.72323569003947,3.47201402148085,1.11383514476574,2.02541491640204,0.181251300771692,2.43825308484429,7.56980752903655,4.8646277639391,1.24553512796183,3.96566827631432,0.0940973134224805,0.409694088140441,0.0455272811127543,0.764456435343618,2.44511467980647,5.24756205558879,0.630230788941844,0.0418659533615937,3.96032865162442,4.58590260246638,1.66632865903375,1.86183769523859,6.15868890379124,-1.26732680393025,-2.24413691218297,2.06940871302913,1.37595212816404,1.26012651149131,0.483079354556594,2.05325236098952,5.10624315389805
,10,411.90468234566,328.899245569619,462.938399209209,25.9320843603755,16.9595819640135,33.5180227155843,-1.04593181436667,2.97750744449104,3.34743252881844,3.52463590173465,2.22720122902456,1.01666618225727,2.69925169099088,3.69030182293591,1.23875820806506,5.67775429098219,2.7512118339987,6.1040398288269,3.92284193582282,12.7550826735282,2.25374465622735,2.13068510954281,1.44272694995198,2.14715285662987,-0.234115876316991,0.727100307640285,-0.226512345771425,-2.22779125197076,-0.503909572320026,-3.87137506657655,1.74021444753544,-0.892435883385133,0.797830198095653,3.95948093013112,3.15305754396513,4.49958993237124,4.62732502573135,-2.03619255864396,0.821458695089859,3.25825022092477,-3.47365637627991,-0.25483678249384,2.88424521947172,3.06983606772656,3.29725015877784,-2.5251937586454,2.60601196588141,3.89163388449651,3.63686872843846,3.35014966857125,1.99127603340094,-1.65846348590867,2.66149205815782,1.47235653037933,-1.16469284303821,3.19707600931633,2.23864174177106,2.14929937551869,1.97315525473459,0.626992714836888,-1.61248472101897,0.20737111921062
,11,598.102806424856,489.299603817247,658.821190575648,68.156989384755,35.3040717352897,61.566375151282,-0.800958732852905,5.45944755251548,-4.95920106978292,-1.83451067208125,6.85114883733831,1.3403577199465,3.65758492305667,1.68288889375526,3.07529485631085,4.60075506451312,5.23664091943738,-0.923978035978507,-1.5910562218528,6.65288377661545,-2.4747450185605,2.02851724648008,3.48907960890119,2.65550273718281,2.44512523401681,-1.0207546548445,1.35972350384554,-0.198969142180431,0.60952309135655,0.567299687386821,1.94511868007703,0.451725273266675,5.33166773018183,2.49882723857718,1.45912155170981,2.17456396760599,4.55850071978284,3.88806059790431,0.612742622404312,6.4911403382057,3.12183311088666,2.82241433161744,2.83757225383988,5.34581631077799,5.19839807705057,1.45886268988488,0.581979082532143,4.5151301446881,3.49120317182815,2.68832822092281,0.0392571133975252,3.64103595647975,1.96546372007742,1.17124890996547,2.82403657861187,0.878521432384332,3.98223915106018,4.07802496991599,1.74005507115635,-1.15886564431685,5.6046968207329,-0.346469590111155
,12,815.586438988412,666.627160216163,861.399313798421,139.107771743459,64.5180823211149,114.92611234477,8.59593602237101,12.4045633034916,-3.07740975481056,-0.261143567107865,-2.44181697305203,-0.175104552226003,0.0859970626461291,4.73010398505585,-0.575667551702736,-1.84413732144185,1.65773436295376,1.9728575661311,-2.47004318214476,7.94335240575356,2.81345466579296,-0.189286489251572,-2.51129194422492,1.53638419340632,-2.33309785897518,-0.798888066793552,1.68486011191817,-1.09622856405394,2.05132387896629,1.02779949183332,1.70399766415994,2.02048243159925,3.20825566363101,3.47974157831413,2.48201767089677,0.322602466251738,0.236237384166088,1.79019279202021,1.70288325358388,3.37005853807796,-0.57584882389574,0.0967088816846626,-1.41089727686585,2.50115387341793,0.86444918509369,-2.39479924996931,3.62572843234466,-0.389066079012537,-0.292332980342053,1.23798480208006,3.5618266335041,2.33760782666741,-0.884688742587514,-0.100590886911959,1.36521677510518,1.10749937777518,0.461715523116254,2.35694373872911,0.128198521509603,-1.2256632834451,-2.10498627419156,3.49904305236851
,13,1027.01312500482,842.129853801708,1041.30014275311,255.471037413885,130.308599245799,216.992001547085,18.6481054462738,29.9449101749901,-1.09087193146252,1.66641289409517,2.18237423179244,1.97336859998995,1.56928081924843,-0.927115769708962,2.11394414848155,0.611013153147724,-1.23983269602195,0.983110514418968,-2.23384522302695,0.147914021112229,3.47989736544378,1.78179572394265,2.042643405945,0.92906196148715,-0.0611501486532688,0.591267484448508,4.74095743023781,2.53521512389261,4.22854259398991,5.59801637259488,-0.336327330516269,2.72203593918994,3.72518639775399,0.258859352977197,0.458739168584088,-3.16949447904972,0.587373497846784,5.87772810401839,-1.91910741298034,3.63667369606173,4.12860079228267,1.2831637213385,-0.236420832055501,-1.49888691098522,3.02795056736886,0.840928654998606,5.49997083630888,-0.343137194076917,-0.0448337357447599,-0.789925992019562,-0.450775343138048,1.94011519604373,0.690333378847299,1.63379410660855,3.64682170675405,0.929183923154596,2.53368105633945,-0.295894223943378,-6.24889336966271,0.50649945965597,1.92205509617588,1.43563463977353
,14,1207.57052780969,986.946773562481,1197.41182167291,425.962507881374,232.505835727159,387.568034743051,42.2878457788238,65.7873952181908,4.66410422811941,1.82204818802256,1.80357988075093,-2.246989553601,-2.08123231724085,-1.8838968602231,-1.19695750210576,5.22028775232184,-1.93138956928806,3.3033531273968,1.48188558643096,3.43295104695881,4.88273237863223,0.694767085612511,1.1356317217469,-2.10667408904374,4.23240517332988,-0.670612398476806,-0.290106487681442,0.0482447400113415,-0.657320110449746,1.64747019174592,1.15452298974151,3.21287844737162,3.97854568521916,-1.79251592651235,1.28529648369795,0.688690305287309,-1.05678957477357,1.70563583575313,-0.28988765845952,-1.49286150304761,1.04746167773374,1.51179700067814,-2.47521898112427,-2.49172851886578,0.492962057641762,1.87137716385041,-0.0949435965458179,1.17216596649951,-2.01649888953762,3.32737290413115,2.92709783749115,0.860065085257247,0.387469841973598,0.886661237736917,2.26570919667029,-1.4551417171765,4.22563600103376,-0.309850965128589,1.09312777460991,-0.414347617534986,1.39335414177049,-0.495988049493008
,15,1358.54459349074,1106.16713822638,1314.00248058466,600.799578066133,405.653485051962,582.921976293682,85.8313714751089,125.718897626085,3.60446742996737,0.729251260024284,-4.78449004822141,-1.83170572021527,-1.33336648805243,1.84563211470959,-0.673406156529381,4.06436324977358,1.94497570877456,2.86535221864324,-3.11414084203125,3.94805191758223,-2.60375722135541,3.67653130637154,2.47263128211034,-3.1468673567415,-0.782350151367154,-0.343999302049724,1.70342276194697,0.214527772953261,0.325544812553289,1.92429821173755,3.99855204030155,-0.260081798627652,-2.45019147212679,0.317711931439135,-1.36767905152738,-1.67506750792336,-1.46689262080372,7.13100329659392,2.5865463353316,-2.19697852152694,3.07405462744691,2.05466980514666,0.419536166367834,-3.72207674457559,3.48371725955803,-2.46801625903299,-3.62854418316783,0.1413981839396,1.3302790203411,-3.49281244644681,-0.600503445716186,-2.43890582738777,-5.42798319386293,-1.34421810211052,2.00099958865167,2.35762839386871,1.32165519332329,2.89312808349223,-0.715311175641091,0.228451438453249,-0.368432453101377,-2.03347155142774
,16,1467.57312288963,1193.46775023776,1407.9200675682,778.1141061711,595.005906415631,797.614396858191,173.500216412743,232.284519949205,5.90621916456894,5.99140063555842,1.45401536827285,-0.326814603185539,-0.886829567843961,0.100572649531841,-0.438273103784468,-2.85359359959193,-0.373805992289817,-3.83429752222855,-2.89060990253074,-3.53217255580648,0.6501678317195,0.842184750407341,2.99674921816904,2.24559297251744,1.86985174401343,-2.39293957698374,-2.34375476682908,3.097642917337,4.7867246032406,-0.0955018635527267,2.83736692639195,-5.37463906776111,4.66991043072858,4.02958698142265,-0.370604164637825,0.332514429589992,-0.827338214291558,2.5657462271206,5.10757299023726,4.97511110029382,2.61912971476841,-0.342667520852956,0.66103789703584,-0.842464297440074,-1.13840632869824,3.28771776024269,3.22164456173005,2.44522331571079,-3.17576444309452,-1.54157390490445,0.309980471325161,0.641672813142122,4.56110670855696,-1.57931106259457,-0.141352081142941,-1.91651913479382,-1.84467907839053,-0.836406546675789,2.63562440296619,-0.0748784323800464,1.42653390272744,-0.57764087911255
,17,1549.66241867138,1257.78533256801,1469.8221050057,923.0185455403,793.496539304606,992.881497926397,290.708063905539,407.591324496559,16.8208134495394,8.90381787202978,5.70988861808291,-3.77180499826136,0.911668100011866,0.784170599496065,-5.54716075047691,1.83363188953626,-0.0946306890923552,1.43809145124078,1.3495842384018,5.18872106170511,2.14362075447934,0.16123152943328,-0.338676284640769,1.11356381259247,0.29541022814783,-0.701455116761281,-0.980896936237968,-3.86638811176954,-0.164178375004667,-3.33766933194147,-2.28786453823022,-1.14093585911132,-1.86357323499351,-0.213913481503823,-2.48571855917817,-0.298054064791359,-0.331505761132576,-0.200550460122486,-3.54225007838659,-2.14996688164865,1.15352279452372,-0.981237892256559,-2.14266060767068,-4.72362997466234,-0.431612202446559,0.891006672941785,-4.52641960958363,4.95951585035891,-1.07620077248657,0.276904527184342,-1.6551926613588,3.15856908068918,-0.151828427487544,-2.34057253027049,-3.29462935503398,-2.67240196467083,1.26500767735024,2.19483694751398,-3.83330338043424,5.20258822446021,2.47341531152551,-5.24022427862565
,18,1597.79197769108,1304.61506049772,1521.26417085424,1029.06655370329,969.103376809783,1149.54987437184,464.443539174488,604.848584941764,28.7733855794777,24.709816825371,13.5249924726891,-0.743232763788455,1.3584397337986,-2.56108733888505,-1.6088902680799,-4.12528516632256,-2.24266013928218,-3.93445704939677,-2.64036595298376,-3.73482390833897,3.4030006948592,-0.346982082970499,-2.82101059011393,-3.24706771613774,-0.792794772515208,-2.81517464094395,4.45296833633984,-3.6340695899562,-1.55783413612517,-4.56917229494184,-1.41232703807327,-8.70971816392921,-2.61966794309092,-1.09673472090071,-0.121322878439514,-0.00976607897700887,-4.90198197157179,-2.37489636811324,-2.54246108643974,4.4587197620358,-3.37019436295122,-1.06658706328517,3.66772879822793,2.97530456541426,0.421122012251999,-0.0986575001857091,-3.34639150073008,0.700153303533625,-3.62442593554215,-0.0426255070265142,1.30518529427081,-0.0992149511689604,-0.308742330701989,-2.19343046557833,3.17712195782724,-4.76731695664785,0.581422523052424,-2.88541512015627,-1.36003189817347,-0.482508174769009,-3.09479490302647,-1.38032949378248
,19,1644.66522820101,1340.36853535681,1556.46192082703,1089.31321729207,1104.13450252607,1256.85479416869,638.909238497172,813.540997346749,50.9893843027321,53.5618369480108,23.595473231253,4.10795908570026,-2.09548211913398,-1.51062015271555,0.909002913918812,2.96331467592745,0.767484791594143,2.93910458428172,0.693884621078723,-6.8049657327133,-3.07380456770079,-2.56578987284092,-0.853355756110432,-1.47983701731482,-3.497785628364,0.43750255912164,-1.9839133767191,3.21307107619987,-4.40967287917829,-3.32163083611249,-0.801603002184038,2.30960000002733,-1.27792938398488,-2.26923519652428,3.93238781604487,3.3366120286455,-1.63744333622162,-4.47399336531498,4.41565370878152,-1.27570142212971,-2.1330983848502,0.00097919095924226,-4.91313241580656,-3.58518767896976,2.34782179997774,0.811908164865145,0.93040767100274,0.455194271292839,3.64519753142349,4.7289353844476,1.85901466045152,-0.603909122509322,-1.86007340102697,-1.18255923731567,0.626216455732902,-2.92428636553632,-2.0343968607267,1.58935608988759,2.29100040152389,0.369528668077692,0.182927762248255,-1.52834832930739
,20,1685.72615872067,1364.82199489854,1588.19741556114,1129.66540965026,1198.17757626895,1331.05303553427,799.834627490562,1004.79812291515,91.7053346068669,95.5062135569042,71.595680747761,4.14201434790266,3.745743578982,3.02034140956084,-4.4093777495259,-0.291681135174713,-1.4475247872183,2.43655059478533,3.1753118074148,-0.369251173521207,-0.108297807457802,-0.462921936318253,-0.198913675909807,1.52391572790339,1.13802281982589,-1.50693480396694,0.0612583375036593,5.71495764940073,1.67994972196311,1.23470104237549,2.6329040397809,-2.05662872554331,0.669643777333022,-0.488349848629696,2.05502363586584,4.04387568310722,-0.0919534305198795,-3.73493596992103,5.26950570478675,4.77974170109383,2.53261938288233,1.66049849402452,5.34603306012832,4.58558502035294,-2.98487286951968,2.68130312685071,1.93866440688043,-0.470827002890474,4.29974657950106,4.09293516909656,-1.81230857610899,2.96361898370424,3.61419839384598,1.96955756725129,3.44665691419186,6.44102307557387,-0.0542672197311731,1.07553926686978,8.58360768978491,-0.786876254694107,5.41723354078476,-3.40711057132285
,21,1721.95291311548,1380.61207768871,1613.22983836992,1155.48957997703,1258.79652758822,1377.69146442564,926.836939236661,1151.56811755862,166.004477075611,176.362456448384,133.800976379273,8.20734860340372,1.96044908118347,4.54507818143929,4.62105165538742,-0.619377431957219,0.643765110888125,-1.53335641849617,9.07001358762955,0.487128437183401,-0.505641159153583,1.44214561694525,3.63373234565097,1.24496161991692,7.4000817096894,4.14981398962345,4.25982338671793,4.37045499641363,3.10883989342392,3.83543996913295,2.39178302386426,0.88991041273357,-2.6091466362609,1.59605677702439,5.59816946589126,4.72629249139527,-2.86469923176219,-3.86210783914566,13.1087318268319,10.4035317711955,1.28941609553931,5.87924295290532,8.38451016097315,3.85412249035107,0.899881601561447,0.179845531174124,8.35695650212483,-0.215648697733741,6.10991757115335,14.091141519245,3.49533632395423,5.09953027659913,8.61540572530839,7.14328198347948,6.94965485281409,7.93012587638395,7.00777325322952,6.74712556173472,5.80321858041498,2.42805857325857,6.52988601298148,5.80751321329808
,22,1752.32020170758,1394.91411370562,1637.8598439266,1176.07106969053,1299.4425169106,1410.19049917404,1016.37492662866,1255.46456625068,285.296293304687,295.817950722776,240.395576020519,23.2091924150582,7.39584054858551,13.395491729565,7.9296331622304,-3.36135467938175,4.69283818018903,5.86854803757797,7.98155106621925,-4.94323981496336,3.07765377481655,1.30127928303318,10.3030868972301,5.4041269949048,9.14856723529419,10.4253265156372,0.0572556110082587,6.65118704088445,2.70102374427734,7.1728436235544,9.8963216952925,-0.58627054275621,3.38360806532546,6.38563233603736,8.60493737942625,9.37423669421378,6.4417989044091,2.82462071060581,16.7476600985156,20.1100505796417,7.57067594251566,11.556912473498,11.9888994200355,0.971712379674955,2.5409002939964,3.95542231534591,8.90632552112038,9.35031964988048,7.50114601447513,14.7835233453811,7.9911108399242,10.3215944623198,14.1299203849098,17.8318358117135,14.4191882884897,9.02731138288482,12.1919531962526,13.9802035720827,19.8427123299111,9.74103863175151,15.3375396804881,10.4544786071474
,23,1778.52932088134,1409.18058814647,1656.77787532779,1188.02187902771,1326.94185151396,1431.59102107697,1079.70750372253,1325.21731240093,454.828665238201,477.667586453732,398.509017915052,39.6148925011612,28.7685494666189,26.9982395172187,6.24717421216883,0.905669927187319,6.99484106646969,3.85520784775281,22.1207857867998,-4.82227729524811,4.78181965127123,1.09314753240142,17.5750771209741,5.6771636964304,20.452350365802,13.6663312529786,8.56212568471847,18.3566450963581,6.28306608166031,6.04485084624912,17.1514012364391,-7.53876620371511,1.02488161269548,12.210711352594,19.2126326541925,11.7498952806641,9.3005204109586,6.70047374306296,30.9795985164424,38.3494726518111,14.0872444462898,27.0015688801218,23.9023365843573,4.37725214470493,8.23655560118459,7.97821358802821,21.1007864136118,17.3910921988627,20.6008062559326,27.301986976428,15.9907462166866,14.4411154422614,39.756217439543,28.2838165773851,30.2893480188991,18.2091985192865,30.1364359203717,25.4676640007597,28.602714532014,23.5643669665556,26.3492313816359,21.5068014040462
,24,1796.98738935718,1425.33218169662,1675.74385796764,1197.23290682957,1344.58089698115,1445.56452115876,1123.19344330925,1374.99207460058,632.2428186261,670.063947028754,569.357335459335,73.6896053566174,58.6741796966421,57.5099829981177,16.2222800535314,2.38861924336061,17.2775516766801,16.3743559318782,46.906129157207,-9.24438316550822,20.7819038694233,1.97337049823727,38.5120654660341,20.1528161248789,38.8191744825162,30.3762413594204,14.2948317993569,28.9982712910341,15.7847313426191,16.7451452171358,27.6869654637103,-0.628196675126674,13.7881233475196,25.8729839906327,41.5806467205775,22.5912400671973,20.0612416374261,12.7294520511605,57.1447896046861,75.3615880117195,29.2283296636142,57.9233302339185,48.9562923150174,14.4624377857635,20.8364270724601,18.1839270956007,43.3374504500366,39.1360639382328,33.6874963648129,45.8847209519204,32.2477695279836,34.2988863952983,67.9813663858117,64.137739039345,51.5804327635683,30.5936079594853,59.817596340491,41.928826543266,51.8820034947917,39.9466397256274,53.6002414662462,49.2057466200099
,25,1803.86162563386,1437.49309243889,1691.07294018078,1201.29308205193,1355.39744842109,1455.17471606788,1152.70586374141,1408.92947761371,804.799872874116,855.475877297093,741.142174265707,133.380694683585,108.483361277013,108.462161107432,29.5592525318948,10.0433376744413,35.1366014368464,26.6755516935314,78.3487479269184,-5.42051061285156,34.7345885687414,6.32098046891588,75.9006208407195,37.2172042421553,67.0322039835423,56.3564923398435,26.7379214439052,61.0130955905679,27.2702607043238,40.0096906846829,54.9893042201224,10.6946527818141,24.7543708800317,44.3416932985797,74.4803413039654,41.469099766563,32.8316596965628,28.9066832020253,100.417810738164,130.151440341378,54.9507751768133,94.4120379582077,86.3128923148233,28.1998784139555,39.9503494753217,37.8568181301116,74.3175807768539,65.413441678952,65.8505259220569,81.9438585860771,58.7980063267482,60.3552462533598,121.059272289719,111.375468850691,96.6485504015996,71.5862730169424,114.167813414701,78.24071531043,89.7349773533451,76.4431942126776,87.7830718085397,87.2108008196992
,26,1803.34511978907,1446.59970515781,1706.84037524747,1203.94045267305,1360.55630156004,1460.06808143799,1168.8847295192,1428.69718996681,945.774309065365,1010.26805211727,889.366114564225,224.960275108248,192.139062872119,187.340001946384,55.5130637424422,15.0974195394174,61.4499124056301,48.5829041798038,127.882793868923,-0.232010292930681,66.6873517411873,12.4149339711053,137.079057039899,69.5494921396589,118.273875149349,101.898031961265,57.3913133679284,108.231266589586,41.7488606437464,65.8746291218031,91.2455206704549,12.3939776808206,45.738525754341,80.1257312307121,135.48839601532,69.2750159275506,66.8446696544002,49.1151933461888,160.206189487671,207.875906074812,95.1691630631594,170.143172457796,148.877348546699,49.9711326380739,74.8566349898847,56.2167238619527,136.138006328009,124.58999252493,107.912831310449,133.08600623335,103.977531438492,104.555162941373,196.561213268199,188.559251020679,172.109720032856,114.640495517162,188.657130101696,136.87189264379,150.943743017957,135.074391095346,149.904475496618,149.923851169626
,27,1800.08975636244,1453.34432991721,1719.3085113942,1204.40891444366,1364.19722661224,1461.69735339778,1177.869991432,1440.27780271993,1046.46660236564,1118.75623148662,996.835019142634,378.507088700102,323.725548717537,303.72610585568,86.3239461867429,25.5218305291901,115.518124935745,79.3252592528147,217.629267973098,-6.97657324237434,131.802859465552,27.0016369338268,239.269892409403,134.191449537141,203.649266640069,178.895435241132,94.9752701984921,182.324468479573,74.4898925203006,117.668469523072,148.42814072211,29.5188093156808,88.305333284778,144.557939203746,231.37849959515,121.394545454913,118.21393245365,83.9889454526192,268.32144044707,337.315041084991,170.649610406508,273.943448043843,243.697639445178,89.6116539981163,131.872716053892,102.185860429522,227.642374370335,216.614317608104,181.036373976893,227.947641301148,169.598459458125,166.767825122132,334.4717131407,304.498510500282,270.518657280566,195.426359106752,310.667993091035,225.160704042962,244.054153992944,226.52729738638,238.702135306283,245.170192635087
,28,1798.14674923149,1459.61531661635,1726.02146339962,1203.81312204846,1365.7019693869,1461.12928454046,1184.09777651635,1446.16847028659,1111.66294846111,1189.26766049155,1070.49284328648,546.687709501465,494.401729801505,466.124263185631,152.019140761318,46.9368657791701,191.708169493865,127.634883193305,373.137942059589,3.84461030774037,222.717093485051,43.0487605561502,398.396376956034,223.016849664653,354.532948958686,301.54204095973,165.920863954508,293.782399959406,128.499661693031,193.777273476267,250.905737925008,77.1826728104611,149.135890976796,234.275865286711,383.879209709818,207.098370567952,192.926447442024,141.785715650129,426.176182357504,484.954390808129,279.031823825582,428.966472935558,392.244848825609,136.814470581432,229.390532210818,167.27160788715,365.97167793309,349.75334475697,294.55938380401,368.606232909792,276.877744546437,274.787525866541,496.236869703417,475.754091186211,423.652944506608,327.387046837326,441.95598214678,352.91896471722,376.857962196724,363.948318041393,377.341831280988,365.198978678664
,29,1800.16429690096,1467.8951627087,1728.45474914885,1202.37749001284,1365.74066703851,1459.45398825042,1188.04996400595,1451.00014253368,1153.30253561236,1233.9900119412,1117.35983974028,720.229321560598,665.098937897737,625.095263072397,245.596739693483,91.1005783402948,344.191018934782,211.50752904299,557.979629977522,23.7763028384888,382.085521632872,83.0125598844502,580.125214878959,397.43913541518,534.784479782855,497.706986257066,278.007971430566,461.336076092007,217.376946401608,336.301314513956,406.858124819483,113.619284693903,251.186435196588,376.300773257136,550.160347298823,329.734787487776,323.14035213204,230.404803883609,601.872581339754,647.358775872444,441.528095364185,591.025944492032,557.469652741319,230.345280813762,373.609600242702,275.140198669997,516.973849107681,504.125065193305,445.613383074511,534.690215748592,426.091704243246,428.02779320476,680.391064639071,658.128620606335,583.906818662648,475.854420220582,571.511269076757,488.649905725302,514.711290818262,512.781686416306,523.420403392152,481.84015987477
,30,1800.31760039795,1477.22499592199,1727.50959411449,1201.6639617789,1365.12311692913,1458.95607672102,1191.11343263115,1453.48216639834,1179.62072765623,1261.69772958664,1151.52719487224,870.826249610702,821.048488289923,769.7560174056,397.681601311102,162.599511609349,528.441537050336,354.63160761377,769.100379304608,31.8662814404315,561.550370187309,144.285025226993,775.90610313661,601.931268238028,745.210017760041,715.478046469933,442.642660410825,645.730534398832,378.112467324333,512.21669345471,577.230967110269,201.205630934272,399.334418264799,531.157719453724,720.853108125785,470.568594304592,470.326033760561,359.484981647212,789.546964473275,800.673925375047,613.854007294479,749.024583342345,731.652486693169,366.642402192211,525.938913628567,426.921777175836,669.862675554097,670.701953342986,603.176255168839,723.814713897092,584.960412797238,593.745926974047,863.053003077917,839.798521403644,737.701487543887,637.33253215654,683.981729892991,628.306153933847,650.438093689099,662.836039933162,668.37850841567,584.508292685485
,31,1802.83833730185,1485.41300612211,1727.97794904497,1201.15635132796,1366.45287619561,1458.27855182239,1194.40441793647,1453.66666642264,1195.84743149506,1278.18480711561,1174.91156692612,986.724234133517,942.675611159853,883.481397604452,565.445539100119,282.057647815904,743.014610739923,516.961885632697,976.781028388435,55.2526904286556,751.675638932718,252.98030369674,953.074813997202,833.892212559655,953.062172342506,944.075396118107,618.190760587888,832.785618875504,570.325511068465,730.384285040581,758.325377418424,336.934675424383,553.179450357749,695.160740306555,867.493788201183,624.224679518946,632.377440410704,497.719502663255,958.346333671434,923.499639252291,788.114147183431,883.046094168343,885.368004104797,514.89027454886,679.567896093976,588.654318835514,803.194029566773,820.566407164239,762.078012726085,907.980867240004,744.905652808518,764.505771808229,1015.31302299682,992.156761465323,866.271735284896,779.424172332276,761.123082014154,746.786238199643,763.478111260118,790.365917276597,793.669770544773,662.074803917381
,32,1804.6023633826,1491.58421020385,1728.96773597292,1200.71457768122,1366.64082295645,1459.01520799973,1197.31089503024,1455.02483584847,1204.38993499462,1288.9482484665,1190.28817904296,1064.06432837711,1025.16719209078,962.547796655806,738.444035086988,461.569325160445,962.984202296602,694.867633672703,1148.84484892348,100.53447039512,924.388745543389,429.367971383486,1088.77541241232,1054.80417515275,1127.9053610564,1150.7313561756,796.522456050656,998.012716765461,790.875591651629,966.709296746922,921.701337219608,493.923343370282,702.294236511694,842.849471461083,978.718568877273,766.13990076041,786.872005314262,637.673958744477,1089.01218532017,1005.40905397794,937.101986818001,977.634635263453,1001.78105905113,668.136569905888,809.298771506183,750.125085335397,898.29147215179,936.087194397309,896.644832219112,1057.67630400776,879.885196340999,912.181382959578,1122.99794794231,1102.89399687722,954.743511123971,887.570166619556,807.990576500911,835.62250001238,845.03669257602,881.083984922629,885.011080510704,709.922919149729
,33,1811.19262737733,1493.74166460787,1733.32194504186,1199.64215037066,1366.17592675298,1460.61758685853,1200.49713637124,1455.57676219022,1209.94313589275,1295.43601760731,1199.43677698238,1113.9740692546,1078.84089910355,1012.61737019134,888.75574108014,658.809156564996,1148.32465306045,857.232912536082,1268.29303021535,152.068997860181,1054.86703689569,625.979037666019,1177.38327127017,1232.66242373937,1252.47428241512,1306.65346843268,948.080600518766,1119.50361598365,1006.02457971249,1186.53134937569,1049.48089780526,663.305271952727,824.520909795869,956.486696310034,1051.878800456,882.182307265791,912.474211025024,756.136624274414,1171.57428558456,1044.05050817492,1045.73679166325,1029.33142756308,1073.48675758488,800.332637321755,903.489763633857,886.900503906813,953.148802194809,1011.16706650356,995.251304277658,1160.23117811884,978.546717217521,1024.41827638481,1181.97969182675,1162.94980877726,1004.53815947806,950.373849371873,829.851687496702,887.777123368694,888.902545995864,934.218779582523,937.132469068806,728.760591147165
,34,1816.286636837,1498.49837407081,1741.05897686405,1199.06828166326,1365.3917553225,1461.9838368559,1200.02926480389,1456.97778329087,1214.95384345095,1300.13342902489,1204.68173334733,1142.90435702521,1110.83927671546,1043.36573320944,999.476191986643,861.002500703863,1282.62568664955,987.936565728257,1331.56860007366,213.565843625194,1138.41476333936,836.996461792485,1223.5113393914,1350.86021528466,1330.08235491495,1404.84945383796,1058.13062780932,1193.84975227177,1182.35683480413,1360.6040712866,1126.58427377899,824.473117169032,910.556706314008,1026.5808184556,1095.1540832877,958.580940650953,995.264340781085,841.221792554228,1207.67915399483,1040.76800307351,1110.83710362304,1042.78922005496,1103.82412354083,899.93054726942,958.97784485707,984.014437356126,969.097727370792,1046.88746377266,1048.14886456856,1214.27171849207,1033.1047087769,1088.59546339011,1192.69656696527,1176.94578756177,1012.39974894895,974.211878316831,839.100981222477,904.234758066781,902.017074137792,953.884681343449,952.96695909733,726.828968457898
,35,1822.53969739037,1505.14489466058,1747.92460967241,1196.50286437441,1366.21336659058,1460.8153617342,1201.03112399418,1454.11105305072,1216.09959621209,1300.74297673946,1206.99396104536,1161.07739173845,1129.51143533862,1062.88858518488,1069.92202287697,1033.15304598905,1358.66983632007,1073.32851435284,1338.83232570235,266.988572926737,1175.49998751342,1024.97716498559,1232.70824998877,1411.95655544242,1364.1510509562,1445.92635668031,1116.08151048336,1217.86506111119,1302.62930623751,1472.60914957265,1155.49634923561,949.431915996957,957.985139512561,1052.17738627957,1110.4255582356,994.262980619966,1036.41423206588,888.225209172754,1198.36279300082,1004.64117349856,1136.09181593693,1022.40062419922,1092.56514670627,959.603650779569,980.606970812516,1039.03707268654,952.193737073572,1047.89946255342,1056.45669883292,1221.94116305371,1046.75778363367,1109.7764530847,1168.68731035202,1148.99113468287,986.958085585786,968.777462596061,835.395898166532,890.684540276846,888.055193217271,946.990592836465,937.064378693225,705.462184130552
,36,1827.46661669124,1513.94927407842,1756.01553177752,1194.40977959812,1368.83361331522,1459.15701294392,1201.52979314314,1451.77414506004,1217.75324632118,1301.95185234896,1210.02390364287,1171.0408120906,1139.98688920647,1075.46194765217,1106.52245144396,1157.38860291502,1385.82754963218,1117.28702603125,1307.78715688017,312.810073145982,1178.16175949042,1168.92450852544,1217.4159062945,1429.0461060695,1370.03667068286,1441.2241470043,1131.3290085331,1198.72674359408,1368.7331039571,1526.16970527426,1146.19542215108,1033.65696154886,972.565945589453,1038.66403202163,1108.10903204212,989.609804527203,1031.3080501273,896.481415778402,1161.37588926244,960.173355465362,1132.47667476308,990.541959068346,1060.4184112079,979.567497826073,978.066439305831,1052.507887385,920.292967048476,1025.1226300421,1028.45540458062,1199.24409787937,1028.05310873313,1095.6586684002,1126.35504420938,1107.08099749459,942.081801608624,944.490133054171,826.190160214307,860.351817059077,864.09367290501,924.604736027391,905.43390448329,682.016710835317
,37,1835.146728124,1522.81115348243,1762.64972090455,1191.15366948669,1370.26844388545,1459.58233074046,1203.60880450737,1451.56483069239,1216.52325434894,1303.32368392386,1211.19901156376,1178.2825639129,1146.70798557495,1081.34056642338,1117.42215942975,1232.33580747959,1377.50378864394,1123.68499337612,1259.71434637501,340.754874208906,1159.91942745707,1260.26628607137,1189.55152809181,1412.46153095877,1356.11220983522,1406.04242455078,1114.5127444402,1154.80205449656,1389.75421952901,1524.41185266875,1112.04265964778,1062.13412232292,964.82844546931,1002.39042967759,1093.52648478781,957.911827642648,997.678200941069,870.722123718762,1116.05691197429,922.752014511888,1107.69871741815,958.609435532839,1023.42780713566,967.231015355264,958.940578255432,1036.47480488399,886.073267841707,993.908871674974,984.765722304724,1160.64455267703,995.433098535124,1064.86836737289,1090.71014035445,1065.4296223152,894.829757115274,915.332599872873,815.098818797229,831.612470176629,841.253271856623,896.736103895273,875.195196208885,658.829829227731
,38,1842.79192405397,1528.81540198001,1771.93602666458,1190.34375574065,1369.17360567897,1462.42761767587,1205.81018252905,1452.62903898936,1217.62172041871,1304.57753357886,1212.97369174656,1184.65792407289,1151.18019876824,1085.44247329553,1108.79476348774,1266.53637668927,1348.0515201324,1105.07704601321,1220.63909854168,348.735640366069,1133.74721634773,1303.46989752017,1164.36525015213,1379.62395169602,1334.05227443933,1361.82383918507,1082.23995565315,1109.78321098015,1382.28631479367,1485.06226458157,1076.08687682006,1047.84718127147,945.424051889459,960.852625097476,1078.08193060875,916.485579691783,951.444748434182,826.626833569596,1081.03963198668,899.623456424618,1076.43995556196,937.788161769583,995.294778928703,937.547699108913,936.003243481637,1007.15182643535,864.360626530435,967.776130952533,947.167820879924,1126.60513453703,963.911383897039,1035.08452601326,1064.51385874813,1039.73796106438,859.314843081434,884.507404839614,807.171471523862,812.251508542978,825.900784577949,872.508671511306,857.148981509475,645.8309665395
,39,1849.92540487092,1536.30729449307,1779.80013467717,1191.09635134397,1369.41781760399,1465.80670580977,1207.91980585735,1456.41941726481,1217.34557126345,1306.89460089331,1211.52291026095,1188.70945452496,1153.6787928665,1090.1527219047,1092.46557602171,1267.9987089019,1316.20559090736,1074.02326468296,1197.90479320811,339.194183245293,1109.65361443833,1314.17139820941,1147.42349680777,1340.21308243901,1311.87460072008,1325.32929382656,1048.80310024278,1078.62371090225,1358.69670443658,1430.37859965655,1046.87944869362,1010.39266733365,925.061430755075,931.28767122014,1065.64822955418,881.833913668705,917.385844557831,786.478700411653,1056.56910740991,883.050568182513,1050.92268274512,923.772000699347,976.430761128076,907.360787633919,913.236507478461,983.469488062181,847.706673181829,951.205284865655,920.987694862352,1101.50643987827,942.196703203656,1010.74904586723,1047.46340890224,1021.78795996985,834.565271745674,861.699702434696,800.837245563938,799.725946771048,815.685748140334,855.768909300523,846.901022560409,636.836100033083
,40,1856.38899522733,1540.82787771852,1788.47801750135,1189.65641576964,1370.72995672138,1468.14011523448,1212.16934351258,1458.65597446717,1219.45480053963,1307.37811711811,1212.45710121258,1190.41555637669,1155.49888942678,1092.2896979581,1072.29836281038,1246.50767077787,1287.40120796972,1040.26515586319,1186.05413728789,337.923965139429,1090.01052115226,1298.16960356211,1138.10071216687,1303.05580589012,1293.84529472674,1301.32881454856,1022.00514349237,1060.22574589602,1328.09183877896,1381.77802730635,1029.29928899116,977.121761419923,905.902176484362,913.070742943292,1055.87094867134,857.028987824899,895.440508980396,760.754729849024,1041.70440604314,869.676589586913,1031.36142631271,914.394404774461,965.181408492184,886.977012559129,897.020731787517,967.332065047011,836.501243444506,940.555620859252,900.811817342362,1085.18639580871,929.763618737376,995.025677481978,1032.22060771485,1011.75460253979,819.670966467774,845.294691253409,795.483170846348,791.217697791299,809.509704586169,845.063926352554,838.136728883477,630.825940623483
,41,1862.98835005041,1545.87365506503,1796.35463013587,1185.75729201493,1374.43600014881,1470.61391745995,1217.39472887143,1460.71291982725,1223.34537004896,1306.30375232763,1214.86602556354,1190.8305154147,1157.08204776113,1089.54288835816,1053.24739010344,1211.68215854102,1265.65178656718,1008.52889825162,1178.15494189761,353.747240416755,1077.15492041014,1272.31246165811,1132.78224850316,1267.77129947239,1282.1966750704,1284.10291719835,1003.9596913035,1047.91079226576,1294.26159265179,1344.07880571742,1016.92681712955,952.826088496008,890.138657857288,902.69591779239,1047.26634148925,836.350830814587,881.044392299671,745.914083904373,1030.81747363166,857.037622924507,1014.86761859885,908.819594296695,959.446025735598,875.721855089907,886.016622680774,955.168107448423,825.392602728876,930.238547316655,881.734072984605,1073.37394314962,923.789739889943,981.984631699593,1018.1242530017,1002.24635803195,807.235768171405,835.139067878843,792.356786405736,784.293151059124,806.199980214702,838.385269268418,827.551794733046,625.769948826232
