,Cycle,A1,A2,A3,A4,A5,A6,A7,A8,A9,A10,A11,A12,A13,A14,A15,A19,A20,A21,A22,A23,A24,B1,B2,B3,B4,B5,B6,B7,B8,B9,B10,B11,B12,B13,B14,B15,B16,B17,B18,B19,B20,B21,B22,B23,B24,C1,C2,C3,C4,C5,C6,C7,C8,C9,C10,C11,C13,C14,C15,C16,C17,C18,C19,C20,C21,C22,C23,C24
,1,-3.6151830357926,12.7961170017829,10.0994071787022,7.73123740002666,5.98002523916193,13.4944602288347,12.4240747154472,10.4523968951703,11.8982901332847,5.37996878821787,7.98502060931241,3.40016473106243,9.81719891587591,5.88163171076258,13.7481693723007,-10.679358418201,-8.80038105936592,-20.9042624490221,-18.3394936903765,-14.2877200220873,-27.3864085556193,2.42338490210523,-1.79548866150844,6.28921056775744,2.96195629332124,16.4311874131909,10.4292442920432,16.930078497614,2.88964324815834,1.3123999013651,7.64432910025016,4.248697143546,14.2461320700068,3.77979973226547,0.47128491905687,4.74898995417971,2.85947080240521,2.87353951489604,2.60339045750379,1.92132156415892,4.95756877867234,5.27829620996545,5.83630370142191,-9.31531948748443,-7.17143454914458,-18.5988517884662,-4.67801084708526,-4.44618992663254,1.84528299099702,0.0865005101331917,15.0291666496969,-13.7554568736823,1.7453053541708,4.4212874066061,1.81522999672143,2.26825801821906,5.37228713247941,-3.86903667023444,-2.9389908025455,-4.27080959384875,-0.620798879224367,-0.935255840872287,9.48727570976644,8.62242051425119,14.9684236382964,16.5743919510342,20.4222779663464,4.9468079744538
,2,3.92086990020289,11.9074402294518,4.32646655696908,5.20477839315981,8.81042334234235,8.34991039364149,6.38094402787283,6.94542839899941,7.21570409904416,2.85673891226861,4.1027946221825,3.47865722759389,9.53469747566123,10.6011358579653,10.2510984743017,-4.25319792337677,-4.99137868696107,-8.8101904666164,-4.9578783996476,-0.908001677898483,-13.526698616603,5.26609916622328,0.370942352584279,5.81221057660196,2.89309203748189,5.74276782737252,-2.10941460116373,9.4753338837445,1.46777982668345,-1.23795464451814,-1.17273689241256,3.48228302856705,8.18478265673548,1.13830609427441,-2.72715603821462,2.95991928853255,-1.92056371225317,4.45834625115594,2.43981664297007,2.7761457615461,8.43889292676022,2.91101192267843,0.985159445524005,-2.83591947926607,-1.4619751996097,-0.703298869629634,-3.02951655483912,-1.86687471275582,0.389893459120685,1.2601284948687,36.7120930700021,-6.79678562875188,-1.88910001652903,0.547634440265028,0.85890740260129,-0.435437371591433,2.89507324500073,-3.38023983352377,1.93655003874846,1.95154261264634,-0.662657455929548,-5.97820124231293,1.51939389724703,6.24012582797604,8.02378121244692,9.76819375777995,9.14225576776562,3.82909989547852
,3,5.56068218342625,12.1593874167461,8.46439095093228,6.98001798200448,6.83546826777592,5.36881133725728,9.44568345965945,7.65929316033498,6.35136019622814,4.65674322314089,6.21329474738468,4.3150293268136,9.80741147748722,6.73545905965148,10.0898822194936,1.52377416113814,2.38904292184861,-0.690396460513512,-0.0462012664079339,-1.5268614946217,-5.86560579821389,4.75724137608813,4.74656127344497,3.1351147090154,4.13114770107632,4.54737397662302,1.48204867369441,2.08271254502233,0.861406104290381,0.365817956391311,3.20667275723736,4.71589757977654,6.69840823330014,3.23146002261228,3.91570799883948,4.53570896455767,2.41499122907999,5.86976870192075,3.24447455127847,4.37387595096106,2.97832701221296,2.60614760530916,2.99594079862891,5.60198854177497,0.750213260644159,5.96836656454798,5.74202978798257,5.03798806173199,3.56388793938959,3.91012081592726,54.2263962133193,5.56934441771591,1.46210759612495,4.04403139769829,1.06019037667647,3.75174845475885,4.09562689167342,3.91084024280008,4.77182563775614,4.97585332253857,2.57429723358882,5.62327877892312,4.29152928585972,6.25907130123323,2.90747335373135,9.28856211474704,4.36940952685427,3.5949670350069
,4,3.27947464535646,5.076328879632,8.63091904393559,1.9178990149253,4.40231962308098,4.69368363599961,6.96574182879658,6.12198338300368,8.39743538655648,3.4155590069231,5.93222259295544,7.79774878633407,8.73708391971695,6.52248626711344,5.87289640416475,3.91030906621654,2.24906695358368,3.1794313715277,2.05490301387226,4.79016787162345,5.42299919173092,8.47406451512552,2.84241585904874,5.78357572838286,4.05863148209073,4.93889236085761,7.22570906487545,1.94254171303237,5.73032956986799,6.56445692349826,3.86859625504167,5.84447816604597,4.70125805048019,4.65391341860686,4.07346368670596,8.16265410397318,8.46907081315385,5.58671758839409,4.40728892607694,8.72579683559525,11.4258245963915,6.63576018418507,2.03684784957341,11.9580118454915,4.25667529429529,9.1175985341365,9.39814223538906,3.13815583409632,2.45262218202743,1.80103527692791,69.4348812165481,8.67110200469688,6.22143395788089,4.18326029408809,0.309305873188805,2.70260313695053,3.25456207895422,8.30661272464022,8.27425308842021,10.8403374973286,5.74781863649423,4.19440109761172,2.88286546150403,5.66672837519081,4.09607948784742,1.0354973775593,7.42601435374036,5.86977685236252
,5,5.62096054363064,3.6875790607628,2.7054642025887,2.27005993112653,3.64430250243595,4.73202985633361,8.49631339305733,3.01622905235763,1.11798861629995,3.59746207356375,5.14490419961294,3.75001358008149,3.98448644758719,5.20824368091507,5.69357197133741,6.11747750728182,6.87506315162636,3.41175883710093,5.14739818721227,2.98503942614661,9.9968390618892,3.52482115824159,5.34188955867239,0.0660041997180087,2.07421428988164,-1.5933893936035,1.30140513212518,5.26591403130442,2.41204160686766,4.7183645344403,2.86428840738427,7.07089359517067,2.42835227575961,4.04800098287842,2.67339208456133,2.49686270958273,6.53458668705707,5.05980944020621,1.91560469004799,4.2354051113939,8.67813700075385,6.04943582995884,7.60229416926359,15.2583487859315,5.14248442770531,11.9912928955728,9.99359531585378,2.35239904879018,8.03159587603568,4.6329631743447,89.2147787426102,12.2833282551474,7.01778726897282,4.23270909999019,6.40395003654976,6.5563162945582,1.92465094106683,9.20431557220491,9.22865539597569,10.6712708164418,4.93881542028112,5.38573986752635,4.11021460293341,10.5464996240808,2.5902247455324,3.68571545475334,0.963132982085881,2.97262527411658
,6,-2.17594243010308,-3.84246064770423,-3.98126656389741,5.41435867272685,5.10780048085871,0.341508045563387,0.752759632803645,4.32526725124853,3.56590656203525,2.99043480330329,3.04709596957582,4.5529972946033,4.12280478743924,4.19756218347811,5.94203381420948,3.43065339898931,4.02155979428971,6.44506656850899,5.56621926216121,4.46779435154167,9.85664614428288,-1.86383973482634,6.43737762293677,-0.427808128676133,0.907876530342492,2.21872319411432,3.13359905240031,1.59858550655372,2.31981103331009,1.75593476442236,3.27236687678806,7.84562122043371,1.31208644054868,2.95985988741677,1.34305206848649,2.55721168399577,4.59003414093786,2.5927403661417,3.46394463247179,5.48171505176333,7.15196291547636,8.03664798718592,5.2137088806694,11.2556273281598,3.90374891469764,7.32311507585973,6.35124066617936,4.48471959894414,3.15379645211624,4.54407539930435,106.839722767601,11.7423932669021,5.62169296676757,3.6961540760376,6.43028157246999,5.8151215876369,5.03608386965198,5.9675685888069,4.92728227288808,12.0405648827923,0.457050103455003,5.56692137295113,-0.755589482039341,6.40227235421935,0.898839654264975,4.99555377419756,3.27823749566505,0.945366518574247
,7,-2.78734554789298,-1.79862468923511,-6.72533420824584,1.11909518146967,-2.80441551149306,-1.16752006016895,0.114004051687061,1.26538505840335,0.318356363208295,-0.38852031751685,-1.86514618891169,1.21135324180341,4.30168912244972,4.91781719116443,0.0937028386183556,5.14816164334979,7.33163328198862,5.3907743221348,4.33990116539371,6.57071688493306,11.6964046871358,3.44182083168744,3.12839571536824,2.8154576731763,3.98334837739276,0.401623953827766,-0.120290162738456,-2.02821050026887,1.35831542392998,2.86692451159843,4.77040060057789,4.26276575392012,-1.46285923986443,4.44399955748258,2.21629029726228,3.59094204554822,2.68983612287366,4.83035224102878,4.38006583466449,8.01875560644248,6.18034731451689,3.37820725958909,0.787538713793765,13.0571801823976,9.27376679517374,6.72061870965854,8.44446665136411,4.66244716035771,6.14393060827751,3.88255230935465,118.260641642993,12.5653155231225,5.88197747622917,6.09162347081929,5.21304921038745,3.10417342104847,2.09139537798001,9.4541003949239,7.601423819297,9.80630885638948,6.37249495322567,9.36241481901925,3.76391024791656,7.16942643450784,0.662680498372993,3.34493835873946,4.3907124211687,4.73210213418406
,8,-0.583032691439257,-5.03070107348503,-2.76137886465722,-1.13030192462929,-1.06962314441716,-1.75812725493552,-0.195710181679715,-0.820157378177555,2.83468983473676,4.07142928401163,0.817428636283239,-0.104118370697506,-0.787431867124269,1.99980453831677,0.911025692408202,2.68311962472535,1.93167420785585,8.30166033048363,1.09922114525398,4.2168967601342,4.27047660088056,0.332058652583328,4.35587574679812,0.218262633481118,3.1485265332426,2.98419361542892,4.33210335467629,-1.15851638373078,4.43882044811244,5.07325458902687,1.81797398977642,7.92754338054829,-2.07037600334434,2.45008560352653,2.41477435537536,4.04537508787098,4.53049365639799,3.81756870983327,5.76775836173238,6.46380467067183,5.21144497519435,4.16323692861806,4.22324333782126,10.6510801955096,4.60632679159153,8.34019002319246,7.04270606832642,-0.448002922869364,2.14911608220564,4.60046599957059,135.762654366863,6.91173373219999,4.83743891538188,3.00632449644672,3.60079924957063,5.56342964213763,4.17124032654647,3.86969703730665,2.81295088616298,5.32241169383906,4.36168721465265,2.48623424498237,-0.672372954473303,6.04774931373368,2.54288088675867,1.39303041719768,3.00637593988722,-1.29684456625228
,9,-2.52957699470562,-3.6395417456165,-1.55894039190116,-5.61150749369972,-7.16379228911137,-1.32280563805489,-2.99984475184328,-1.55139332224599,-3.80330577248969,-0.0765151292835071,0.958416850844515,0.602318957113312,0.491232177314942,-0.915583832562334,-0.636516316410507,7.68277321844107,2.4207825170356,2.54585510265179,-1.51266518984539,0.749835837571027,1.2625278292212,-2.48930525547303,4.92602041658756,0.744143795513537,3.70884334513994,-0.0596024586338899,4.40587220523503,1.98328942379612,4.00835828432673,1.82947361675451,2.55059124304216,5.64364588336775,-3.24996856306643,5.12344762693783,4.40067530652914,4.96877701015183,6.32229285498579,6.79170285542568,3.99390348454699,4.62075389589609,7.95384332175536,1.0745673863612,1.75221668418226,7.20699917627098,6.12716615154841,0.912889520154749,4.87467903184415,2.93529376907054,2.70429402888703,2.29397062249427,147.764666681061,9.15540734577326,2.76337422203596,7.01245355887841,0.573444217247015,2.99524507579372,6.42256991243721,0.516643472062242,4.95308757324847,1.15258704024291,3.02049167051155,5.39477950734863,1.14859345626837,7.13074840539457,0.921545147560209,-4.55763830219939,1.88012523794259,0.917332854554388
,10,12.4562023296226,8.99594540828275,-0.0204484801629405,-3.40998460600667,-6.022470120457,-2.42735803325559,-4.48078715040765,-0.388500051014034,-4.55528769551711,3.19042185162016,-2.0624344110247,-0.452896783704546,0.621778472723236,-2.49786248607552,-0.953272646469941,0.184963730157506,1.78527867086632,0.45890821330886,4.20429504930689,2.14234406468222,-0.70250784783957,-5.45980118551506,7.42783098202199,-0.578776095767353,2.43924001628875,1.47023938289567,2.66218850878704,-1.28320109589549,3.29363514655279,3.43714033106789,0.358576845565949,6.93012966930519,-1.330254520783,3.61297834928519,3.66807326450362,6.00572581779306,0.833140783516228,5.22179498493642,1.7579524070452,3.730014649027,3.4325365287782,3.21149926184216,6.60329546386811,3.91400288743944,1.5847702810438,4.4105268455819,5.66296992661,6.35767215868327,5.4780230809647,9.21547850561728,167.40339883274,7.40796364732569,8.34845454901551,4.77622416988106,2.58710135278034,10.9220051959119,11.1529359345109,2.21427776685277,7.36467562808366,2.27380825796899,11.6465116409213,3.90672134077568,0.980074518924994,5.15432406248829,0.470886705006251,2.19931185746418,-1.58079310793528,-0.788632085024801
,11,30.1683969711594,13.1802955298758,16.7801469664387,-5.67026688890655,-12.3395709504784,-5.88431401474054,-7.97867733753674,-5.67339878792563,-4.78828659212741,-4.32003182869448,-0.0544147226214591,-3.82231610716599,-0.92875299285015,-2.65561975488436,0.169019065405791,2.84845560777376,5.48649584778741,1.31879933488926,2.7885359247739,1.63933255272423,-2.62280701338386,-2.36704293483899,10.4821312774634,0.824016087898599,3.96821427206851,6.19060263725805,5.61127259610657,-2.61400320487792,1.36101622934711,6.74023217011336,6.35963411827197,4.59480226821006,-3.38749851967896,3.60188157354287,11.9143660097156,8.75571494703627,6.59108541708474,8.19084288905833,9.30585705405974,12.0825212796785,10.6302541403725,6.33238435924295,11.7658494802149,9.92583853214001,2.15996350329897,0.971440254242225,12.6083150876352,8.51220226233772,3.30097282059523,19.845257869948,188.383555481902,10.4946601589063,9.36229457218633,13.025803686754,2.97446725734835,10.0193514517787,21.0622260093387,6.14382762483729,8.12037549105617,0.707666203535609,22.8846856275086,17.935430095788,7.17862893423944,14.898738578358,-2.05365501300957,-1.07127238076782,0.90785115625431,0.357616151978618
,12,77.4215807561241,51.6353134436886,51.0761838246053,-1.7553746501103,-10.2668997485571,-3.63694732423937,-6.71516179409264,-7.09464048400378,-8.66280324633499,-5.47352865825314,-6.73113573988167,-5.87609085125132,-2.59601894686239,-2.36621873097192,-4.25698854187067,4.50202145613912,2.21088463758815,5.49599577868776,12.7783259217126,8.82949405601175,-2.69882447272903,0.931374244538802,25.5897929685989,0.517436371098029,10.5819833284327,10.4847050851977,13.8138756964145,2.05065162790743,11.2194000114173,12.5705784542947,19.7813251949137,8.80844103519848,-0.499643507330347,10.2121767446101,23.6649734853063,25.0533137952498,10.7482858792873,20.9266055662947,21.14408234341,22.6183447172361,22.6089461385018,19.183898438182,27.4977262775733,30.325634521153,4.13496232323951,18.1131988700677,23.3550088978614,16.7390176800168,10.107907314482,34.2545633865293,214.95021738328,24.3939026741573,19.7700217138995,25.9209431529844,13.2431063426156,23.2695924666486,44.5456887640153,10.6958409038243,14.185401985947,14.1032462830672,38.6458093296619,43.3263498801643,14.793643219256,35.7606355591015,8.65153055820929,-4.36539843712899,-1.47116229920903,-2.53221007875391
,13,165.733750361278,120.967847264475,116.851745769835,2.52062461135711,-5.50458121674865,4.40956865593398,-6.08956367738483,-8.84078951166475,-6.69750343876922,-2.4721954154702,-4.83054632732046,-2.84931420453404,-5.23671296022712,-2.07277156686314,-2.98566662519897,7.31067542431811,12.6222353831572,11.0644427207317,25.0306888981086,19.045800011148,-0.524094253425119,1.06893801794376,57.8704084310643,7.36786902430413,25.7112823772736,17.0957453402143,24.0114907132438,7.07458961098655,20.3588893854858,26.9896111169378,41.1797524192048,35.7614509722998,5.27109244946132,22.4948027228079,46.5516078384908,46.1036361201591,28.321543623314,46.0399198709961,38.7927464714885,42.1064469839143,48.2868337201626,44.4289155757169,63.7647371258277,65.5134391720435,7.01616842323392,47.2842287915291,57.6520735758891,37.9287318938937,24.1564933658801,65.5920848751584,262.200300573352,54.281157568857,51.0464479234597,51.7195839637016,35.7806898590607,58.6319162923282,91.826488437096,33.3125070012329,42.8091144746641,41.7567935804855,82.2772849021603,86.6788368107973,28.437261845605,82.0581246278589,14.7226917525804,-3.19345340427117,-3.91440172539615,-1.11435423912144
,14,328.980370198191,253.582013999719,238.717592770338,15.72957111296,4.07981733058386,14.0609183998649,-7.94285816928777,-6.05231359485879,-7.00687620578037,-4.52578880803821,-3.15821238164335,-6.71732190828698,-6.46542172116142,-3.31323324177356,-3.55242436722347,23.3440654023552,27.3493474550951,28.9425674756576,54.4413328911437,54.3240281449707,15.9457791558707,15.379287997032,109.799764425632,17.3665980540682,47.7961787816225,36.9254850858706,52.0418514520779,25.2845420552039,42.3702321058922,52.0126968788768,84.8814768779916,79.715708931436,10.302695878263,50.5163823983312,93.2315218805634,95.6401303266712,59.4324384426554,102.289210862029,80.1485298474795,88.9348340998004,109.276188337996,99.2758626950749,132.113095031835,145.365931440981,21.0603091387529,120.037610277812,121.441638116904,75.6956016682343,48.0771050714534,129.018941202339,336.575373314664,118.756359571943,101.860138713323,103.593164624472,71.0696719459547,115.418820713544,174.310839522365,73.8693543234745,93.6060538377074,99.6660677327618,167.232449344518,174.477539968458,66.9868421161482,172.828400266873,45.2323814503275,0.99760450229769,-2.14683758607953,-1.88059344946168
,15,624.759298516038,503.321508688214,471.250964196529,41.4982046400532,24.8946857480291,35.6518605563733,-3.89199757725055,-2.00248431558566,-4.69901456755315,-7.36341063207283,-7.16876259977698,-9.39259971581487,-5.00362893799502,-8.58855258145377,-5.17007058938361,55.8947984561742,57.4755125833071,54.1720169277378,112.50358400846,109.336887762057,56.4451364960637,34.3599666437713,218.501013626915,30.9429431539193,98.7162969621227,77.0913945132043,92.7324080232465,47.4885291966311,84.8577136853169,111.708371453399,171.96372660612,161.301848630038,24.9931135486063,95.2718687221645,184.611522845245,194.216196744327,123.742394362222,198.444208751891,147.973279403032,182.973822523047,223.746349921146,198.410497644108,252.574735926029,292.527164937132,53.1096183434979,248.691473406205,247.654993288743,149.566203021709,101.508800045662,233.301600941197,467.193797120854,245.327625046288,201.000699616902,208.136234424752,140.087790743285,220.509791664122,331.864934743064,157.094903397051,190.416052868272,208.618991475423,324.67290631,342.81379186286,136.223423675946,337.09599291348,87.6692381117145,-0.961881247446399,-0.697821184327495,-5.57293935553025
,16,1118.3999692788,953.012693253894,894.352483639246,102.590457494365,68.8371569496494,88.3394715641184,8.89280145672865,6.61637480096078,6.1584997128175,-4.28673696591113,-4.58733114591405,-8.94214851427932,-8.40388210003721,-3.03305020908192,-4.16905527328208,118.473959828403,121.631314592324,120.335292169995,227.286668211588,224.777738183619,134.195936917994,80.013108659402,430.088771172594,77.7402588439431,201.885066145663,158.443134324258,198.831584129285,111.229647723032,178.900927752692,224.668609302731,339.805552996646,328.364155175739,56.5307824171173,199.458836425889,360.114129806915,381.763692227702,254.439829405446,396.477145558217,296.142556357952,361.054905073206,443.93920766212,396.325554602705,489.231154286737,579.55502080476,125.512306974191,500.904726792403,491.021924175706,296.486473184521,207.999207470671,452.048751698921,704.874264745231,481.957184331508,401.152790355038,399.545723795408,272.755284567962,432.32078880648,625.581322963198,320.290117761519,378.89771116499,419.113262891446,609.576309797731,647.964368144481,271.421936971635,647.028723388691,180.606598763754,-5.40578473292953,-1.93249964329289,-5.91462413245199
,17,1813.04625243188,1659.64817886117,1561.00316221046,218.263410759592,153.795670895911,181.459654286248,26.844270215377,23.4631556037575,24.8995469706101,-7.67743978728549,-1.70202204759198,-6.70703574962727,-6.82160894677008,-1.88629487564094,-8.45858817647422,243.819535922766,243.787684897327,243.150430352748,441.867387876929,437.561617629955,282.832791740604,168.057771665142,793.854160357178,156.711016996031,385.692089818399,299.007438373809,374.10752857327,214.082670997339,347.120816523391,427.548079748691,638.044453230937,623.41364951141,120.799514795336,387.487949265872,664.861521365632,708.92630119141,493.295266978529,740.573063596685,552.414629080907,676.12515372774,823.40100650693,737.669345983102,886.400834460091,1045.12743841714,253.021339428283,920.734795794893,886.187862296645,556.486172608298,403.504620249723,823.562331359216,1095.97155454632,891.624225957711,744.542678937119,745.583940556388,521.091936473904,797.102694900513,1089.59933550269,616.030737839028,714.878944806159,795.768003884519,1089.67055434631,1162.05917420034,512.253826384356,1157.49969067551,352.772420061154,-2.22516732588156,-4.15124733201128,-5.43505053206627
,18,2524.03712731891,2578.04465984592,2449.6761504407,419.793583756522,301.686314455117,357.960725775199,70.7759320971236,58.0414504500422,60.8018354767892,-1.01043149048746,0.739383702909436,-5.496824895808,-10.0129474920936,-9.34183042933682,-7.79930871004171,456.411108545207,467.86081324271,465.785771500175,806.446974509385,800.764449181373,548.314169751024,332.090764343086,1371.78307456141,301.082854319113,709.828789485197,551.249957608553,685.111834487706,405.791377739529,640.570628944971,778.113866857544,1132.38903233421,1110.79966512135,246.312621070403,711.740008798215,1159.14257766903,1241.81091503279,897.821973857592,1289.51070836594,990.496279417519,1182.73829234546,1404.47070310695,1270.21003137012,1464.67303612608,1691.70895922854,487.315190890771,1552.66488932734,1474.10287353679,989.629604748459,736.482998139549,1385.40835397109,1663.58342623753,1484.78417908369,1294.85533040985,1288.57612105997,936.355339138532,1354.77957947612,1733.20176584446,1106.11502483936,1248.69313709342,1355.23570936282,1779.62562728771,1883.90457069826,924.189823028579,1867.22269176182,650.267465380212,-6.55077537946408,-9.36607544806839,-6.37357126603047
,19,3128.24336163667,3439.71108631076,3289.4403832633,800.034557371946,580.336073176486,688.552683179535,153.558148292626,130.571386822675,131.792839305353,7.88164055484776,5.48981314947559,-2.33374666873715,-9.02932054018584,-7.24850781328951,-7.99890888212667,847.915411102544,863.348707202259,858.949780947491,1400.67402684354,1403.61784521852,1018.08818847753,627.155526350931,2206.91401503025,574.791680108745,1243.76099128652,986.534004216591,1191.05438776903,752.696835083339,1138.03666661451,1359.54544063399,1886.43532679283,1833.6453489486,468.281405215135,1257.93590596197,1875.31610937265,2015.74741212698,1546.82530165149,2067.14534545932,1665.82556923876,1901.90386736373,2178.88739613289,2013.10460938208,2158.97569386408,2391.07033910345,898.313200821995,2347.18813202868,2180.31011017524,1660.259296679,1295.26520460479,2144.58737635217,2349.25713097839,2202.20911670068,2089.87270927617,2059.12434472855,1606.5762887215,2121.00991214035,2434.1959442409,1841.66843675045,2021.86426261824,2099.74516474044,2597.52696321967,2714.97441860058,1572.62964275405,2639.40880321395,1149.47280103338,-6.07970017465186,-9.79960345574091,-6.82940124727565
,20,3565.49077004781,4146.13922270715,3986.91829182862,1428.69998647975,1033.1990347096,1240.32099612702,313.71055130994,268.321846868182,269.508275911003,20.2904820397898,19.867142541043,8.35018805594382,-1.81244236155044,-0.388874582127301,-3.22967040110461,1478.43932670643,1495.50428158693,1497.48283703267,2199.26200220844,2207.20424562101,1748.80949508006,1118.53556070523,3034.74570699229,1044.70936952366,1978.95104622485,1619.83006348461,1873.95866084898,1313.49127384397,1849.10859864116,2137.61401142563,2718.38537761984,2621.52638329799,852.686418647794,2000.57409935083,2607.38096862391,2826.82296050532,2369.16289044882,2849.6960197943,2496.17433475879,2634.40818535231,2854.8506685532,2714.67742417138,2748.52953314948,2950.90190388053,1540.59572856018,3031.56254067096,2780.42704349527,2443.65494430887,2062.61278638694,2821.60960601739,2933.44471632446,2809.23601763623,2905.86842618741,2824.043836431,2478.96865579439,2826.0152100395,2995.51763973012,2664.36167875397,2811.6201920586,2746.64586245996,3280.39922162422,3398.80985583912,2400.75011099229,3261.54470386524,1852.06071272419,-2.24524088983753,-5.01149313071346,-3.66468666839546
,21,3832.65028578258,4622.9228810252,4457.58069203022,2321.2758458591,1661.43676964305,2042.90090750066,603.703331418682,514.335127752215,521.036122599334,43.4098019072794,46.5266002268863,28.198408285049,-0.748927476856352,-0.443756596511321,1.05878183691357,2302.8634753182,2332.15064772516,2347.62445508317,2921.03063194621,2927.30432181385,2618.10560428653,1836.46027498322,3690.85600732654,1739.3034489881,2690.00652591186,2253.72562470985,2516.59799377616,2082.93767131129,2580.52915066932,2873.11867261328,3412.60482556579,3270.67331565545,1428.19636098073,2751.65659899804,3196.42504996679,3480.32460786656,3105.37144737598,3469.91709482259,3222.74446062082,3216.67988757798,3358.52912411495,3258.86184010711,3154.39919785963,3290.63178238622,2304.11411234419,3515.71932097723,3195.72741454608,3116.66954966739,2817.08830400803,3331.19237107883,3336.84882663751,3223.54442292252,3559.23099119526,3430.60460247773,3264.63050314118,3363.60959536059,3346.01690574232,3353.39608509183,3445.47399940734,3224.22668155651,3736.29640506283,3845.37535088763,3141.0292842847,3645.98725829898,2575.80245878627,-5.2642128622806,-5.53821571549543,-0.280667358286337
,22,3985.27831602707,4901.64794230045,4734.18473649452,3312.92523228729,2329.74264950122,2973.46217724542,1107.40175497146,958.587952676959,958.303300487697,86.1048671751487,91.5930098722752,64.0229557865405,4.08566576982184,2.23606189356406,2.15148424942618,3058.81425017273,3094.06295755165,3129.35458222868,3469.7239519857,3476.80708909055,3372.77309251419,2642.5376722869,4082.59259292042,2601.02757639066,3252.13141237373,2767.55297644601,3021.4673036885,2852.41614018102,3170.93053257958,3445.33563951655,3870.96016386762,3685.72357529222,2156.35704028879,3345.96450827998,3555.59963822776,3881.27266238217,3646.62729198867,3834.79417063822,3740.21485120872,3561.78559970906,3615.93294824021,3568.07838946585,3340.70841218602,3414.91469140157,2968.32311786979,3749.84876506653,3384.4465624667,3580.22708955187,3414.43062989082,3599.84704357811,3528.58877813575,3410.42476875508,3952.60823237584,3788.43628701527,3855.59722771003,3658.61369099741,3480.32737058274,3804.68449682723,3827.66796029804,3464.6976643017,3936.77136511458,4030.1368866406,3687.67205459023,3792.15280145515,3161.54373834616,-2.81787864154285,-6.6050886511548,10.4968084630545
,23,4073.53189465603,5061.85066807194,4890.4985452316,4157.95637746366,2900.9059666402,3780.63765253373,1877.30671551768,1655.52550853543,1643.92963641113,172.597208297742,184.836671603447,136.739133374,12.7527495072113,11.3696709029623,11.3598442161838,3641.26190858297,3678.38739688659,3735.09483169913,3772.84181539831,3781.50284948967,3902.58387441311,3313.18613888356,4233.54561108997,3348.94141162747,3583.80607187064,3095.59337616898,3314.26900843947,3455.0786148016,3538.68857089612,3770.74286792515,4079.62512250774,3858.03261158859,2794.39162480179,3698.8200777477,3697.17868790408,4035.99141692589,3925.39978944146,3964.49472571537,3999.58224805402,3681.7992764869,3676.73174571422,3668.00144619316,3368.02531027491,3398.34674500502,3436.40530353793,3796.26335131179,3415.08962953576,3801.61758858059,3771.54272031283,3674.25127033416,3566.29362729112,3434.69252599707,4098.03249711207,3914.50861468467,4172.75855483237,3750.6451440738,3481.93078849615,3995.43003590734,3962.00043465438,3512.82040608756,3958.12317324697,4042.05325520833,3974.54137533622,3784.36062707835,3526.69560326367,2.60630510408146,0.232041308892349,19.9352757083911
,24,4127.40184551715,5151.68534046476,4977.17199786993,4772.6749243389,3318.07512507296,4380.34183071055,2823.24613356153,2570.71840467106,2520.17473690962,331.520049453281,353.854093725236,270.171695362589,26.8393775370646,20.6458711796049,24.9672208276002,3957.61578883625,3991.02833881173,4071.5390507472,3872.67079092821,3880.35956747926,4159.27298137214,3753.12277787223,4232.43901369757,3876.40681386122,3696.63252030514,3242.31253458597,3409.29313276319,3809.53789090343,3678.44703770963,3869.17879107399,4117.93138118876,3862.47689520961,3252.66016743544,3818.90625043986,3697.26232948149,4030.56603878162,3982.7581071577,3943.94457377487,4054.51982268693,3658.46761468969,3630.86796970173,3643.61450512063,3316.45443134151,3327.4292762065,3658.63989857633,3741.63358015394,3366.17202732985,3837.30598045949,3887.32525833521,3637.42501687108,3529.39805837123,3378.11103486253,4078.10955474019,3892.59734234495,4254.6271766382,3721.18363866938,3423.95322620386,3995.18795700849,3934.84376423796,3456.39666527721,3895.54113378672,3971.47937806492,4039.55614875707,3711.74020460854,3661.72286602885,5.25992080228616,6.09056660600845,47.1483742292025
,25,4158.20067778348,5199.43149890393,5020.73575344717,5149.52931805916,3578.90395458248,4755.41269392177,3666.82305666404,3415.33789857106,3320.10940853918,620.661341793865,662.296600316906,510.316020306033,60.1555838436448,49.6176011209905,52.9640428363209,4047.01237542197,4078.52699760929,4175.93292509721,3864.41578312816,3868.68615263768,4205.53554991683,3937.28135425696,4170.65751125667,4127.9895072583,3670.43933972871,3281.71187908941,3382.35816305649,3928.65036675132,3673.5229619443,3833.1894282252,4075.5939210799,3790.18188329694,3476.01378467257,3794.53496344611,3639.97897455974,3957.46955812778,3917.3202410559,3863.3518404506,4004.0553158002,3577.46533661585,3550.27528426158,3568.64230643904,3245.57635195434,3245.11467071206,3689.88562209417,3658.08214700115,3295.37943243975,3780.03638143351,3855.21443926936,3565.96486145341,3470.46958501899,3299.54007480632,3992.71647543715,3812.45455383027,4201.32574846706,3649.40121886677,3355.6870110866,3906.01050747538,3840.04649212226,3365.31325740269,3810.26728432762,3884.74512251262,3983.25724031258,3627.00464895441,3644.91549056476,8.22505960059152,7.7620034725096,100.165867733766
,26,4176.2316554383,5227.5933737763,5043.78578390974,5365.93793593368,3731.22362832448,4969.39205528609,4327.79718713326,4108.25471829666,3968.08159662326,1102.91761830254,1178.01626195125,903.945594342497,117.873939897534,97.851888228307,105.396334998869,4011.72158500036,4042.16998104223,4156.08472191772,3830.07611511185,3832.86152269247,4158.34538499641,3951.1799861513,4108.10473615896,4177.82398067015,3599.34116224766,3289.86485256991,3321.93896948151,3913.31262159352,3615.10386694519,3756.6645674333,4022.33064168946,3710.14818599485,3521.65021325652,3721.60199906492,3580.5869941286,3881.45233081604,3823.99557877043,3782.33461031422,3929.95187792828,3497.30722486253,3480.28316051748,3501.92596508884,3186.20327854888,3176.90345594255,3634.95224209685,3583.88074258407,3233.867502695,3704.21185507243,3771.38471528055,3499.65953466502,3420.49904058854,3231.91475359272,3904.92495648208,3732.96556388128,4111.5630834874,3581.05483634813,3299.5814862685,3806.41527571412,3744.96616943907,3282.6419258817,3739.3897939519,3810.77849844315,3894.63653380125,3554.72163797999,3569.8481707242,14.6815846654677,23.9792058904645,200.532919320651
,27,4187.38343436042,5241.25944253232,5055.40761098137,5489.50026323064,3822.25339668898,5091.74950939813,4761.97320314265,4580.25978195395,4410.36508441218,1873.75833747114,1994.3954775456,1529.49262228161,234.962651859433,191.125818351251,203.741584514571,3941.25758569209,3972.17545791539,4096.75734695272,3800.13447830727,3802.92476209255,4090.53044966512,3891.87091844358,4055.01824354617,4126.55529295071,3529.76707327147,3295.52691513097,3262.5641403932,3850.03806660435,3554.51874226058,3684.97490388605,3976.53769515117,3641.46511990823,3478.87022374447,3650.77476155264,3533.34780372433,3817.5453366258,3741.40994316161,3717.78800483636,3867.98044826697,3434.15544393625,3422.69173661566,3445.84103838518,3140.70033482983,3119.41553232311,3559.76224897057,3523.65798541046,3183.5591186031,3640.64626197033,3694.72624547014,3449.14749504697,3382.7606448844,3175.24225075099,3836.65867445177,3669.22122426056,4034.75802362145,3528.44544460704,3256.32451661438,3723.64924537879,3666.41111408014,3216.94218526614,3684.07070128678,3754.88249170436,3820.25264224861,3497.98630804491,3493.57874864083,36.3888012483953,49.0473701038131,374.59854737211
,28,4196.63659057458,5252.00466945977,5064.42647009593,5565.41411695292,3882.35716827362,5166.47234579003,5020.04114301594,4867.51353186741,4680.93618982778,2854.49178209506,3027.37549739885,2330.69496028,449.008281631715,371.738397153526,396.208625659335,3879.63819755135,3908.80880501524,4046.76753328657,3782.31726650958,3787.02811413039,4035.98808939216,3826.11512059588,4015.91080670577,4057.89292885742,3479.32188188774,3306.12116690146,3219.72469586399,3791.159977775,3508.08649901589,3632.88815025025,3947.33188584787,3593.1533960756,3416.62092520508,3599.79248184259,3500.827233518,3772.1685990395,3684.58661520887,3672.86555572459,3822.47964460842,3390.78571170469,3383.86646931171,3407.02444844471,3108.48151769796,3075.14946389767,3500.08930377258,3480.88126771432,3146.15382404683,3597.4098913284,3639.60094429567,3411.94440225307,3357.96241569395,3132.55438775177,3787.59519132334,3627.63602606191,3979.44993647655,3489.68713290157,3227.09050079339,3663.73204593432,3610.59143886819,3166.96460238342,3647.02121378211,3713.7178406928,3765.60452262806,3458.47317561805,3436.98971597994,65.4210392937407,105.06225293087,694.528567986586
,29,4203.23735763897,5253.05019298954,5069.64103781483,5611.28519649159,3923.09860171441,5211.49690956513,5163.13908758017,5028.54232149189,4833.91325537668,3751.89302475603,3962.78841978183,3062.60033155203,831.714150393192,694.899675657719,742.042224314999,3830.16083078347,3858.95536910104,4003.39651721945,3769.26364018742,3774.56715996667,3993.78646032462,3771.68085941269,3980.88055364089,3992.5886003011,3441.00663297278,3310.06030408028,3184.49265685559,3741.31520030909,3470.27014739149,3592.09638506564,3918.05600670237,3551.26555868146,3363.37061169335,3557.02722458251,3470.74338468483,3734.33245744078,3635.60552646233,3634.18297994502,3784.75494719132,3352.23168629232,3347.62172583465,3371.30739739342,3082.3020462714,3032.82078219139,3451.41275201947,3443.61426226324,3113.56589834368,3562.55792535443,3593.82358690391,3385.71597347737,3339.71566654834,3094.94899337913,3749.30753244195,3590.85993526469,3937.77410470948,3459.38651467225,3204.7297327866,3615.82258889531,3566.39570281839,3125.50141148792,3616.55827595184,3680.1438570185,3723.1507938306,3425.58219181539,3393.45767180266,135.113565140186,204.601115465338,1167.78321655918
,30,4204.98919503076,5251.36951119876,5068.96522495572,5635.4094464744,3948.99684379356,5234.60081949076,5240.61871512128,5116.5023599351,4919.02749556031,4468.15822474188,4698.48395811444,3641.12115943739,1444.15643331538,1237.14905442858,1320.06454272932,3787.69764762671,3815.46027161127,3967.61412661618,3754.1603674018,3758.55801457283,3954.21610863871,3723.42968827465,3950.09213707039,3939.908116024,3407.32367322561,3307.74031840141,3153.14271325622,3698.57288749561,3436.69109303713,3555.88972036103,3890.18331750277,3516.73472399812,3317.62987234557,3519.55868318339,3443.41025668882,3702.17021293904,3595.06294314983,3599.89042190465,3748.85971696098,3315.04594850717,3314.01016397339,3342.75913282003,3056.80886351333,2993.105603504,3410.65479362544,3407.61775057849,3079.4251343827,3528.84197385316,3551.69330238748,3358.22341532517,3320.30776716798,3060.97797659855,3714.27441875202,3558.38128960082,3897.87271210646,3430.91924311299,3184.34052530527,3572.29663985652,3527.81130040032,3085.44533870269,3588.16281822483,3647.50636071031,3684.78198879285,3392.92512693998,3355.46848016254,262.82495800288,383.522258128571,1749.08992479102
,31,4203.93822170479,5246.46440582,5065.489227518,5649.73004785313,3966.20618309022,5247.36628981276,5284.48351757004,5164.83957822339,4968.3143734031,4948.82192790341,5180.05938646991,4022.92583667149,2281.68484320785,2009.40151602698,2148.41410142152,3753.8820671353,3783.25383192756,3934.05579195452,3737.1793413054,3742.60244480125,3925.878315115,3689.45420557756,3925.11531340427,3897.81653883286,3382.51356399514,3303.72880598796,3126.68803728138,3664.88879348035,3409.65993734983,3527.49308835205,3867.85329532434,3486.42829451541,3285.75488350711,3490.83003342523,3423.31952672797,3676.12207465339,3562.14504326045,3574.16650767933,3721.27821768635,3282.58694019777,3283.1256958509,3317.57682052504,3039.26574596206,2959.38016233085,3380.41872079231,3375.20330664209,3050.89708680522,3500.29799944863,3517.77005944926,3336.06689930789,3305.47161356474,3030.39179821534,3686.35481650684,3528.92105222294,3867.62925758776,3407.0751503857,3166.5333253752,3537.92991921772,3494.75793742081,3050.63744509992,3565.54476629661,3622.11296156048,3656.18907137334,3362.2511664592,3326.13077303896,477.371265580697,693.612249380183,2235.75240941899
,32,4203.85243189381,5241.58233650512,5057.33151863859,5655.76470013794,3979.13659148593,5252.45375661878,5310.95406479081,5190.84177817878,4998.15891479683,5232.9427315418,5460.64012749549,4239.33826169755,3191.73725120799,2926.34057089801,3143.35726024741,3728.17433406412,3758.76975322134,3910.81143676702,3724.24379456568,3728.95262039652,3903.93503881251,3662.43851971243,3903.25282443561,3868.05615883968,3362.62862946469,3298.2012314835,3106.28553244763,3641.4962733956,3388.60151123567,3504.7791514285,3853.38274611728,3464.59702343613,3259.94149671874,3469.38097425767,3409.1807036939,3655.19338622643,3538.07134343868,3554.42312119444,3701.71082589593,3259.81299804907,3258.62979856593,3297.89361273679,3026.03576536682,2932.66851094729,3355.86399903613,3346.2684927793,3024.82129785185,3477.83300448758,3493.61272158686,3316.29608142485,3294.06721305496,3001.10210412062,3663.65115305367,3506.6474127438,3843.76925110988,3387.55935577899,3152.15964751071,3508.04791297751,3469.01966469284,3023.19605632448,3548.32449363914,3601.22293536773,3635.03634176593,3338.63493420897,3303.36632186918,868.273918624865,1218.94139305011,2614.07793505878
,33,4203.05107002228,5235.77762693645,5051.47518227328,5661.02372077021,3991.70221262259,5256.41407266466,5326.18056865043,5208.39547186553,5014.70986445776,5396.46564222402,5615.60408667949,4354.94963437325,3958.3575544333,3728.30757471137,4015.19938257286,3710.24205303315,3739.51512298083,3890.66323664677,3712.06048337364,3717.09069537338,3889.99355274225,3645.20586496141,3886.15716816995,3849.53007510933,3349.94355119885,3294.46407146597,3094.35882849073,3627.06217844824,3376.46794168116,3492.64643591122,3843.6258951002,3447.37979154037,3245.43864260757,3455.43066447011,3401.46215105073,3642.30407468534,3520.9416409731,3540.67226195897,3691.77265202882,3247.28181910868,3244.28160406867,3283.7621818315,3018.8121950591,2910.82146848497,3338.67276508899,3325.47849358586,3007.06639954841,3465.64465331893,3479.08047338537,3307.64125644387,3291.97439073042,2978.96643599316,3649.901453189,3492.64316136814,3831.40788668347,3374.43092596139,3146.15590330897,3489.01805398966,3451.4675990549,3002.88982095124,3536.89752899617,3587.60266479472,3622.92892909191,3324.31977298417,3289.29266701704,1496.32164855991,1961.89547118572,2844.55073190404
,34,4202.22283678673,5228.57842338298,5046.04571702358,5662.01283448224,4001.59717033153,5258.82420977177,5333.70414746014,5216.69617896039,5022.97932861101,5486.72331310004,5698.57548493837,4409.45590764306,4502.48532219801,4330.34330448124,4667.18645201676,3695.16830654191,3721.921088085,3876.86028659612,3704.25148366901,3708.22114964572,3875.55912226458,3630.2418163777,3873.42149764838,3836.03481949449,3336.43420552431,3288.04471190505,3083.69243492461,3615.26684654075,3365.42947225998,3480.56213418202,3831.80474239918,3431.26623638835,3232.27558122296,3441.88133791405,3392.65130140039,3628.60729541366,3504.80876764307,3525.93563571965,3682.1754971711,3236.82826208188,3231.53068160573,3273.27908462978,3014.62376243373,2893.80161729905,3324.7654142205,3306.33354043883,2988.45863532611,3454.92533342079,3466.239511464,3299.8011231763,3289.56621224556,2958.93655712862,3636.95821097096,3480.51570412146,3820.95531336977,3362.74937603784,3139.93904178399,3470.55056118054,3435.74910826634,2983.68366671934,3527.34018317121,3574.49008774805,3612.10349061355,3310.77340714463,3277.65897524577,2323.05236222916,2738.29699831465,2949.90527694762
,35,4198.96432263281,5222.88487674145,5040.84581031913,5661.68795151208,4008.99629973002,5259.16380327572,5335.47708418859,5221.35199698371,5028.6401690555,5538.14675903517,5739.87929733111,4431.8221789771,4822.64900462176,4703.40069996427,5068.18073177939,3683.87889454039,3707.06926741572,3863.61589405872,3693.94138620999,3697.89059190978,3863.25322780661,3617.17688514409,3861.74915138295,3824.16503922368,3326.05821619289,3281.56602841512,3075.45710913777,3606.81159079638,3356.84984001573,3471.96007765696,3821.04047296268,3416.95079869035,3222.92357002769,3429.95094142432,3387.36778530584,3619.2436352505,3490.45770352822,3514.48909407872,3674.40487491675,3226.17325364528,3220.77765376805,3262.80101816187,3009.9991985921,2879.42911365276,3315.62131070731,3291.11000219497,2973.95362903125,3446.84734226365,3455.07964842629,3294.29531043528,3289.98896813858,2941.18631819966,3627.77714676028,3470.96094897481,3812.74484410243,3351.74274015085,3136.6199571213,3456.05145085726,3421.72339724369,2964.97788795913,3520.0174289451,3563.54278383167,3604.71807909806,3296.63101643378,3267.35144764024,3090.67774763594,3375.59810893543,2992.42543974678
,36,4197.40484839119,5216.21783150431,5035.80435185452,5660.96175188113,4015.70520667588,5256.93896325768,5338.24450346076,5224.63565741688,5033.30740907101,5569.92338743179,5763.06326867896,4438.20972981991,4986.00873988015,4907.74225719586,5278.2101789122,3676.63613370556,3697.95020662518,3856.1856086233,3689.69349663062,3694.14010002792,3855.2295607139,3608.26475523302,3854.78961614365,3814.3253241525,3317.27192069854,3275.177735768,3064.17950500472,3598.08977067867,3348.45348002657,3463.88815013311,3811.01661452418,3404.32130805729,3214.833265965,3419.79715847373,3379.06687275978,3607.63629606619,3479.26937855036,3503.90028155287,3665.15233051207,3213.15547935168,3207.71551554418,3252.11306415551,3005.9250912542,2863.45798771839,3308.59618482219,3276.97670643217,2958.71781787538,3438.45053426846,3444.52604256808,3287.52154250529,3289.22587084451,2922.96821205715,3617.28381233258,3460.75261782605,3805.55058075706,3343.08059972096,3130.98708431025,3440.8401077474,3408.56877958717,2946.19515982439,3513.37078736937,3553.35257529802,3598.40421926496,3281.45746753296,3258.770654178,3701.27540976605,3785.73322185908,3006.63205551472
,37,4195.201880146,5209.35216602944,5029.02993832522,5657.24383513456,4022.03258651785,5251.8943267994,5338.06805310737,5223.82574280904,5032.70914010591,5588.99043454948,5772.72142847202,4433.70049771557,5058.82614310642,5012.24471832723,5377.73084574445,3668.08126526168,3690.46408089439,3850.58315269438,3688.71000055242,3690.64737585226,3849.28936142613,3601.25455284671,3845.5653893229,3806.40468074952,3311.86732907144,3271.0995234125,3059.51481589715,3593.28582347131,3342.34583569759,3459.53321054537,3806.31235631577,3393.90052017879,3211.26426710487,3412.35287658356,3371.93356519857,3600.90337560571,3471.24466115221,3498.02977681745,3658.9009471154,3201.41168319017,3195.52879029891,3245.54707165603,3001.65940349987,2847.34240032811,3301.12732796418,3262.0894877185,2944.08294431413,3431.88752334638,3435.95437527604,3280.39914676905,3289.87971525193,2904.91237012021,3608.07244775594,3451.01069398699,3798.09567903035,3335.03996644791,3127.24618610898,3428.82716090548,3395.61988175801,2928.09041045907,3505.49581625296,3542.14130128595,3591.98429142227,3266.75857863738,3250.33477886623,4070.1835895133,3963.32187881258,3014.18778062745
,38,4191.93515850987,5200.50594679113,5021.5553890549,5652.33222202811,4027.10597852161,5245.93191414525,5336.04684940086,5222.75715819511,5030.69990884565,5600.12932586877,5772.94795827084,4424.1361869246,5081.2622951108,5063.97995278761,5415.13745986854,3661.65024975647,3683.26295454907,3844.37666960567,3687.32546558908,3688.87675305702,3843.27953781082,3596.43227485731,3838.76381907562,3799.966853657,3306.80957803788,3268.44381482049,3053.38710099086,3590.14958641679,3337.3046413356,3456.33027333878,3802.27608424277,3382.53225349162,3207.99512418961,3408.45717622526,3368.10433408638,3593.52113723727,3464.66880532929,3491.70967496791,3653.80533615466,3192.92645335341,3183.58124154174,3237.62082442076,2998.94052729354,2829.92624041927,3294.63901247222,3245.01818275214,2927.04705804696,3424.91384334912,3425.14187807036,3272.79699474879,3289.97403691118,2886.61542754138,3596.52181619992,3440.8422561117,3789.87510617018,3326.55629817616,3120.59149561165,3414.76980258736,3382.98565624395,2908.25807642115,3496.7031897768,3530.82298564773,3584.71847957998,3253.38937893009,3242.59656300822,4220.56153990528,3980.33927049827,3016.02396834406
,39,4186.34203673076,5189.31991269504,5013.44241189206,5644.12543281793,4029.6199018645,5240.53276448701,5329.93973295189,5217.88301188777,5025.16516822002,5604.10203155876,5765.42766857857,4411.60118079373,5074.21230033666,5081.76563813376,5418.56472042467,3653.11671065315,3676.69318712796,3837.00850590002,3683.4786768573,3683.61991607309,3836.25364425588,3590.93929506421,3829.48601344507,3793.8039239132,3299.4444325571,3264.0413297239,3050.74507173137,3587.55336748168,3329.53542527604,3450.91552489734,3797.75357127007,3369.81786942551,3204.84554870332,3403.03951974037,3363.93208231887,3586.40627168157,3455.49430332828,3483.85506628532,3648.1478533907,3183.49799562851,3170.49564106018,3229.28021115,2995.10630403456,2811.44336095291,3285.91027252304,3226.60924283626,2910.87353266464,3417.13790229734,3415.60222790274,3263.1586812275,3289.13506621806,2867.0757428095,3586.24856919123,3432.20100258548,3782.91623731971,3317.07598693807,3113.75618949899,3401.77118268705,3369.98577998512,2889.48902330457,3488.1617584341,3518.09051444472,3576.46692512334,3239.42994357593,3234.74107276647,4227.61947413871,3916.84210589682,3015.81591221751
,40,4182.04059526891,5180.28183358282,5006.72146096718,5638.11356531527,4033.98780896666,5235.7338140957,5325.0507072103,5214.67103979539,5020.45192733432,5604.80909136114,5757.00957848213,4401.49756929515,5056.22237265411,5085.080478178,5405.59053268185,3647.5416391847,3671.0667561793,3828.74128124044,3677.54194632085,3678.57467649034,3830.38104047109,3584.21113080718,3818.94206103046,3787.75003309599,3294.54932006988,3257.66957553833,3044.06232596065,3586.12547876984,3325.86157458525,3443.81214278195,3792.88643487932,3356.95019901813,3201.22002814266,3395.65668974119,3358.77721409582,3577.39076534634,3444.74368786889,3472.0085094762,3641.32386665687,3173.892161023,3156.5339268045,3218.83731387544,2988.87817529283,2787.41776402419,3279.42617656356,3208.81468541505,2895.33964248861,3408.55569274708,3404.13916403075,3255.91993325241,3288.69413975566,2848.01010292172,3577.05903314893,3423.03704519491,3776.5635473893,3306.15291704815,3107.4288773383,3386.449300034,3357.95759530688,2872.27887041135,3479.42863845848,3506.07712993665,3570.48368603759,3225.38338774913,3228.49649307349,4175.03175248537,3838.37748671234,3015.98192624023
,41,4178.55416275437,5172.27263762326,5000.65335672173,5630.86143063767,4040.05378284367,5231.8137959249,5321.21001993555,5208.99335602463,5012.18146398236,5602.70338707151,5749.88994059925,4392.06302011721,5036.48223151532,5083.21272960472,5387.32775445558,3640.56544592012,3664.89813498166,3822.19250461831,3671.99454628665,3672.91312126687,3824.2175033564,3575.38765064884,3804.80480706671,3780.85825849437,3289.55311267198,3248.6503919686,3033.83783462055,3582.84133901551,3322.69042695713,3434.21879635772,3788.16355225676,3343.20464944207,3197.5030462251,3386.12186247456,3348.60968404959,3566.54215805591,3431.5713069888,3459.68248095717,3632.78189421566,3160.79779501995,3140.04438852526,3208.9769141207,2981.79648773265,2760.13092326174,3273.65195053921,3191.19406908515,2878.74755685234,3398.98784204497,3392.53459524353,3249.08771540855,3285.81302875679,2829.99105405325,3568.98299678829,3412.59018973365,3769.56277044669,3291.98750760908,3101.80837650942,3371.55530421839,3343.40148718536,2855.18345998803,3470.06413869896,3493.07924434024,3565.2005579241,3208.96072683076,3222.13976533012,4105.34681414419,3763.43179025896,3017.44998273688
