,Temperature,A1,A2,A3,A4,A5,A6,A7,A8,A9,A10,A11,A12,A13,A14,A15,A19,A20,A21,A22,A23,A24,B1,B2,B3,B4,B5,B6,B7,B8,B9,B10,B11,B12,B13,B14,B15,B16,B17,B18,B19,B20,B21,B22,B23,B24,C1,C2,C3,C4,C5,C6,C7,C8,C9,C10,C11,C13,C14,C15,C16,C17,C18,C19,C20,C21,C22,C23,C24
,65,33.6848319845337,51.7023232788977,40.4917550221182,58.8583340603186,37.5268066497879,51.674802392816,49.284691181022,47.7978490265714,46.6215479977031,53.6322823091521,55.7463272829177,41.261272248875,45.4356311350482,44.3772602560166,48.9201652402016,25.0211673255039,26.2992314141256,28.7700532708272,25.0827674966497,27.4122578065005,39.829668761083,30.1857676976101,40.1048995345716,32.4067605477098,26.2453929857199,30.4604504507222,21.4000278980434,26.5554490417733,22.6801362262604,27.915537847465,33.459178382114,25.0961700441756,18.9567224587613,22.8832596160212,28.0125282758145,31.1010112873266,28.3838871680441,28.1301805767484,25.5257380594453,20.0162830165889,25.5917146730221,28.7533185712257,18.5346999800945,23.4900642205826,20.8430487584749,29.6997264281506,25.3076327696958,23.1563565208626,23.8114552135455,23.7401810964784,17.7717335402101,18.6804869729895,22.9697934609676,23.2081497399415,24.4190487212095,19.9238316505671,15.8363486167236,25.5818940538868,24.8623061516257,19.2218801049683,20.6477679090319,20.1662686135057,12.9693831105974,18.3217663213134,14.1508792615011,19.7599988398738,13.7356286651025,9.05868521879495
,65.5,72.983802633157,112.021700437615,87.7321358812549,127.526390464024,81.308081074541,111.962071851099,106.783497558881,103.56200622424,101.013353995021,116.203278336495,120.783709112987,89.3994232058956,98.4438674592714,96.1507305547032,105.993691353771,54.2125292052585,56.981668063936,62.3351154201257,54.3459962427407,59.3932252474199,86.2976156490129,65.4024966781558,86.8939489915731,70.2146478533718,56.8650181357266,65.9976426432306,46.3667271124268,57.5368062571768,49.1402951568975,60.4836653361717,72.4948864945807,54.3750350957116,41.07289866065,49.5803958347112,60.6938112642647,67.3855244558736,61.4984221974287,60.9487245829555,55.3057657954648,43.3686132026066,55.4487151248818,62.2988569043221,40.1585166235402,50.8951391445953,45.159938976693,64.3494072609922,54.8332043343391,50.1721057952038,51.591486296014,51.4370590423675,38.5054226704526,40.4743884414779,49.7678858320949,50.2843244365397,52.9079388959544,43.1683019095628,34.3120886695679,55.4274371167542,53.8683299951888,41.6474068940963,44.7368304695678,43.6935819959297,28.100330072961,39.6971603628435,30.6602383999191,42.8133308197271,29.7605287743881,19.6271513073895
,66,67.3696639690697,103.4046465578,80.9835100442351,117.716668120638,75.0536132995762,103.34960478563,98.5693823620418,95.5956980531448,93.2430959954024,107.264564618301,111.492654565834,82.5225444977498,90.8712622700966,88.7545205120355,97.8403304804042,50.0423346510095,52.598462828247,57.5401065416561,50.1655349932992,54.8245156130047,79.6593375221657,60.3715353952205,80.2097990691443,64.8135210954201,52.4907859714399,60.9209009014435,42.8000557960863,53.1108980835479,45.3602724525208,55.8310756949259,66.9183567642283,50.1923400883491,37.9134449175231,45.766519232041,56.0250565516287,62.2020225746508,56.7677743360898,56.2603611534973,51.0514761188922,40.0325660331737,51.1834293460447,57.5066371424512,37.0693999601926,46.9801284411667,41.6860975169473,59.3994528563005,50.6152655393898,46.3127130417286,47.6229104270881,47.4803621929548,35.5434670804161,37.3609739459778,45.9395869219318,46.4162994798828,48.8380974424178,39.8476633011348,31.6726972334473,51.1637881077704,49.7246123032512,38.4437602099333,41.2955358180609,40.3325372270137,25.9387662211964,36.6435326426247,28.3017585230004,39.519997679748,27.4712573302043,18.1173704375902
,66.5,67.3696639690838,103.404646557794,80.9835100442408,117.716668120649,75.0536132995758,103.349604785636,98.5693823620547,95.5956980531471,93.2430959953901,107.2645646183,111.49265456585,82.5225444977343,90.8712622701062,88.7545205120343,97.8403304804017,50.0423346509995,52.5984628282379,57.5401065416374,50.1655349932946,54.8245156129926,79.6593375221614,60.3715353952232,80.2097990691468,64.8135210954158,52.4907859714494,60.9209009014535,42.8000557960925,53.1108980835513,45.3602724525349,55.8310756949254,66.9183567642324,50.1923400883525,37.9134449175385,45.766519232056,56.0250565516385,62.2020225746492,56.7677743360862,56.2603611534969,51.0514761188977,40.0325660331639,51.1834293460556,57.5066371424516,37.0693999601981,46.9801284411733,41.6860975169509,59.3994528562903,50.6152655393973,46.3127130417365,47.6229104270897,47.4803621929736,35.5434670804268,37.3609739459587,45.9395869219363,46.4162994798792,48.838097442421,39.8476633011298,31.6726972334388,51.1637881077695,49.7246123032576,38.4437602099476,41.2955358180814,40.332537227004,25.938766221198,36.6435326426288,28.3017585230018,39.519997679751,27.4712573302165,18.1173704375899
,67,67.3696639689774,103.40464655783,80.9835100442165,117.716668120562,75.0536132995794,103.349604785589,98.5693823619531,95.5956980531139,93.2430959955007,107.264564618332,111.492654565739,82.5225444978546,90.8712622700257,88.7545205120371,97.8403304804262,50.0423346510788,52.5984628283197,57.5401065417843,50.1655349933292,54.8245156130756,79.659337522191,60.3715353952014,80.2097990691373,64.8135210954522,52.4907859713749,60.9209009013964,42.8000557960456,53.1108980835115,45.3602724524189,55.8310756949447,66.918356764206,50.1923400883409,37.9134449174189,45.766519231951,56.0250565515603,62.2020225746617,56.7677743361128,56.2603611535069,51.0514761188533,40.0325660332496,51.1834293459747,57.506637142448,37.0693999601406,46.9801284411164,41.6860975169311,59.3994528563617,50.6152655393498,46.3127130416515,47.6229104270947,47.4803621928336,35.5434670803472,37.3609739461153,45.9395869219131,46.4162994799083,48.8380974423935,39.8476633011821,31.6726972335043,51.1637881077838,49.7246123032016,38.4437602098526,41.2955358179356,40.3325372270886,25.9387662211814,36.6435326426117,28.3017585229859,39.5199976797292,27.471257330116,18.1173704375917
,67.5,66.4801215146331,102.626349867079,79.8074407200443,117.075424751666,74.5160429023069,102.706626312641,97.6581523142934,94.6016661021313,92.3913864434717,106.525591948253,110.703476673373,81.8333717158325,89.8543289651129,87.6605264601044,96.6396202019819,48.8043059059462,51.4490992207639,56.5671897262255,49.0756435526928,53.7444138470912,79.0443768974581,59.564373162834,79.5245497496314,64.1493494006577,51.689112896026,60.0810436538013,41.7911951075503,52.0407953732074,44.3412990667873,54.9384970456233,66.0163135835758,49.1439863180963,36.8998047565794,44.7077425146804,55.151482999722,61.4451233925927,55.6981751327751,55.1835343556709,49.8927972889869,38.8731653299187,50.1941887096098,56.6574992433204,36.1403727974355,46.1330263893478,40.6782918318822,58.3994868166565,49.6277062674651,45.2852949497349,46.460978783939,46.2381671150881,34.2187704797293,36.014229559534,44.6345594958209,45.1711477082383,47.5641816636278,38.4835308809563,30.3562834552843,49.9067289143907,48.4316669522354,37.1255828198166,39.9378896900625,38.955926552444,24.2358090815997,35.265105078885,26.8985683704805,37.7220346375964,25.8571062657452,15.7707905839804
,68,72.105066772175,107.681952021631,87.2228559913783,121.235672690734,77.8729432542668,106.822071785084,103.493391645808,100.959668780567,97.8015062752288,111.158089382357,115.61490039934,86.2130919960662,96.3086718734453,94.5924939514096,104.216598102753,56.5595481503995,58.7192853723132,62.6214093555584,55.9443841116317,60.4759175985239,82.8331294280631,64.5563966365528,83.8996990153753,68.2186731452607,56.5524850970903,65.4320289788197,48.1321304346091,58.774465422176,50.725405511588,60.4994989369375,71.7484318200059,55.6861477876039,43.2831289727271,51.2838258923071,60.6406201886898,66.1368924750659,62.4372093726095,61.925669425945,57.1138865126477,46.0702595221164,56.3695014795521,62.0772838917512,41.9849166081281,51.4314576516188,46.8521006094618,64.7715159062332,55.83699228358,51.7286917028678,53.7370711554631,54.0766627357355,42.5383718764083,44.4497600117777,52.7351330761751,52.9611577362057,55.621715258465,46.9959235464262,38.5587523749484,57.6872774945034,56.5569585408377,45.3780765279016,48.40850928343,47.5602772977829,34.8706597471041,43.871806528967,35.6874887575846,48.9583754014741,35.8831909993335,30.5874926558447
,68.5,82.1634907259725,115.583159982171,100.719316364004,127.884023021496,84.3153045875151,113.735890239668,113.365979993141,111.84312457303,107.39252000231,119.84693946111,125.228350846495,93.9199242170976,107.710151394818,106.93422887505,117.915261483631,71.018261812035,71.6411624540165,74.3208977146378,68.4034230707155,73.4159158301636,90.4086949003965,74.4698758602958,91.3816045417916,76.4163388050115,66.9502044628873,74.7386443562311,59.8253129917841,70.9951537071518,62.6366384794633,71.113196061174,81.6814261342552,68.0190643577719,54.9179473537234,64.031600859156,70.6997793764374,75.3262865785493,74.675720660254,74.4438299307676,70.825020672939,59.9695523812136,68.0399849592573,71.2299213397307,52.6536703322787,61.2458957477561,59.5323740687891,75.7692646704568,67.1962144604991,63.6106704274077,67.2979940751845,68.1925509175214,57.9163549626685,60.2043148872613,68.5034755889576,67.4825251819877,70.0219548850223,63.1414401770512,54.16006375862,72.9490668772123,71.3808086196402,60.7945758742544,64.4393302032374,63.6120434910183,54.9426387849903,60.0683068436515,51.9626137567332,70.089997644154,55.2564440175918,57.325698843429
,69,87.7718409026029,119.319872281004,108.10057453407,130.364224153027,87.5586955994065,117.494800315064,118.034301078604,116.591692943161,111.685619100527,124.445823462635,129.839975131786,97.7617993877527,113.484989340163,113.313996861122,125.614970201822,79.8135659975912,79.3369646058611,81.1261607730141,75.6520113775973,80.6895949453892,95.4987146281949,80.3695926959306,95.2969913503862,83.1179537564665,74.1969034728709,79.17718576945,66.4772077706064,78.8126939922756,69.7317058041579,77.7879512862187,87.7004566602993,76.2120582251705,61.657839204325,72.0143185802378,76.905540564903,80.918556499551,81.9269256586263,82.6703164637067,79.7964031524314,69.262702099988,75.4069716833235,76.9809268457448,59.1392189746682,67.9688459250415,68.1033228952276,81.5006789915244,74.1377043921998,71.2831716030198,75.7531388830737,76.686238659084,66.8552379521507,69.7026762618029,78.278284334195,77.0789405557216,78.1833608881389,73.2281998785168,64.3831656966756,83.0189799048046,81.0210266645897,70.2971907443966,74.8325645418406,74.6551278617092,67.7017468736331,70.7702673632277,62.8839304846728,83.4498823411554,67.7941446568993,72.411367093832
,69.5,92.1824551759642,122.786768907206,112.615371575759,131.983538213043,89.5831331091856,120.926632418892,122.119346737871,120.353595196096,114.956962178123,127.677472673374,132.389671748663,99.9652974544495,118.013125371814,117.77945223314,130.824347305898,85.6725535527073,85.1065779233243,85.2819745236186,81.0169990443037,85.4621817438215,99.1397440318033,83.9544039022696,97.955176542079,87.7416842544287,78.8527825232422,82.3903777841799,70.485796313066,84.403524964446,74.4064152240128,82.3196162915317,92.5030829863447,81.785072292173,66.1748389546805,77.0967681470997,81.510327220416,85.0771637050368,86.5083916871413,88.3325338641982,86.3172413722896,75.9392668400562,80.4953596138764,81.4266634769342,63.4259722963063,74.6378285136925,73.2245400402613,86.2973478036888,78.9273449656253,76.7773467409588,81.4163825258065,81.6578389187728,72.2198082732341,75.4340819997885,84.1189982448007,83.1746377482177,83.062562067337,79.364736862497,71.0290725803509,89.6670743011778,87.8983110767629,76.4275930768999,81.1954020943297,82.112777861742,75.389076456061,77.7600732701464,69.5881232894617,92.1598593439655,76.092283576382,80.6610253194586
,70,96.6027438273463,126.056952824505,116.492921995142,133.701491282235,91.6937384823373,123.897222925746,126.325431384045,124.957717264967,119.125959044736,131.020036829884,136.049243612617,102.443072122832,122.664641691625,122.377057897,135.533971042574,90.301800134748,90.1387227955986,89.3687950365313,86.1556836208424,90.227155095904,102.593118321055,87.5329420742682,100.843159228,90.4921585133866,82.2861132574224,85.4897646679856,73.9159637414391,89.2364873324207,78.6658373825985,86.1949930820172,95.9602091456761,86.4843031940547,70.2550485813066,81.2594630368246,85.6950104799741,89.4553631378672,89.8625337989495,92.8879552157355,91.5169832783533,81.9470973341963,84.9329369872507,84.8117385235362,67.0681643396186,81.5822630230912,77.3214101433364,91.3349336056713,82.6579224114334,80.7578055008555,85.8019812047389,85.230787566491,76.2958958649806,79.7593154464532,88.630441047407,87.3830065977463,87.0692255884442,83.769372245175,75.868946690744,95.2310045937029,93.0576007152122,81.3094845477594,85.1523019178524,86.7134004942116,80.1987164421039,82.3585147339572,73.6127503288734,97.4336018801848,83.2026886084593,85.4586209838242
,70.5,100.714320063363,128.510153169208,120.226174383406,134.288136765728,93.6821406053366,126.438999158927,128.949129640145,127.669873336957,122.104692249455,133.999514587323,139.333431241705,104.94005583108,126.02027935732,126.477354220702,138.788641078689,93.9181501507016,94.1893019170013,93.1935275982141,90.9408530268554,94.4950937824847,105.886057590517,90.712811817805,103.922188492888,94.2473950857459,86.5034441155639,88.2881330096402,77.9374084482113,93.6444424368792,83.3414070199967,90.491850086132,99.9050865926029,91.9168164491673,74.893797325795,86.0728294852136,90.2391648207047,94.7958127237948,94.0621545988583,97.7401764579513,96.1722340674191,88.2257535336284,89.7737717084494,88.8721449711329,72.2345803082542,88.4404175637212,82.2651969137081,96.2077913850364,87.1364175117376,85.0007411345846,89.9308274260675,90.0403003047438,81.1198522389966,84.096898956014,93.9802917598233,92.2818401217551,92.3092992560128,88.9163074515195,81.0771056973761,101.297252228381,98.5093419675743,86.6382071253204,89.8276226607513,91.8614357869426,84.7963883000823,88.3794148131506,78.3157757950318,101.821912343565,89.8992539196211,89.6222434859466
,71,104.021460552595,130.279875013131,123.660356926944,134.363377841646,94.8623374663227,128.699809428216,130.925496241379,129.245254352303,123.846060014945,135.726509572288,140.655570926936,106.02840615948,128.371907928303,129.657250543938,140.147497926352,96.6701944858892,97.6522387469622,95.6642750932836,94.9284675021038,97.6732130258663,108.466900630861,92.8755631466947,106.519632374655,97.7065019683321,90.1473381038692,90.3702232961762,82.5868554969463,97.4293760765008,87.6927975813494,94.0039516388401,104.029061879862,96.6334111558604,80.0536411025188,91.2770865925454,94.0773995687096,99.1757271552729,98.7894530094768,102.152792384223,100.596970036183,93.6364426684205,94.2546089994141,92.9222830157398,77.8019533808197,94.7029804702461,86.9193081314205,100.882828211967,91.1653224874412,89.830885368058,94.4658621581789,95.4031636860088,86.6546798465481,88.6070852735697,99.2516480745026,97.5250425160884,98.5163898883511,94.4325295664503,86.6318216242062,106.489858183339,104.126408017616,92.0920160927951,95.106395204207,98.2352503048464,89.9360394598173,95.6760355724925,83.1853178441029,106.136384052562,94.9914165657906,92.430169710555
,71.5,105.735081309834,131.165477926341,126.088350856172,135.020963539163,95.4686013932549,129.979652407425,131.998694100572,130.96371814,125.181548804114,136.634049980226,141.410477717845,106.325157104572,130.124864084115,131.6904924621,140.894081367154,98.5999353384304,100.050440046497,97.120445795211,97.8250492926709,100.418724754887,110.225956055968,95.0340027610013,108.624150051431,98.8637318485646,92.1692138014024,92.4087049129362,87.6175403848174,99.8600266173762,90.884324915213,96.5825308566289,106.657947356117,100.632436214798,84.7567041470139,94.5952619102986,96.581638749582,102.176540702732,102.715785184731,105.746488563506,103.703547695953,97.7813028955717,98.1693020906071,95.8908473538374,82.4911134050586,99.1313887661063,90.120461057293,104.68653359269,94.1663005835085,93.4951845148123,98.1812076805431,100.019161129273,91.966887593815,93.1471299658208,103.074707696089,100.683100638774,104.295540210634,99.347245811809,91.3893000335813,110.016311092048,108.21012982093,96.7900917667822,99.7253335368455,103.855799598629,94.9471171782682,101.255479168027,87.57601046732,109.582955265075,99.0170777028873,93.5750623603871
,72,106.885330792963,131.083189994978,127.405971743723,135.852960976809,96.2798721795509,130.249831280965,132.182260918539,131.383471378866,125.908608331841,137.605024705003,143.047526677522,107.361211960423,130.755408627897,133.023793820976,141.46404681277,100.252164452646,101.560491288564,98.9659455088665,99.8997999304761,102.80317323084,112.123161210318,97.0284770238919,110.458894042596,100.145987848145,94.4484529812589,94.3551541446489,91.415083890151,101.632213710599,93.2898652808819,99.17948222621,108.553072294508,103.79151868304,88.014468870514,97.478835308042,98.7564859849538,105.192247320703,106.281616599046,108.54593071412,106.126547541654,101.397487476917,101.013822032457,97.9530656546871,86.1376408499852,101.726345188158,93.2729538202454,107.128171447955,96.5750742739187,96.3239342071261,100.570434804411,104.352474075588,96.7674603874204,97.2546156557553,106.445529253328,103.201737982306,109.260716062019,103.800338626794,95.5906735358818,113.271407490531,110.969215541307,100.825897806336,104.030794202663,108.728545118045,100.071497531019,105.782173136719,91.7059767947721,112.28459380174,102.469097348677,94.9950269255987
,72.5,107.541432975296,131.063184487707,128.212905431317,136.694288767745,96.6559613355847,130.609568876766,132.64014255291,130.802179183063,125.734160255033,138.002016521294,143.694812454283,108.145264850543,130.605186835613,133.743496932822,141.432261282096,102.26586362865,103.303267033936,101.456096039803,101.518288468412,104.115818179184,113.535526846306,98.3916315127461,112.006360102667,101.926181432969,96.390321288734,96.1407384617121,93.9163297671757,103.860836975475,95.226554779079,100.615075810731,110.291381919527,105.92314772448,90.3116934508944,99.8416933848164,100.708310892843,107.005205126558,109.108559303423,110.597379063083,107.987787872285,104.042654104447,102.118082282212,99.8320809586077,89.4191030315145,103.540019737333,95.0734781562371,109.32768597709,98.6723930846368,99.041064882633,102.890062832803,108.487319161463,100.899411294298,100.511865591057,109.59164071087,106.481968787258,113.231353951954,107.489714531719,98.9286174752405,115.988846266105,113.839486785981,104.090700984018,107.821011535416,113.04682192181,104.439767567032,110.261928717968,95.4084224638876,114.395025202181,104.556203799148,96.8476489758822
,73,107.379892902167,130.765201099111,128.516892157394,137.427812937183,96.754779561484,130.895818426098,133.255586039601,130.621992399423,125.552488800036,138.425031725932,143.652968184093,108.431358989887,131.223704092377,134.108151857142,141.747520985235,104.436935653942,105.375402494982,104.537679918457,102.756646533357,106.171956485883,115.448314300534,100.310965714966,113.805076191811,103.287643181678,97.91594749743,98.5126358580037,96.2356855146629,105.932238842507,97.0921438354937,102.289261268113,112.109126646044,108.20424357191,92.4863473504865,101.398645628272,102.65428795327,108.462839101837,111.855481742579,113.110350416105,109.851127592466,106.699482796806,103.600137600712,101.641945891883,92.0500389018422,105.019446693338,95.258803570747,111.425289228625,100.098864219166,101.116985811637,105.07330340217,111.329725712126,104.146470632,103.050541044017,111.862824463134,108.505640743592,115.757570365935,110.501644268327,101.382077062286,117.972397848142,116.354908350004,106.480106961541,110.939915956146,116.280447410423,107.159455266874,113.030542564091,98.1388943153024,115.941296082481,105.839969650105,98.299408535291
,73.5,107.01705728653,130.312447878228,128.483400704009,137.365075462569,96.6712620391321,130.300950833681,132.925734110023,130.221686157917,125.127271244045,138.585700316448,143.756587598789,109.408448858834,131.900306758132,134.265993936468,142.614575384485,106.895750379781,108.069523268445,108.167915243572,103.943684151998,109.112391586324,118.384048899562,102.622887427517,116.683498305321,105.464733679168,100.465983531588,101.276568538429,98.2469401079036,108.318133380809,99.5614967635586,105.57633861275,114.853419018771,111.67641076786,94.574460762916,103.879308893156,106.055308905204,111.514311710232,116.199374659048,116.611765133104,112.597922598784,111.157006018006,106.904629603608,104.397035518038,94.7937612409703,107.073934627413,95.7576324761767,113.463415758958,101.588703618539,103.22310233749,106.916547618483,114.431238295604,107.466827855868,105.683441705639,114.645882403007,110.326308623546,118.302862055815,113.484353318598,104.208767503661,121.03257666256,119.229073023547,109.043365385137,114.207015810589,119.089071418915,110.102336787281,114.87882137718,100.88795620427,116.972756750753,107.002727346601,100.186650382163
,74,106.758132722729,130.056307900245,128.438585610153,136.954934634507,96.5491293254436,129.761995964644,132.329661156575,129.233260403189,124.228966566295,138.085139166987,143.59145893941,110.080948480422,131.544305072228,133.918420476866,142.530865163318,110.540782196877,111.909820298784,112.662458973322,105.609894225624,111.845476401226,121.910002396376,105.405576226373,120.173577727076,108.950313413898,104.247669368606,104.340798966718,99.8408902197964,112.096816399586,102.703855207739,108.886171821143,118.40786572516,115.34998526608,97.023257433463,107.749427955476,110.517199192229,115.21344710639,121.285639564597,120.522609165058,116.081331451358,116.850068955347,110.38980874708,107.961675940986,98.3949777613244,111.150610354651,97.3867954358304,116.50736278865,104.406972806506,106.104247648379,109.772240932654,118.772359008754,111.515278502891,109.047845801971,118.937128567193,114.572452119288,122.088990945401,116.898859702511,107.87434052334,125.653110825792,123.382309645159,112.220389040781,117.869621562009,122.28305119013,113.655088669354,117.819605546109,103.64174056687,117.659945909387,107.56141302235,101.973328216506
,74.5,106.085457283403,130.180749950046,128.056862589691,136.409144210134,96.4504519880351,129.174709751815,131.649816253444,128.918247139491,123.370089793207,137.387842921629,142.483536044522,109.777932739402,131.18253598506,133.147521238713,141.898508301142,115.368090895773,116.659164531843,117.834041564844,107.859810090648,114.693169015088,126.402135947553,108.974726725688,124.277430242563,113.406359282417,108.751913695077,108.302280484733,102.619457007982,116.563398123983,106.637197184117,112.671624522701,122.934529993526,119.783361675307,100.986283578579,111.602087301057,115.282871881298,118.902291545715,126.526551688775,125.714442273112,120.00152956357,122.458542852068,114.637351068356,112.538156925346,103.399201907287,116.97446857609,99.986192784629,120.853359295624,108.418646800919,109.868846029832,114.125803659858,123.934741051861,115.704423198719,113.391718025702,123.63846960542,120.138044630194,126.928424883967,121.137686715128,112.171010998261,131.37648495042,129.227958823572,115.821694622208,122.11401004353,126.156717381024,117.74465254168,121.993547040326,106.95379344175,118.197831044438,108.309600408318,103.714207375637
,75,105.802064327335,129.919007469735,127.566528688005,135.244319792369,96.368087134314,128.168704648679,130.606765479256,129.365426139484,122.9715417551,136.818176184515,141.711033462755,109.482127067552,131.263749758402,132.59183561227,141.772422245268,120.520998545015,121.864714411775,123.201425379006,111.625160134837,118.747235743935,132.011348487297,113.419005478376,129.422418265255,118.317797431829,114.619627764456,113.277041487345,107.408927036918,121.172771697575,111.34812068792,118.632513834148,129.259014198207,125.578056322096,105.902864762359,115.799355330635,120.997029941875,124.228924382508,133.896408147387,132.650957368631,125.341414662737,128.840675223137,121.201175828287,119.042241269026,109.732230956261,123.457171789072,104.389068745515,125.955795059509,113.501270508612,114.58128534787,118.836225867568,129.810891648636,120.98831972325,118.649358921129,128.992727206376,125.817488838667,132.897486882899,126.498027756693,117.496045205045,138.228668883103,136.168350263456,120.391703754174,127.155302704209,131.226669748645,122.707796501976,126.753361671851,111.372116506944,118.701510725224,110.016109858306,105.7219328748
,75.5,105.903553813465,129.72313663422,127.591453426837,134.405982929401,96.2218146688155,127.35890895148,129.863961946022,129.103234577336,122.745673872166,135.950859710109,141.385004707533,109.254611977695,130.4723593495,131.910158217428,141.42499586531,126.353590924941,127.916096182727,128.746980102177,116.936445086875,122.793602105409,137.698285422781,118.467290186399,135.228486407189,123.575951458796,120.779188527779,118.399705986835,112.713300117874,126.887039258371,116.174380534833,124.928940397153,135.881313330353,131.314249250934,110.706075905945,120.881141669777,127.255113998126,129.9215252015,141.728314881266,139.759274075087,131.62655575973,136.026963216639,128.216605725187,125.905693429448,116.014334545525,130.95660270245,111.145477534465,131.705746175906,119.425971280643,119.884884410553,124.163531211854,136.594442703554,127.305676674856,125.233929415419,135.584168759534,132.787688461524,139.743785316783,132.71730482521,124.054894024858,146.022146708667,143.797006451277,125.761370869112,132.698298084875,137.646087628323,128.652624522426,132.454198121074,116.283134725284,119.316461348938,112.103753888202,107.56982479435
,76,105.746767460797,129.723153021539,127.605790007794,134.443006033671,96.308046367844,127.233063459785,129.811847063289,128.675619388138,122.652676772867,135.500886747904,140.921419826807,108.694388969217,129.627501932025,131.257354213424,140.749823868784,132.58172131851,133.978586596199,134.867017283909,123.443909773201,126.610265928965,143.118300213372,123.956945499734,141.208608248047,128.941185045062,126.812833680937,124.490403749592,118.065669232123,133.036308069768,121.528573345872,130.524343264269,142.382364516077,136.807256840713,115.846225394725,125.484055535518,133.667457128205,135.270872934207,148.497662944654,146.86355386912,137.673921812456,142.255426141037,133.87140010811,131.913322775085,121.674201425184,137.856310325598,118.190149590628,138.115544387991,125.709684427039,125.02986591814,130.016159806325,143.670560733078,133.682312304156,132.010271921081,142.096777402535,140.262346145806,146.773852231032,139.658061277583,130.533229851863,154.145568688376,151.7906919115,131.826382726169,138.644752879547,144.185998088887,134.652193607555,138.84398148441,121.794220218069,120.089172722547,114.046230175213,109.038624955141
,76.5,105.730856793538,129.437246413275,127.343311993446,134.135198064831,96.3996420573799,126.658913391935,130.118039547495,128.876120685067,123.095925017814,135.929228919127,141.118397106899,108.811625199931,130.172899584567,131.236882477769,141.020711035016,138.911321877651,139.995157441205,141.8895832111,131.854610867037,131.972189851094,149.245979209045,129.689493097485,147.595347285091,134.754358107197,133.298485466941,131.704299140276,123.993600404389,138.958456602779,127.661811884227,136.963234660034,149.622159215721,142.513326026515,121.415679969862,130.390046060987,140.596105082899,141.375850028489,156.142030269128,154.205722881059,144.512937518083,147.775837442254,139.501368048286,138.547191143678,127.135449373643,143.443451918236,124.848302052181,144.486451889517,131.689852333499,130.349392708469,135.74548214283,150.552987217755,139.966512385255,138.645247529412,148.07769149835,147.053794321751,153.573044073666,146.884934584188,136.77347478044,162.015778235219,159.811194041454,138.490397835553,144.835060665929,150.688003987266,140.718536385022,145.186207862682,127.811216106891,121.052558887857,116.437686335036,110.79288610679
,77,106.380370607056,129.364086947287,127.93126019648,134.235628455121,96.5067260331151,126.942871200717,130.578457477065,128.945110342554,123.701848961407,136.4299491648,141.990020877206,109.682511680325,130.915046852847,131.908765684815,142.156856280469,145.392644789378,146.584824803958,149.322902149305,141.801218039642,138.167017900632,155.002697320938,136.236063429695,154.364777753323,140.870323934403,139.713985114199,139.052287853086,130.132953737199,145.055318084752,133.903181091361,143.344543753824,156.560277641317,148.247870185049,126.751762411413,135.63498516017,147.588809880887,147.648818187947,164.570701542632,161.467297193488,151.268108228901,153.981568935794,145.645940861851,145.486938848907,132.363051438214,148.874087147601,131.507709851238,150.221950661858,137.659914984411,135.796727791516,141.48371549276,157.767617131609,146.981544230361,145.452135545159,154.451835731335,153.426605405063,160.38037146182,154.025729694392,142.931672590001,169.77493645655,167.493657000656,145.562967328644,150.98974382846,156.95731338142,146.594084733566,151.207080637148,133.8176359586,122.494441092721,119.106537387557,112.912843989618
,77.5,106.773045532605,129.921631811808,128.968553488814,135.239855001149,97.1214879014786,128.156812643238,131.272412358089,128.755234344422,124.521590858612,136.937967511752,142.672957911303,110.600659981384,131.544507945064,132.991741500714,143.456517684306,152.368988639443,153.300618768074,156.58470479334,151.156363528745,144.140737813901,160.602176987843,142.859448964066,161.277814763932,147.957768545158,145.521735547432,146.174652457781,135.088015982564,151.311458514377,140.280686871132,148.869703217524,162.670370789273,153.594882916468,132.066387191571,140.936198622331,154.421327541693,153.178783002238,171.876854832795,168.436873472339,157.427984213884,160.699202815832,151.035641655128,150.899801369792,136.833962467014,154.833139733613,138.363827871804,155.594536723164,143.011561117064,140.435179526562,147.349896271444,164.580999695695,153.331298162784,151.843964364148,160.819143112779,159.644978779763,167.082053156618,161.128559484705,149.19781208327,177.565939677636,174.378334996892,152.608278769073,157.300188076964,163.005125206217,152.486070778517,157.149575707713,139.608777984433,124.62472668869,121.455531321728,115.565425248055
,78,107.159970891407,131.225666979435,129.514287746564,136.663148389902,97.9968483229372,129.357163433476,132.280962215884,129.935971059129,125.76940300067,138.126883334503,143.728631822323,111.869813667596,133.340992066278,134.852877848751,145.586304422363,159.691006330016,159.97499880697,164.224507082826,160.423101021066,151.323620545225,167.042200895351,149.428732688094,167.994101984112,155.617841102973,151.807361284537,153.668818891522,139.870480305155,157.302325206567,146.87636400637,154.41571201602,169.002999742891,159.465941235057,138.05441561289,146.398679001253,161.643353228974,158.972418887506,179.068646071867,175.760978966303,163.967505821763,166.936585790212,155.744107521091,156.73326881714,142.387008385932,161.173139750471,144.434625333564,161.079439257109,148.185845161289,144.880644731101,152.643465547942,170.90701756232,158.950655725611,157.586243871642,166.863689342063,165.812895190569,173.717313013447,168.336117264848,155.047958404106,185.396715022426,181.041746771529,159.607070025652,164.050352228986,168.684049502157,158.754279009212,163.069638012972,145.47884970599,126.963375200768,123.445902235496,119.189440722349
,78.5,108.712566295201,133.040415250701,130.836916081345,138.996322340508,99.5304285299363,131.231407489478,134.010813403484,132.131198877973,127.747362238876,140.37362079584,146.441378960646,114.166018748717,135.917311578956,137.932451145988,148.904241048688,167.809415745575,167.466939335331,173.003505950278,171.052151572879,160.374867140167,174.648638994907,157.324013952778,174.532932252766,163.976296149657,158.714243074348,161.239000698404,145.719517340807,163.768134676894,153.45882613434,160.756431830559,175.533086068436,166.105743558812,145.114679028777,151.765706911064,168.904678828064,165.400613540076,186.58956234699,184.129596835022,171.156504220849,174.349114680961,161.088445217204,163.722853530756,149.622392214141,169.051965848178,150.788172553522,166.917956697087,154.307653297757,150.351703321804,157.783171623802,177.337462059515,165.561361327233,164.354864547339,173.572127088909,172.480103256173,180.771684979379,175.67985298477,161.084690311371,193.378739444702,188.046006861783,165.928945238042,170.906975597581,174.837586958598,164.922500150473,169.431734280709,151.071244211892,129.966454797703,126.299796154267,124.706928712752
,79,111.728802987375,136.399884891669,133.970732233872,142.870494863931,102.724157389585,135.222448843483,137.423578783939,135.735792611025,131.300961632867,144.094399423992,150.472452366996,117.548783876072,139.139976151368,142.38817666228,153.45184276303,177.749881231348,177.09209803095,183.33720629758,182.229567256212,170.722127697806,183.019811507472,166.116860140591,182.453123927845,174.220016073048,166.384144828354,169.972870250842,151.91142734007,171.77437289527,160.930306162994,168.254324050496,182.967761397081,174.433392020653,153.05703323745,157.895030963365,176.729410507847,172.89780030514,194.370321474065,193.927572574449,178.803656208704,184.072816253573,168.128235911391,171.341436824051,157.761076556437,178.844193411721,158.299605734784,174.094924926728,161.328044968195,156.935687831448,163.45948110566,184.26796962586,173.233752634016,172.492282827244,181.960471888313,180.337020061725,188.930758193042,184.222244207281,168.839331490167,202.273737026599,195.757707967546,172.343780722315,178.816984877038,182.368886527209,171.707737735282,176.950597888785,157.474338678164,135.011324141909,130.821122274086,133.687462240368
,79.5,116.141844580281,141.875148370849,138.580592363033,149.09001723876,107.92570235574,141.247991929504,143.380944014274,142.130924719541,137.912286429076,150.98113468273,157.105635485525,122.359750066727,145.007915365395,148.794464533832,160.818899312286,190.592399885742,189.843835017625,197.017136988788,195.887112089403,184.862124321956,193.170363655459,176.211192234441,193.084546780681,186.078563726212,175.894758366304,181.526591877964,159.450802090014,182.395627270642,170.7568013261,177.629752367815,193.530092192426,185.366797319691,162.735902084933,166.773116098221,187.222791532217,183.581350663663,203.721274676546,205.81414221019,189.334115266505,195.269648314511,177.275121271518,181.959627384474,167.872360347371,190.556086143153,167.450070062119,184.58667830336,170.043876231163,165.512340219229,170.478548051163,192.287975603932,182.059949364739,182.591698686099,192.76752122038,190.100501536197,198.641734936539,195.158138787614,178.67030028977,212.29191567354,204.206165185705,180.44489120637,189.493610157327,192.252511645753,181.173829992864,186.574152502058,166.510392271597,143.598530116509,137.99878743138,147.665941495461
,80,123.726874661596,150.788716180854,146.782238405772,160.170954537443,117.177149602249,151.703243470826,154.167804158381,153.319359380197,148.970164463664,163.580120745466,169.515160760263,131.454233888528,155.825289232051,159.759685346415,173.17477218141,207.657324575563,206.951439196839,216.090342760175,214.645595820163,204.687101903894,206.940414555201,188.957059731401,206.599202448793,199.543325523413,188.003165350614,197.105787850145,170.211231428843,196.10613881271,184.197424199861,190.228934196894,208.470586017378,199.360950814496,175.113780716987,178.754597790174,199.956509900594,197.927529634164,215.688083692457,219.524264855025,202.933199246166,207.909645320171,189.593396070268,197.556211869482,181.449622581784,204.783361332077,179.581379817288,199.257917700267,182.806183541996,178.267511158475,180.893864691437,202.905696278315,192.973653181702,196.789679439602,206.394202534408,202.034844947126,210.146008828872,208.952588306258,190.563169532164,223.652950647799,214.232620768688,190.647628190247,203.709623202954,205.286186565201,194.602446792087,199.276277573639,179.000159402614,158.462540578114,150.407596882474,170.05666368952
,80.5,139.217939572278,168.579267936931,164.653731496617,182.488710838146,136.727332272092,174.248465657522,176.206192065162,175.299250768579,171.66894570859,187.673146134853,194.387043511238,150.2052022272,175.790976822768,181.31344405758,196.965687564205,229.946799376491,229.90128726274,240.871163402515,238.743895696473,229.397622436164,224.699375667343,205.690888100048,225.496195633646,216.416618066783,202.983011051593,217.269801674636,184.702613642476,214.498030048368,202.794115557892,207.375636806246,228.308850872719,216.95821002674,190.920128127058,195.428397845673,214.475961298956,216.604017092271,230.769464834232,235.746542572455,220.092657293425,223.809324726144,207.236960748867,217.867575058678,199.807063252675,222.239651281391,196.628022266106,219.05139681554,200.453366764542,197.07267192822,196.330904128853,217.146532838874,207.073350609771,215.642443476366,224.617967899169,217.240430142684,225.21488154213,226.223048122272,207.137651282462,237.318728828972,226.842828272163,204.965494783762,222.836255107439,223.601363655478,213.444655488811,217.080530685073,196.591786028845,185.846449505906,170.975943360338,206.337745103854
,81,171.171493613702,207.947443192,202.116827360425,228.768241508073,177.345176460076,220.352559686595,221.207554569207,220.734348206753,219.732986423686,236.555298740659,245.138526076164,188.59419184635,217.242567430696,225.630564654174,247.400711381929,258.156773771615,259.06185950583,271.84778091194,268.367701626605,259.786470000484,246.981445097901,227.189903306943,252.933331825856,237.934393545446,222.083996210239,243.552596087427,203.650753843473,238.586629373534,227.398793803852,230.652570081834,255.051392495199,240.360401385563,210.721073683503,220.045909798883,232.963833770693,242.046283299647,249.906695583726,255.581496280308,243.283749590834,243.885197908551,232.458161916739,244.563736395744,225.190033020306,244.749370849925,219.730518282343,245.067252842671,223.529166905945,222.811679616658,217.620504861443,235.914377008947,224.278623061221,240.12809747494,249.999453806771,237.630520382519,245.786839390567,248.602542314814,230.428670387245,254.573157750638,243.221380191445,225.383739877259,249.529196118723,249.979635428124,239.83865967481,242.69374002511,220.46431537524,233.985098358198,205.91028805853,255.212917186504
,81.5,228.773156201753,279.330817746046,269.458787427686,310.86494723278,247.952344254535,299.864378706019,299.736253137968,300.132713375043,302.548403205519,321.794644022387,333.795314956203,255.51435911836,292.618392843935,304.516226854655,335.748813567467,291.391527503153,292.897893131847,308.036268969632,304.259878810352,296.183191908118,275.290940850014,253.354398265357,288.703826440179,262.725388523182,245.617099595207,274.535433440217,227.838411577625,266.529807478129,257.077034230812,259.510201534387,288.234238034816,269.626850132287,234.15722615564,252.404899129717,255.683936354947,274.119950399139,272.765714634835,279.249259683293,272.101980952308,267.80819968246,265.804361207702,277.793261783315,257.480990877055,273.117051783062,248.468211967908,276.769259141841,252.941354776467,256.292310275602,244.8859630557,259.268446577968,245.263232192163,271.444136507555,282.641984538537,262.991138660344,272.15092432745,276.465621642519,259.293388520903,275.363772855187,263.657955682262,250.976375444539,283.416704966258,285.000841335478,272.594791102494,277.047365563195,249.488620576366,306.892928852831,259.106190810941,305.379283871401
,82,317.872584123126,385.893157351039,372.291312647998,430.157664958384,345.952788808345,413.932566155023,414.75405743561,415.116509837833,418.982874472979,445.106187127281,461.889034856701,350.840689180513,405.381913212883,420.241878231937,461.043199626284,328.201585455122,330.017899153173,346.348338791668,344.711829866702,337.165407147606,310.624983729329,283.003472274874,332.146329429327,291.18777054081,273.794494525869,308.107771294561,256.85427106703,297.539017043581,290.752535023671,293.470409823192,327.238544808875,304.936587011968,259.969120422035,291.762900592886,282.356293569163,312.079348007512,298.734209038337,307.329015515965,305.957905741777,296.909179463983,307.099992647919,314.129343366038,294.357930981107,307.753709247,282.503464282646,314.028765703448,289.092312122944,298.208784346769,278.127002387467,286.209951933109,271.111642810666,309.314970357024,321.924050415664,294.601131946429,306.549773174535,308.902331954636,295.002403777926,300.389803132582,290.508441040911,280.988082391861,322.900739684987,329.415204216891,310.663101513108,320.512267855929,282.656597813801,405.055797995618,332.537891296614,351.763023999323
,82.5,429.361610370113,515.214886421258,499.249231348054,568.314209000789,452.11900941557,545.078200668203,550.198099745801,548.776936832753,549.063375647996,588.253878614896,609.433550787443,457.989546009329,538.398605311017,553.956355888103,601.21138965857,363.333295129656,366.042997384258,381.560421876284,384.475646945911,377.784433225157,346.775989131488,314.85682644274,378.680815862498,322.034684350652,304.577005206788,339.768537292855,288.172175950843,328.937580308329,324.460658190469,328.482113611811,368.061765655585,343.923413470503,286.463233908141,334.714235492466,311.571182627237,352.110602311053,325.950547296741,337.202562558769,342.716573111348,327.892996325132,351.075120143969,348.809336928254,331.353846534059,344.71113983812,318.948616620791,353.120728630099,327.145652883769,343.087681814999,315.395857027488,314.425682433474,300.236326274728,347.986011692019,365.029494390382,331.23873469697,347.392300953199,342.61817490148,334.651075843676,327.890382080979,322.171256864091,313.985675107107,364.732393176785,378.160375403601,351.444032335145,369.169053948202,317.268062494345,511.601932828319,421.285166051548,396.047246019733
,83,535.823097290728,636.079963883804,619.696361260484,691.467768281047,540.348735219475,659.77911462172,672.071157379652,667.830674846729,659.374339153516,715.329913563567,738.985384767556,552.389577730277,658.126927677474,670.927015737569,719.619390969336,390.180207206574,393.371313881584,407.269896169621,415.26236569875,409.646891422297,376.214260897163,341.600783141592,416.108580636187,348.71744849477,331.142127832644,361.023563772126,315.695443450667,352.385138216546,350.38191891149,355.830020698919,401.273514194455,377.87763811389,308.667369990227,371.437818191964,337.182288837482,385.245681968021,347.251542782692,360.989013952899,374.172062965194,352.739050016016,387.725161953748,373.654813347179,359.588811589571,375.544590700485,350.218466461433,384.48856679529,357.894335775456,380.459500466942,350.198002141287,337.472201293895,325.566835361457,378.66431877837,402.54619270404,363.668895930556,384.889131220084,370.189936115247,367.481553537344,350.371495747254,350.087159835008,342.946930838723,399.142874658046,419.824376075352,386.271633512245,412.439924143682,345.403737887457,595.680857176096,506.683980761298,423.067852588946
,83.5,608.931595850811,714.03422539648,701.354990815683,764.800646762441,584.761140613934,725.861461866695,746.17292144055,738.128260005052,717.204946754857,788.572945974957,812.282401529741,607.629817959276,729.969388573622,736.587310270103,779.636877639637,403.998225853996,407.16312214952,417.733866363218,429.855742299813,426.075233050296,394.354920377803,355.661399218808,434.663378036435,364.657909205747,346.607910369714,365.21116639138,333.737554711163,362.445079843956,363.241615543683,368.629397215427,419.271349371163,398.236368193682,320.834752473698,393.602079568667,352.077527723032,403.721407406819,357.131683980896,372.48443941394,392.853684994943,365.599587691433,408.927614768368,382.056270632342,370.706528809228,392.487857758033,369.603375526104,401.691799116066,375.145514454318,402.920577177424,375.281498687689,348.487878372343,341.030230025239,394.010034037721,424.026198916942,384.10382382093,409.957039364809,384.777051293016,385.44896757871,361.52225688891,367.145165099718,362.254967387775,416.631308425117,444.717791409668,407.415996154576,439.50661091006,361.239165285714,633.63995880143,562.71288334482,418.786804675345
,84,628.521014656447,725.973698755203,721.208892971314,763.197264939753,565.323008732082,720.955243915441,748.324049030878,735.43394082497,700.142595682831,782.614353133265,803.385621251276,602.429929566535,727.682467797482,726.372004859983,756.859886587105,401.826769205756,405.527699887113,410.826351619801,424.72757511306,423.297101197601,395.117221738941,356.73428354635,430.565276760693,368.816719995947,347.41311518662,350.052267235435,340.429231662722,359.079676661667,362.265251335118,365.338920194419,418.427207787765,400.847182176047,322.256397483275,397.25260236949,352.729923368964,403.43179531704,353.243693480094,368.358206019805,397.118150099555,362.345751779973,408.398666945394,371.68349543424,362.931349194121,391.441676127178,374.988204995347,402.526810784308,375.628947016222,406.27146932531,387.243526620879,345.34527788409,343.626896759215,389.670746149648,425.38859511771,389.465786728407,417.771621780222,382.376729589281,385.847296364607,359.330516382138,370.309225285836,369.659615815861,414.661240242094,447.902945370491,413.501509521306,444.988246996549,363.02360351203,612.521570387929,574.679542365804,396.344631599066
,84.5,580.825069479824,660.950960502609,665.018630000387,678.263421074352,483.449927519452,638.255908856326,668.753064939382,652.156173559681,605.104646344846,688.851291302885,703.927663686603,533.398899578621,639.864017350836,632.144283607778,647.133467589203,380.069603631876,384.185169888913,384.318510479546,395.83388286101,396.23847545755,372.705903609669,342.419882568262,399.361659948442,357.65888846886,329.329786889813,314.129150324596,331.169243956149,338.574727968837,343.687013323953,343.146667412757,393.173736613087,380.779245816656,311.181618429539,377.487565065164,333.531910621784,379.650710591114,332.476270861683,343.668066119409,381.356714478751,338.65850448366,381.273629782867,340.944271891356,335.701284983587,367.814773961247,361.667835549958,381.197972521945,353.558543544695,384.812623437043,380.422500553362,326.142152465185,328.240124289648,361.769960493683,403.190487892687,373.125708448036,400.689187308235,359.441692942544,363.550732352622,339.52050064489,353.235525693863,360.151669851569,390.224542240653,423.71625478485,399.202478293127,423.590487736586,346.118078624313,525.454603081092,533.864322650449,359.989130586484
,85,477.046430814644,536.026887378019,546.987633617954,536.470430269744,368.988437113531,502.677695184874,529.776251529162,512.982323930224,464.172081330623,533.895973322877,543.370353321975,424.331679920027,492.351568634681,482.219554446444,486.035810203211,341.04091472162,344.865031569912,340.672746637194,345.970288878464,347.862421287179,331.778647089082,310.316683985695,345.804672359952,328.569534336419,293.004308853097,262.215889812474,304.657474027014,301.301743607039,308.101737962555,303.658511100382,345.243341679463,338.845734309142,285.636894295053,336.942956313362,295.708039621304,336.242743436806,295.228446304823,302.320028713473,345.30974206005,298.786894925589,334.34951202011,294.395837781237,292.870494144663,324.628984630601,327.858345173347,339.3040271186,311.728260711595,342.123561177271,350.662091807299,291.041280458356,294.939701950455,315.385324696225,359.025663522655,334.58339081324,358.71226067532,318.134225006179,320.932930184667,302.752672664204,315.65049270503,332.220260538244,344.403909099192,376.062912002747,362.160230244496,377.292095697879,310.195142117281,396.753836065327,441.988794718801,294.375991454698
,85.5,355.61966825855,394.736984209823,409.429193417925,384.138735906616,255.123784746425,358.675703240456,378.163017724097,363.264880716231,321.129954003206,369.057327990024,374.595737229788,306.84043094968,335.965603415986,326.809923764344,325.238249476999,293.141234706218,296.844543330531,288.921662392149,287.53198264538,290.645340931967,282.124621496716,268.223938524891,285.145558617368,288.661543460151,247.916105808556,206.639386151565,268.298461829564,257.33256600672,264.817407795178,257.664470387758,287.821031416232,287.116974738324,250.388121348413,287.096540592862,249.677931297689,285.140949872578,251.063530149531,255.39465850755,299.227540893072,252.823327488961,280.179722127582,244.053514353632,244.252252737367,273.876293241842,282.313792363754,289.228874945446,263.10014726232,290.79657440345,305.567464969676,248.038659756306,253.360938201022,263.456774498356,304.004493836405,285.8120457035,304.441539967616,269.023166953056,270.273665034081,259.348485483704,269.41742927192,293.228159760869,289.411864603404,318.613389083207,312.62400103215,319.146584265502,264.958421301085,269.077548476817,326.882256715281,213.458931826009
,86,244.055976228255,267.652722641276,282.669326425835,249.852648261125,159.009830999721,232.97549752398,244.883843685322,232.323271684614,199.647579255664,227.56835826871,230.071853827992,200.741645005528,202.217001683213,195.463959731345,191.192794624877,241.609953465441,245.588664646988,234.437850158996,229.119304594244,232.13799086972,228.723877108964,224.029990814858,226.363619856289,244.959282181498,201.608595575769,154.560854725644,227.311320099512,212.643691996206,219.71091858292,212.045825285245,229.02494201563,233.884060807321,211.914729269361,234.99773055906,202.066071155418,232.367787156176,207.007654914468,208.007929220342,249.55313911249,205.276661444853,224.895932831937,195.925707592315,197.53927267418,223.467877291185,233.523387707058,238.139818776214,214.175491708834,238.01634916611,254.730487322669,204.447478994246,210.406906456653,212.912760796178,248.367037675056,235.071782939921,247.518858379254,219.435425673061,219.650066694483,215.731178742803,222.474273828554,248.595997021353,235.101608556651,260.139931446315,259.746518049426,259.891762213725,217.975026277742,163.060878399894,218.92934754437,144.572828169894
,86.5,153.202553828031,166.76979231769,179.3458183672,147.794908797918,90.7537514249299,137.150872696064,142.919733025081,133.64633616691,111.960037138511,123.411672833506,123.904206165792,119.987015178214,104.407066188207,100.70550781167,97.1508122546061,189.175075032728,193.17017234431,179.984260767752,173.387582735221,176.264332298083,177.334999916534,178.510638762401,171.869548274027,197.693468196724,157.573112510395,109.547238453103,182.711806904709,168.032566811915,173.337568886031,167.943729530561,172.870481465939,182.604617506635,171.359713386316,183.96190089933,156.02098156878,181.651934227532,165.359715789514,163.372364707762,197.831934311857,160.777467000209,173.894798170191,151.343257878158,155.275084247348,176.473807070579,184.192210810503,187.870390413008,167.14646317395,187.060412975237,201.775306027071,162.263417091052,168.01405100605,166.295540594229,195.67305040604,185.483672881065,192.840653299247,172.299197247042,172.226850815977,173.735211452564,177.425917896474,200.748631643685,184.085711653153,204.721374532846,205.812729601435,203.626218663008,170.988958972592,86.7755221901356,131.461191065769,87.8247978971908
,87,91.3883052128813,99.7960517062764,109.036900652963,84.9908869096141,52.7861714002274,77.846283765044,79.2602752551972,73.5337998970815,62.1803629845972,62.9172100545013,62.9627348630344,69.6101705509405,49.6239023973995,48.9160158284913,47.8819041654673,142.069771350593,145.795996855907,132.253716000854,126.162865422627,129.509090764779,134.035290037497,135.893575646916,127.178551594941,151.294770156983,119.691614083858,75.5398874627139,140.669439986784,128.290429694432,130.626575181388,129.051122523577,125.598090513452,138.329832154779,131.764087878139,139.311905499206,117.272717690739,138.382507986331,128.902891610048,126.316762511767,150.500225140001,124.212300926795,132.746122069463,114.725183034229,119.95961748289,137.068731565959,139.676024503244,144.460712052608,128.141086158889,142.989780571508,152.769454152749,124.551053702618,131.136051517014,128.087127951321,149.663641127197,142.289844540464,146.057412120366,132.081655025296,132.027630124533,137.246081756842,138.423582519239,156.441070580687,140.063312882145,157.209019335574,156.739210362854,155.367123045659,129.274307365814,45.5778160509632,70.5507554741366,42.4305039058491
,87.5,57.3616136301301,63.1723547098079,69.0495638566279,52.2707848223893,33.56644001234,47.4103191595186,47.5425995114326,43.9641638235186,37.9772723070707,36.4114569579967,36.3540707617781,41.6807768138802,28.5605978017056,28.6369819880157,28.6085055212902,104.411979417946,107.833012194373,95.1289996019179,90.9111109381359,93.9289847744116,99.6276873931524,101.032581623589,93.935747641656,112.846826924438,89.7980853832975,52.6037563810477,106.215235145581,97.0444397049293,96.4377840869646,98.4438039001192,90.3084358197942,103.813168549296,98.2755897961966,103.602311710227,87.304797742222,103.736648283992,99.7721853868186,96.630870533491,112.073027827107,94.7092020331652,100.179321058737,86.7555926794594,92.1116751690352,106.609075782543,104.60947862202,110.45220644412,98.7275424252073,107.761666155257,114.233012114661,94.1496625073764,102.41141552951,98.9256094004891,112.817778999825,108.476044127439,109.748824146536,100.778840622051,100.149859037149,107.965053321344,107.953445656988,120.348311563055,105.617114423652,119.098978501692,117.735592331845,117.872037117012,96.868435666258,29.1598078107356,38.0137636795694,18.2250940848368
,88,36.9936018200047,40.4402023010224,43.8230809164232,32.4235694019085,20.642312978967,28.6906965834493,29.6175875555442,27.0388465601699,23.037365549533,23.3160914287266,22.4574309552799,24.5549091217356,19.0501933516857,18.386650145972,17.8795276515474,74.0023848624991,77.2232558571556,65.9383955574648,63.6472074426615,66.1611041776002,71.4499240524013,72.9106258516822,67.3879795074458,81.1955026429818,65.907163574222,36.2810693760005,77.4543028810116,71.9132540502917,69.0681232354926,73.0549356346581,63.2919342789532,75.8508048634376,71.4947258563491,74.4593151528999,62.8697119101149,74.7741588760778,76.2057780270258,71.5475675622016,80.4705505079395,69.7060112769474,72.886190835865,63.5258198775345,69.2520801642117,81.7895273923164,77.2363012896682,82.32218355277,74.312919456748,78.391406257482,84.6142614347523,69.4021044244893,78.7569775737593,74.5902750483497,82.9441556819716,81.4249348885213,80.9499214931876,75.4376749665267,74.2178427352809,83.2953526972514,82.7196481477997,90.4235907948968,77.8518767977379,87.7499426183477,86.7758351370585,87.7582216209505,71.1379204572998,19.7998610496826,22.8350880538666,10.9905789106996
,88.5,22.178771024705,23.7956401400672,25.9177771433822,19.1829030228854,11.7967087481189,15.6193530543725,16.7813023609021,15.4142886212405,13.0120392180679,14.3630021487585,13.3030660116577,14.2514310401334,12.0303595157836,11.3736293752448,11.2602358002517,50.3504558669376,53.1870375423522,44.3524191715472,42.4166781098129,45.1725244321353,49.8870394085641,50.5200631076049,46.1699421784618,55.1721301146972,46.7926265982187,24.962339565305,54.4910728741016,51.4713108480279,47.1682606403621,51.6471383613738,42.8100451384884,53.1206889469131,49.5731800486075,51.3099951601569,43.7970128670466,51.7504762687898,55.7690181858957,50.9722852006641,55.3588374549034,50.1604559015257,51.3946878761175,44.4758643058873,49.9210380531432,60.6317579337651,55.3341930601052,59.1479528765701,54.357342019488,54.7583805348115,60.5256114125381,49.3235666350135,58.9170431562924,54.4073596877147,58.3573529628252,58.7595208571299,57.5074659118003,54.5353495800961,52.9924281011768,62.0751619575952,60.6034332295054,65.7941742663517,54.8309102547986,62.4672951986526,61.7721566550426,62.7263929125735,49.7564223157021,13.0055089369889,14.4771320007074,8.327969370841
,89,12.8084044049294,13.4210420044518,14.8735424185888,11.2647286421723,7.42229641504275,8.7791725005298,9.33165924723392,8.91720277274658,7.62714122663192,8.85648345053465,8.35108328678666,8.81316780281981,8.18799380635335,7.75354191767605,7.87494250267002,34.4130444895969,36.1402569129145,30.331225500916,28.0344730464096,30.7389727172686,34.7084890109419,34.410390186491,31.6749758373352,36.7820890179204,32.100400717589,17.9857949279325,38.6320848202651,36.1355070450669,31.7578056501782,35.7162001633519,28.9336105214406,36.3910693758604,33.3407134222971,34.507099830341,29.8816742956322,35.0855857247637,39.098417236203,35.1603963650561,37.5560445751059,35.7688785096871,35.5814224320372,31.0676886400589,35.0011088317368,44.2572656662201,39.0538881176744,42.033442625593,39.9618062474707,37.3652989785213,42.3259383268129,34.7936999755946,44.1850093403204,39.3881578560607,39.8233346250466,41.1487214306892,39.2383141102243,38.7433942242586,36.530814000359,44.9468835525343,42.5943144125649,48.0167486038113,37.1352635065159,42.8723823470384,42.8039511362093,43.8052470913231,34.0493136425416,8.62793584715854,9.04345251837509,6.67803052155494
,89.5,8.47981654788674,8.2797773694075,9.24187656170295,7.41909223736639,5.63852643535506,6.04665182219969,6.21269903123562,6.1995330331672,5.5896990767535,6.11264171098134,6.00003160553547,6.55452258529618,6.68299504576441,5.89996882769736,6.02269068535236,24.0358885153302,24.8571283924902,21.4168312956176,19.0878142749903,20.8494585085151,23.9843571270143,23.1862581832382,21.9243077831188,24.8636319338116,21.7386362938003,13.9171297724018,27.6081649413489,25.1848612604974,22.2559184464342,24.6248314877543,19.9949951820809,24.9785750779242,22.7983503411888,23.1079788613983,20.2918845184929,23.6464993235618,26.9589875306099,24.0018634118276,25.7587687403135,24.9303817589523,24.4934682224149,21.7247307537632,24.1656874128348,32.4016165497987,27.2317132938018,29.7424426261751,28.9523807793157,25.2181278141239,29.34667029275,24.9246416466995,33.51992729185,28.4457176949199,27.1443421863137,29.0074603156274,26.3878330972406,27.4564797658124,25.0530653836673,32.3062153377706,29.6676511763479,35.2936637763903,24.9045955775387,28.8171454550454,29.2867691712967,30.6109986089006,23.286668924748,5.68789966426874,5.97534896602519,5.36307774676828
,90,6.84104055411348,6.02695597025252,6.83153337418594,6.25317104358896,5.0604355692476,5.05030149989756,5.13954758049317,4.89190270055275,5.39118658543538,5.0216208280562,5.0457275325312,5.72343626862596,5.72460543040631,5.09397129892335,5.54616579139241,16.6879042788632,17.3452083669448,15.2123253228912,13.1427931908124,13.9911900894656,16.445155774436,15.8301481925173,15.123403773565,16.5366094533262,15.0351762132065,11.4827711404413,19.7825826823944,17.7255773181415,15.7919848391116,16.7852072186333,14.1980728155477,17.4160186216508,15.6624135378751,15.7324937318089,14.1469699632244,16.2545990982624,18.693635527361,16.7484958359832,18.0898186479783,17.6457729334665,17.2832849464543,15.0732986432763,16.3348132402657,23.9273866528492,18.6179222163262,20.980219874158,20.7017093552347,17.1803393313617,19.7135044142319,18.0232986447078,25.4686008887307,20.3851034350222,18.616337862714,20.5555570971778,17.8782332514767,19.5689212843173,17.8113068899689,23.2588619140266,20.8246009324365,25.3567228539518,16.8905659229336,19.6772294906381,19.8396052484073,21.2525453546345,15.4452022289644,4.28452939055791,4.78507641716806,4.78932374823671
,90.5,5.90584976215985,5.21672484196631,6.08077786723663,5.9416222625307,5.17284930114477,5.10341433245333,4.84741398925252,4.6231537044539,5.75136537296424,4.49674404157685,4.97697988799837,5.26808654209361,5.40132017328631,5.24739478254105,5.76501473486712,12.0977086058248,12.4953830157518,11.0619147708106,9.64624476474779,10.1525434458656,12.2029752449074,11.8280476153625,11.5493354064325,11.5790445329603,10.8527856199916,10.1956342533795,15.2008256362633,12.7842471103322,11.503993342011,12.0690176328152,10.7875784844035,13.0188545620018,10.723445663784,11.5878425607306,10.4758525670374,11.6214265441371,13.0476241954324,12.0977157295323,13.5271421864307,13.3425964771953,13.1610709952089,11.0394518688631,11.6158612573757,18.0283115303774,13.0090358806459,15.708257026033,15.5098346123233,12.7032597802078,13.2366625915903,13.8807362360404,20.0330991126464,15.0438075325173,13.4258148655608,14.5147261731443,12.398825085999,14.3301126386433,13.2342843586937,16.6865926740459,14.9539661871606,18.5156862861706,11.9944643634252,13.9266906816335,13.6724363777982,14.9037587456122,10.4400729243595,4.26402090184882,4.32257475167199,4.84041035374378
,91,5.68755741097164,4.97381890219322,5.75524201432813,5.52698114691771,5.36968429575381,5.47595437021971,5.10197266947739,4.92959823571562,5.78266156359928,4.34001830957061,4.98737404327159,5.08302828345745,5.27640093243184,5.22484566012065,5.21981155887323,9.30247979612153,9.21588174602749,8.48028432538939,8.044101392107,8.24137689870673,9.78651582653549,9.28316718675785,9.54364330992132,8.67999887323424,8.2526632495177,9.54016134208075,12.5054307879043,9.57907366387974,8.98658818766728,9.41030266804643,8.86673959382995,10.6930175786119,8.09963957497467,9.08638568239712,8.12971695071639,9.01035346161433,9.78001830098225,9.4513152637445,10.6967611571109,10.7213086986033,10.7950127809274,8.87514174113409,9.22236151167743,14.2283046314974,9.23354920375755,12.5407861671348,12.1473823957948,10.0469184617178,9.82105656998931,11.5829643620002,16.7352461499727,11.5809046893837,10.4976400488468,11.1953043223624,9.25505107782999,11.3567869092313,10.5085698911125,12.6185654326217,11.928226857814,14.5333680766504,9.57730225762907,10.2033153779735,9.90189895229923,11.3840952313914,7.75178943053601,4.44840286204533,3.98853811782158,4.630775762008
,91.5,6.01215757255267,4.96450876086158,5.32619216491571,5.21215130405858,5.52126754145149,5.47450351626117,5.45607707449898,5.01631817753366,5.44923894390354,4.57383612010858,4.96762910633601,5.24306973160805,5.10603225176465,4.84773736884188,4.90626227064206,7.45648416209423,7.54968784202214,7.12701464944649,7.46704138654701,7.11135019373523,7.3930471289716,7.55361326864374,7.6778900017548,6.6468727810061,6.61187648506723,8.79309142476075,10.6028234757523,8.21164601772148,7.49475470873745,7.56404735544169,7.41109604511041,9.09299808325011,6.60207587806161,7.4151703983747,6.81968366916851,7.65958771953768,8.08986869084038,8.44596133562055,8.93412858216595,8.96111467403631,9.34907293544035,7.45617481907772,7.95378135467092,11.5125203854243,6.47651817297003,10.4185869999905,9.43813999834697,7.93317168139072,8.15203764106792,9.86148081542876,14.4545704959803,9.14886408172782,8.54833330227717,9.09049124335354,7.7448856395398,9.96835029821955,9.05808594315079,10.3544597014057,10.4956613377379,11.6541393647106,8.43181681409396,8.49327440718525,7.95867465214309,9.42601076433141,5.83245667458431,4.44728644278956,3.79318618851039,4.37226048563332
,92,6.08902047976346,5.28627677756947,5.1477956174466,4.96817543304439,5.45620530111898,5.58854897393405,5.60537161793332,4.94123581806309,5.16865131033921,5.00808954105878,5.40623761409256,5.21547315711496,5.0388114647285,4.74683593580562,5.38458500889823,5.98616842087813,6.89288973614367,6.3789344300651,7.08304102138965,6.93208489423688,5.55826562281879,7.07211822164675,6.97870109863146,5.56685606517215,5.74537549266955,8.01795079962415,9.68709758831551,7.93967566191827,6.323106804811,6.68044190137562,6.92440109268261,8.01942203185592,5.31436786590791,6.5852895948712,5.82275715197153,6.78209045702073,7.42201986638901,7.91289162498822,7.85323464134603,7.68538248707119,8.13903598271219,6.7749246484027,7.19056151436644,9.36585340175594,5.13607482228059,9.10287544433083,7.87820063156983,7.26294682601394,7.26465803086546,8.98328588700031,12.7190743373136,7.87364679370563,7.03128996119409,7.10709434413849,6.78021814801252,9.363548916848,8.00302711258911,8.59686478978472,9.13590546371398,9.38110939478656,7.71410452159444,7.73249409972846,6.80314887567937,7.79842932558012,4.66825082683545,4.41716571150727,3.7637928839199,4.27939482996254
,92.5,6.01109422024876,5.8365604612685,5.29981150892218,4.94567933863357,5.29884371206606,5.78643942625865,5.52169814649415,5.20918646484557,5.06030044221347,5.17725824301084,6.09711321981513,5.12649949868307,4.90700665417791,4.78335988275711,5.14303414260957,5.19159789175126,6.09758596773082,6.05916372091843,7.01506822456304,7.74339292985508,4.91387202755635,6.70438052513731,7.0257250214961,5.08724354589594,5.49650217196006,7.50041033895127,9.39643186604826,7.57997475739376,5.79184897192863,6.24497741976325,6.71519774770434,7.50841941185934,4.61437748220425,5.91430781333736,5.33704158155257,6.30841586358434,6.86790211596514,7.22588761881036,7.1134441029065,6.94783991642237,7.14185876921005,6.56268348320293,6.66292503053211,7.58801694566756,4.89111569698696,8.07931299126642,7.37947679334866,7.23728690143946,7.12182802155621,9.00282009343073,11.5687312813404,7.24803390499596,6.29936217977348,6.28366832170138,6.16332937084536,9.18154735192604,7.19109231815997,7.57039176982602,7.86643866833589,8.09611540117419,7.27300016339365,7.05420594011417,6.15685236505487,6.8384556126739,4.64675516962433,4.06089643270525,3.79192689716649,3.85498702401247
,93,6.17680280947673,6.1278123641174,5.32981222485557,4.9910799335853,4.79035980940955,5.58457020402568,5.3809730669937,5.42927733255226,4.57543777038569,5.0524451720388,5.95943689609845,5.19419631958408,4.86708441556084,4.71648023125454,5.00698019969326,4.75463668471571,5.49859033341005,6.16432329817377,6.78869396698121,7.99236606404571,4.27776469013838,5.64714484819916,6.28802709032976,4.5838457645915,5.0222390367598,6.86467677790608,8.72212926603788,7.21196640554217,5.39222201908217,5.57188743292454,6.37694559726606,6.65509165240724,4.23446557283944,4.7175877815618,5.16470346477456,6.182387813356,6.36912788259912,6.7824274652408,6.35086809570703,6.46129981433575,6.10666195230215,6.14091166720925,6.06981046040016,6.01530630872139,4.86734151530311,6.96579546503767,6.50161052801957,6.76731335709189,6.70857701293039,9.05006689058143,10.5917362375432,6.67050251995829,5.73247533477132,5.83760756356355,5.94822373322296,8.92117014930341,6.65079811967104,7.32844420571138,6.88445586676818,7.28310334827034,6.85644049066491,6.27336927460868,5.85234077865005,6.47369959095721,4.51303263472499,3.52953619711468,3.68236683739116,3.6837758959972
,93.5,5.72637568070098,6.86720451764648,5.09290626486484,5.58345188515057,4.14940063338281,4.96405842302056,5.21934382340322,5.26357735423244,4.63664675303858,4.54332258794932,5.95217469184246,5.754615259871,5.14503720336205,4.93453881991485,5.15679342064772,4.84203611009787,5.66693816727826,6.44023091054112,6.80047282243123,7.61790493576825,3.88451985125965,5.39000420117156,5.74099044043766,4.93649296683157,4.4117206271481,7.09551216490593,9.18559320220936,7.30219053161363,5.07793362010329,5.38581322171967,5.99213026342522,6.12875593307598,4.21295091325027,4.30458557449828,5.19881884626807,6.24083263639704,6.14691543525771,6.41976749679543,6.20545990463376,6.27832434282641,5.22156250753875,6.06849399457411,5.90763684752619,4.51430815492921,4.98562677755177,5.62760779665177,6.28751848646266,5.75954699453871,6.44447957771064,8.9238298071532,9.59624113892426,5.98024458413937,5.56743784540606,5.48212398609758,5.65148944521502,8.61592261969895,6.21456796868915,6.87368378396246,5.82035021084516,6.77596524164778,6.22673870203221,5.41068336499319,5.00903047625661,5.71754743866626,5.12555015418178,3.19648225206231,3.72920958309237,3.96241594204469
,94,5.28764084224781,7.50071266140816,5.23549254860689,6.08955071212051,3.77637699159732,4.73201120231192,4.88763152924122,5.33509984988115,4.95848857788371,4.05129721099365,6.17790974843643,5.88233743407022,5.07297339637063,5.08237718506558,5.04855772038485,4.85267879286079,5.44585565118558,6.54713370165388,6.72088099188454,7.75050787955684,4.12124395428754,5.41749641487678,5.83988167191336,5.32152541083201,4.48264608130881,7.3440641319421,9.47948508025047,7.14353841679804,5.12557872024036,5.40375697639979,5.81539153335348,6.2197839610306,4.13621426140463,4.20085864534957,5.37943717575979,6.13351774719587,5.8699882917964,5.82778084242216,6.19534046276488,6.21117260194353,4.75020928120335,5.89002630225178,5.53290449198857,3.5395080545166,5.58600605974397,4.8801012976478,6.32997226143618,5.76541516647228,6.38751124000595,9.16030196945212,8.94660372887461,5.66798643459242,5.63682754150875,5.55103317955735,5.49006520479622,8.40859516692524,5.8873294135372,6.66302603078185,5.04525178888258,6.49727198337177,5.85809536842612,4.7606587739138,4.61973020517047,5.1075382571504,5.81156948403537,2.74155281732476,3.90380154218099,3.90218919429668
,94.5,4.77116130652098,9.72699404622693,5.54313548775679,8.04255373011131,3.49667778362937,4.10485687954429,5.22045266744391,5.63207125239506,6.06706029589452,3.10429301345039,7.00209302032005,7.64448251389217,5.82912861443202,5.77054075982784,4.72062779375477,6.37954259375277,6.21774725427866,7.49967083149755,8.20027859006018,7.85117642830505,5.4119206844768,6.39071141220694,6.00018958865047,7.41754715975299,4.25105949439654,9.74654725056644,12.5107450257869,7.81736804514276,5.68032143476148,6.08244000865284,5.40429555686364,7.09790987879234,5.4562709742234,5.35818718879108,6.52930322544023,7.27863534147065,5.96214435838931,5.45453566527965,7.3617371867382,7.41590065165394,4.93023988377951,6.83502925147087,6.17368872671341,2.28815593156361,6.13963533424993,3.76332991790832,7.96274474843915,4.58928936544169,7.41220144682023,9.65298073521899,9.03030190203549,5.18331866516519,6.89772097412458,6.69852360678686,5.49301242885338,8.8528158303692,6.06751628388685,6.68669228261507,4.84511959986145,7.38302378599656,5.84040095916976,4.32332246580296,3.78377604433484,4.81287508724893,8.19916279962496,3.00317258952521,4.89409438339305,4.73047917639593
,95,1.73294844447378,5.33738192568347,2.47279752420343,4.34722353567861,1.37835162757983,1.3754572089108,2.45432686049872,2.47383956719506,3.09212050544522,0.787876850985413,3.41609339208122,4.207872690459,2.97254795378132,2.73658413100981,1.90872176686383,3.5587457138376,3.15745772161489,3.62958029195084,4.41371314712637,3.28590912738423,2.8627388929014,3.33999073778733,2.52663000272713,4.29642182111752,1.59204734401789,5.44508567525554,6.99795059804592,3.74315344986644,2.69875241469754,2.95730108053772,2.01416129978384,3.52549034741634,2.97136493657473,3.03520009424591,3.36200392864419,3.71760870280451,2.61360151523024,2.22437830914294,3.75513510969142,3.83097908204365,2.3631800245717,3.49532007809268,3.09929568066036,0.380308935798269,2.68996996884079,1.13262449309423,4.23659244450903,1.15096438625949,3.7558001302254,4.23402173201066,3.98797844863088,1.94493063332311,3.60137856872677,3.31381381705995,2.3250528470893,4.0568484652589,2.67522745845855,2.76964661074572,2.08947657502364,3.61227315855012,2.4935723831552,1.79842322582277,1.14885908866557,1.90506324234514,4.63599659885182,1.53396535427203,2.55507307569121,2.55239892555488
