,Cycle,A4,A5,A6,A7,A8,A9,A10,A11,A12,A19,A20,A21,A22,A23,A24,B1,B2,B3,B4,B5,B6,B7,B8,B9,B10,B11,B12,B13,B14,B15,B16,B17,B18,B19,B20,B21,B22,B23,B24,C1,C2,C3,C4,C5,C6,C7,C8,C9,C10,C11,C12,C13,C14,C15,C16,C17,C18,C19,C20,C21
,1,11.0593130220177,1.75218542567018,5.37384283340543,7.53110888504625,6.52921409306828,3.81305765284969,-8.53978008040531,-7.04132818638254,1.8497893283984,-30.3430456167971,-28.0790262689761,-13.835214281733,-33.3577763618005,-34.6307516750503,-21.1559379666637,-27.0828067470043,6.72327486129689,-18.3720798094901,-15.1322504332238,-24.6052371407773,-15.1671091682183,-23.4551814445326,-21.187714463314,-8.67941455268283,-25.9262351654161,-17.5292714348234,-23.1238386135769,-28.4251968440249,-21.4448618842816,-20.2091830873937,-25.0801883795843,-44.6236872705958,-30.4818341266496,-22.9085972069897,-26.0758702475364,-24.3349646125448,-32.8251288762858,-33.412722980815,-41.7915062529792,-40.9493125933418,-23.9606661728731,-47.7441585731367,-37.9264828842215,-26.0115122500952,-15.3378268003748,-20.963043504129,-30.0123480170219,-49.0972136347591,-18.4106458485421,-37.4246315846776,-19.6886795477035,-38.0568060592063,-22.7049961911948,-28.066931764793,-15.6483175235458,-26.1751701392272,-21.0956643062414,-17.1644745542326,-15.9871241696087,-36.0895799535942
,2,10.8864162798272,4.66401859971029,3.46007785691882,-1.91677536548423,3.02681202470285,0.888799126799313,-3.49499774180276,-5.67343996817954,-1.65018327407142,-17.5509755692874,-15.1584546405415,-12.3353999292681,-19.7672857788534,-23.7368124461809,-14.4472130385843,-14.1224087177575,12.1261545276361,-10.3538614471263,-7.86636012154986,-13.4432264262341,-10.0236513588229,-17.4106240098627,-17.5731153848742,-6.59774267738248,-19.5011921902333,-15.6081835509035,-11.3688055819784,-16.9201615886341,-16.7043829271529,-13.4123871892584,-18.512744082228,-28.175431929667,-25.2172767727352,-17.1464336299482,-15.3241700736394,-16.4167227365888,-21.2245553679072,-17.0385016294272,-27.5190491825415,-20.8880197225499,-14.6308552241762,-31.3644946721024,-20.7087469013522,-16.5427398921534,-10.9052120367046,-15.6471103417607,-18.5894239681361,-27.6283247743986,-10.5649997455357,-27.432695877591,-17.3802167461899,-23.8108216646274,-11.5816413835901,-24.161954186663,-11.0410557994805,-14.7367832406062,-11.9948426326896,-10.8820147120382,-13.9470395213398,-21.007371247732
,3,5.56640492779206,4.06667912339481,4.25715708287316,2.46713015613068,3.79490744469513,5.22203043966783,-0.984734772013326,0.907070938377274,1.95826699880035,-8.40717596929244,-11.2298707183236,-6.12257006829805,-8.77954273984642,-7.13969948056638,-11.7739723010886,-6.74644209411963,16.1703210622468,-6.10478980595826,-5.13778908924314,-10.6649479018652,-6.18878343329834,-13.4548848643094,-9.48667034907294,-4.21891611749334,-11.4291350760082,-7.32824324892135,-8.04355591595959,-12.5882574644006,-11.7929194330814,-8.85834131436968,-10.6752913309751,-15.2575151303663,-15.5987102244703,-10.9088589488751,-8.36381181967499,-8.8494475765433,-13.1484419779508,-16.3874484780945,-16.4804428578491,-8.4442403537023,-10.1705682398424,-18.7377788921685,-12.4089286101066,-7.05027832513906,-6.50700961213806,-5.61800741921525,-10.8436596880865,-17.3193483067648,-7.40614657392189,-17.1121183749847,-8.68862773689307,-13.3677082106765,-7.65716778192382,-9.80368937539151,-5.67796637078436,-8.65621348133527,-6.49377915374725,-9.82027760312849,-4.26847670282541,-10.1963223696885
,4,3.03240438693911,2.35039613108529,3.49457327587243,-0.628386711105122,1.86054112884176,-2.98053545092625,0.898765651913436,4.95995526602837,1.03162338857419,-5.0992118903464,-7.13312270142751,-0.8559978914368,-0.408464742684828,-4.13647479006886,-9.28162286836869,-1.829698796907,21.5604280830048,-4.9615272540459,-3.1294390096059,-4.4507705379242,-4.98449058748292,-7.8559860117025,-1.23292999095156,-3.61165880981434,-11.6238918527688,-6.35455971063948,-3.27702815497014,-6.71087035895289,-7.8891073406653,-3.9623550430274,-5.79470822802932,-7.81214133004596,-6.99713011922995,-4.95544081862499,-4.01334027467283,-7.76538398541743,-5.75012911937301,-0.554371104939946,-9.54375148720237,-6.03341701667978,-6.55080628980613,-7.52987106438877,-6.05822696237374,-0.894872594231856,-5.61031310908584,-3.82888498444981,-8.37977735122649,-7.57755102517831,-4.7421338720751,-7.62616830331808,-1.73960647585,-8.29232714492946,-4.09856265314511,-1.73125024411593,0.12632938533352,-4.38448351903708,-3.40194434925161,-3.23861746754983,-1.75402279005039,-5.25491336746472
,5,3.73535412525644,2.73642337943465,4.44736656712939,3.04941369835387,4.56160200932482,5.45600698544786,6.31849950014384,0.135869882077259,3.56173210899397,0.460719923996294,-2.07112112653931,-0.560994996081263,2.94008370825622,1.16913430912018,1.38677840257742,-2.04943726048805,26.3776574205071,-0.567262838830629,0.755826034283473,-2.5749645035512,-3.26960870308631,-4.388630923866,0.174423295148245,-0.0181658223195882,-1.93101516996012,-0.478654422653108,1.25593043404979,-1.31434059304001,0.0631777976686863,-1.30250372052205,-1.71840741124288,-5.67565519626714,-3.5718557464661,-0.293311293199622,-2.51756575124,-1.81040000261783,-2.46758452803897,-2.47206241812273,0.499071072109473,-2.90520155875765,-3.66218332684048,-2.48860643696707,-1.45148777726445,-1.54843693856765,-1.12326317916404,0.0177480417655715,-3.47491292166342,-4.84657700362823,-1.42423635822934,-3.35987320911772,-0.491727816225648,-2.27818871015143,0.0395697186349935,-2.80584664905791,-1.97021355794777,-2.69413767889591,-1.10266146174172,-1.19141935944344,-2.51719680263432,-5.65189838633205
,6,2.22703005188487,-2.05716960681684,-1.21083640627694,5.19418252144214,3.38735848859415,0.964046875148597,1.97602750062561,1.76475852134399,2.60219020956174,1.23536477486186,-4.14008347489289,-1.17503285639214,3.95106655640666,3.15567478583807,4.9337285237898,2.33841414859717,30.9841354515484,1.80652739873176,1.42151279089785,0.570448464864057,3.55359642037502,-2.18969081940986,0.142085571231746,1.07022178673333,2.59160788987356,0.268471403405329,-0.066904576509387,0.686741620550492,3.91358901071226,2.76855168585962,0.462019101465103,-1.49130868676275,2.34608895633346,2.28297980985599,3.6495531182959,-0.263686095220692,-3.74946733205115,-0.130544401347379,2.0327929747782,1.51407010960793,1.34639645214065,-0.0144101684818452,5.29780679003034,0.859126612258933,0.705802851242879,1.51741547286247,2.44834236178485,1.90755605705726,1.65437802180986,0.651264673981586,0.0955867851535004,1.29128428122749,-1.07733758194581,1.28163847052519,-1.88801215053991,1.69232228034798,1.88982473947635,0.657050846625225,-2.68164855470968,-5.20780268433691
,7,-0.593498656056909,3.40302043109477,-1.28835294172586,3.01311886202757,0.889899448065989,1.61801789219089,3.11079657588425,2.62060750968521,1.19703799079343,3.89886178772713,-2.29713613220019,5.17242704118735,6.2232441546812,2.90737000400122,-0.573882531163235,1.60043542395579,34.6726666848608,2.19325359098866,1.19160195815539,2.21266452311647,2.6924342831403,-4.37818957843911,1.23290994856279,1.53944321749486,2.0197724096297,6.22480379633407,3.45948861721217,3.8565042573382,1.44523117580229,2.46485390292082,5.49885336292391,4.02639042915598,4.97000285657396,2.76854263109954,3.86481948329856,0.900585275481717,3.09727949560465,5.07078783713177,3.11780224695576,3.52071619250455,2.93433707596023,5.10279203016125,3.1967943765153,0.476610220991915,2.35743802350862,1.50039796354895,4.61795692140186,6.00134353771136,2.16162956536755,2.78983876308848,1.81289718723883,4.46855838454985,4.15968861404281,3.01597162428698,1.23015775155727,2.67555753131228,0.952822534138704,-0.937538266268803,3.55743090336455,-3.49973068319332
,8,-0.0554068007390924,1.75375411978303,2.38147997989245,1.23394647941768,0.135504895092708,2.1267342471906,1.9686201718846,1.64598341966939,1.09252601769322,4.7771961265521,-0.833387110532385,0.454482665503747,7.99967655738055,4.66623589316623,1.38420272135318,0.77174639761688,36.6555484966152,4.39797837557035,4.63369960757927,5.5500381821771,2.24524589346356,2.09568050425696,5.50475060800318,3.96912363492447,7.41834272992128,4.42545878830924,1.3755986709175,3.63096463894544,4.56155376073457,3.61990894157407,8.28973903113501,5.44952710531061,5.88803376382066,8.50554670721294,6.04095357906999,3.29318421675725,3.0960312699076,7.02434936807776,8.64277656644981,4.76432198853354,7.47451925965333,9.89005344068391,6.81367753458744,4.46218504803483,5.78366130966924,2.54549307182742,3.51835639416731,4.00620540938871,5.95990053380956,6.17174913761255,2.1108186968554,6.82161337167781,5.90981501661463,6.3792779594819,3.59872264619162,4.47815717729554,6.55681282307341,-0.163830544080611,3.64019949804515,-1.45773392423007
,9,1.56902867353529,2.06771749336576,1.34988239486347,-0.511284558559964,0.622837604068081,-1.12984000582856,3.0375882310459,2.84000329883065,1.59169178403226,3.58759130546468,1.15958475123898,5.30394983411952,5.15371163514328,5.59695609392838,-0.688952719271583,3.27886527333703,36.4805146472218,1.83254612674773,4.04383849431815,3.94288470562378,6.75679124063981,4.02852517013935,6.27139866590369,4.34906690931211,4.84212850238873,7.81778997428728,4.84156767558943,6.89866696647914,6.51012129491255,6.44883001302287,9.43799961893774,8.60950313441526,7.64540018940306,7.26665265919155,6.25836257916808,6.49418690197081,10.5798508430753,5.91066053377745,8.65358471779155,7.72401133900848,2.09746686631479,11.5240207304896,6.7425411841723,2.56498457506677,5.6099385004818,4.47752703833476,3.04155622637472,9.63368399876617,6.34027821586051,2.97450867399402,5.04243297083485,6.5716346907202,5.28725253637231,6.51790693378734,2.98653584951126,5.37970672681922,4.91850956659482,-2.33865187215542,-0.128529729440743,1.81963330954159
,10,4.59320911119994,3.90970925619513,1.38781147859208,-3.10390485228163,-5.44146344006504,-0.800715812933959,1.86009174363835,1.68578813915519,3.51313210896751,3.58979094604547,-1.08566647984844,6.6641927617502,4.32043328370492,5.18243206792704,2.19949657596408,4.23705226071297,39.0018422603571,6.19767697254974,3.5079066346907,7.42137200934121,6.62945507939639,5.10136044370211,7.14375529677409,3.34145318267838,9.19788303448559,7.79693048257195,8.7122081625007,5.1637919486584,9.79401190515546,6.32887092637657,6.71095432690299,9.72309885792492,7.89284157853672,3.41283710287235,4.79898345769698,4.47870091046843,7.81223237706445,5.88314702074831,8.85998729371204,6.76413712677322,6.39026023427232,12.2739801239036,10.1361317789801,4.10530033130544,7.12458295412671,7.059610201547,5.2333173919983,5.67471845600403,5.57294900711167,8.76874969656137,5.55997232108484,8.39009386766429,7.77997566508293,5.82236497156464,4.44685524604847,5.82221256633193,5.2143679535061,3.24315327001705,1.17081247261285,-2.40904009219321
,11,6.04957332361391,8.99743561062041,6.4878914204146,-1.17259177311735,1.13215139060412,-1.21068222416397,2.94042855454791,1.09052894705201,-1.99772194229899,2.48033244617909,0.332339636357119,3.53364835529192,3.64906765707701,2.0431081416632,0.882097570358383,6.96801483438321,46.1350642607949,4.01437367481913,2.79026022469088,4.67002156411763,7.31355843256279,2.39728714514376,2.67770796988907,2.94663861655408,8.03486753154311,8.80544755084384,6.71743152145154,6.34886751073191,4.25316619375826,4.89259096667138,7.92669960049125,6.49639590684819,6.7938427690915,5.54093695630718,4.37215970198849,8.39457641751051,7.64264952221174,10.9541518844189,7.3054530758418,5.68641651741791,3.29967877063928,11.2846728442746,8.37902196249706,7.07280137644966,2.23084480057787,4.1970132972292,8.24770904669822,8.89884096404012,6.83550572395097,6.75788208476888,6.21930682590801,7.63917380879911,3.05899302864236,7.57626147284418,5.28240569044056,6.83745563202638,3.97433911546023,0.873655720938132,-0.443095822080522,1.05427484430993
,12,14.6150793928286,16.9044758885884,9.94333863661541,-1.06510684754494,-2.60983909417746,2.6534638186622,-0.218101031563947,-1.35319480335238,-2.89969670657956,4.18995767911929,1.74947235529044,-0.616766657723929,2.51414901002727,1.77883386129179,3.39941430463614,5.25929093385139,50.4304291155854,3.19793188864651,2.10755297159358,6.01428884062398,5.32062511832646,6.70196161282274,8.79821193184762,2.21389162364767,4.35114896152209,5.8751435729464,5.69671153793843,6.49199779823311,7.80372970627059,1.2651843887711,4.76842948638068,9.46890964102204,5.01667754650271,6.70624023735536,4.64110145333598,5.65896638550248,8.42111327716066,7.95520914366216,6.07689554282842,4.5907638876929,3.49551748314161,7.74057740943499,9.28007546421577,7.08617825389729,2.21200473623821,5.28614933200015,6.44692992514183,13.0260422018387,5.26463866308313,11.412052577974,6.17419148867612,5.33759763540911,5.67533108657426,6.4700842747543,4.27372224108558,4.42997175314531,2.47212439297164,3.79075702157479,3.62183308398153,1.71733185947551
,13,29.359264522629,35.6547673434911,26.6210824249351,5.1092653257615,1.37379882428695,1.27804022945065,-1.32803844328964,-1.21533052861923,-0.732576988934852,0.587428119336437,3.02690202247868,1.55624304162757,3.72369932438869,3.4655762055836,9.5158476608799,2.96943548071658,49.4125489845032,4.16515791912752,4.12410524625102,7.1071232309796,2.28292817441388,5.54374979892191,0.922357833996557,4.37203555070528,5.18791988379735,2.879802468447,4.71801893344036,5.49794953908895,5.34771532222067,7.38989512118906,3.16527605787678,6.26894509045451,8.3264975414013,5.40319313708733,4.00607436456221,7.61091220228946,6.47223277863941,4.72080263168118,1.50263741919116,10.4900933194135,5.14498523331304,11.3992522354574,7.42775776923372,4.89736758137224,6.97643886169453,4.64831153448995,9.25332854662747,10.7713535675271,7.36597935974169,11.3144446850788,8.20159831020646,6.47039600303924,6.90567174892931,8.49579501631843,2.88653024153291,8.99616845936998,2.58325463335041,3.05662496572222,1.63035687602405,3.30773024128439
,14,53.3381484579204,59.8966480478662,49.8600974358797,5.11194371461306,3.45894562700505,1.42987716121661,-1.87748920804779,5.84853015399449,0.0369895148442083,4.47302779415168,0.175469656392579,4.06541389772201,2.51221799816858,6.91268828839475,7.81046945944809,4.19582671329999,52.2857054277538,9.6849148334577,3.77620012911984,6.88784431447584,3.66681331386781,4.77659310279796,4.01501901054871,3.88692476109964,9.8616372330589,2.60397528438398,2.28614323367219,6.37712892969421,5.28816208019134,2.26884899326433,3.3684015244653,7.37582910973106,6.86158339073017,7.39866182957894,5.96280684252315,8.80225154866821,9.80818745869965,4.70167846380673,7.89246788378796,5.19053608295917,7.58505778966855,11.5851274491911,9.01139529934562,5.62939878821453,7.44603546589042,4.26192235919143,10.3051713852715,10.4404322012301,9.29280511524894,12.4939778970738,4.40176241233303,10.8499307354637,4.36637902128223,3.20764222246225,5.52832351817688,6.64610945597769,5.60380203563909,2.23253828433417,2.03403355392356,1.69170505309967
,15,87.4580690108,91.7760171354125,80.2734080879632,6.44609530097341,1.54494609968697,4.9180976772891,-1.7531685465292,-1.16051808075417,-3.89080061937784,7.97393130180808,5.94167163046723,0.140209287082598,2.21870589423361,4.2312738138221,13.8824608389368,4.23804258647169,52.2411819792942,3.91383094325784,4.29835957399109,5.91480000389311,1.31191352297083,4.1169869302239,4.77521368493444,2.55761664379634,7.71751373347979,0.368642377409287,3.56148669640424,5.46514587670072,6.52576418305489,4.24350503101823,5.35642495952789,9.31800653108394,5.3124543941185,2.59132905873776,5.0449627857397,5.56591476953599,7.46402374765648,5.18260228958752,7.54603566116839,1.84793873649005,5.2667464080173,8.91471787012961,9.27816961625695,4.33657126163826,3.4850528539896,3.57131962938638,5.60449159145946,13.1033369370598,5.18018711321247,6.75754351009937,3.56397439991088,6.88285130076883,9.64481479560209,8.26823570599572,4.44988030837339,5.19153467186561,3.01304907264557,0.712685808431161,4.07940162279874,1.94197213085863
,16,140.61913624516,144.057673755089,126.657509550901,14.7556130913154,7.49209395857315,11.5379527967184,-2.22672371682347,0.0741083030916343,0.948008059782296,6.13545047218258,4.13176770004748,3.2545519398991,1.31538739954112,5.18468754631795,10.1859094268161,6.30394599051851,60.8757656633225,2.41389374452865,2.86039876144469,4.20148912056356,1.33404022291734,3.91875557992944,0.542049041870541,5.47427087713413,5.82049414780431,3.46659929236966,3.73750997828574,6.83072083528305,6.34969399498823,6.59932293523298,5.29196311996702,8.03844530612787,5.77925413766798,4.50877676085429,3.97285397432415,-0.265767655287618,5.84307034222866,4.71007118797843,6.77951092370813,6.5504503291404,8.76382251066025,11.6016320798885,5.47172858815247,1.78408809841812,3.73502700884137,3.49286309710851,6.39046890973668,7.05083609261555,2.92953840453401,9.62187004230054,5.95283415036965,8.4828825056311,4.35829120745575,-1.1717296259867,2.77289455771643,7.10310646946527,3.03911910540955,3.60632739331322,3.27146981326268,-0.831044298038705
,17,212.039057535419,216.136761507766,188.518297446118,20.9206313379673,18.6562481287929,18.9376405757184,-2.55325297875743,-1.74039307314251,1.04622269566107,4.96512118903547,3.84381176331453,4.89728130307276,1.01465808242483,0.319093370027076,3.82486448166264,3.64687367424403,56.2186920317013,1.33267939973575,3.67886859282271,5.33401977597214,5.30286258569458,2.88175555652197,4.50160769843615,1.59855917425739,5.96267691578896,1.52440296893656,2.72157354451201,7.35784325850682,0.348121896950488,1.72215480914929,5.39555208000547,7.17345047258368,5.46873705754251,0.871748959926663,-4.67896849638873,2.5705828941509,6.02321336496198,4.28108371862663,5.22992085209034,-0.434979329697399,6.05024973472246,5.30325144904509,6.60120363744682,4.25759932248184,5.10630467232568,0.741420975151868,4.35281149236926,8.02789950990791,6.37170638528869,7.46191197323697,4.07513915769641,4.82390253152744,2.57931144498571,3.1887480489977,0.889511960192976,5.63270240945394,4.60800854773015,3.88331161130282,5.01857128164511,2.41496406920169
,18,325.183308593687,326.527385345821,292.025899338254,31.7551822372711,29.6424679252864,33.9031484163993,-1.03353747797064,2.84168086097816,1.00824647308627,2.82765879685894,3.23765535548637,5.39250810085105,-0.160033413378187,-2.0083723084017,8.42514572906521,0.729327670352177,60.6144520776083,3.57487695178042,1.23763950931243,4.03964338274818,2.92423236044897,3.57521883668778,2.75220636943141,-0.654455406545367,4.32912519035517,1.11698735985374,-0.704780289696828,2.21469626699081,4.51673317340146,2.08957509239781,1.96727567327434,5.43732190731862,2.011291449704,0.870325577181575,-0.57398298356884,2.23702534522045,5.29026885054418,7.95478078390124,8.59611784663139,3.4221650342306,5.26063385740918,3.3946323011096,4.05042068855164,0.954011931630703,2.78421981455995,3.13294702536541,4.71153384636773,3.96997441542908,2.93921782288271,6.33510115081253,0.323238454976945,0.416963542726535,3.61369083794762,4.78607132332036,4.48954281076158,1.36605548191528,-1.35118543860654,-0.316032802161772,2.50809663501423,3.48663707725609
,19,462.06609190193,458.292289859876,415.201545689474,51.9985502389395,54.5468592045204,54.0630754497115,7.85743689550191,6.93272874015065,2.56384166701082,4.7979360050972,3.22878922950713,3.59780260182606,-0.584626643106276,3.09181410490419,8.40050838952357,0.886649614295493,60.8087856334178,3.89526591737331,2.665262339523,-0.812354386514471,0.037532478076173,4.2459779769174,0.992743988811071,-0.89523686010898,5.58932493801922,2.7429911982872,1.47449256809477,3.54078817727122,1.32994407349406,2.53110562819393,2.10826740157108,3.75690349011302,2.15627574360497,3.24388854900826,-3.97550967819325,0.0387757751504978,1.40239768758238,1.45545442219873,4.47227947744341,-2.53580351459686,4.09261126415231,3.29027201996632,3.04843754529429,2.15211305056482,-1.24493516957773,0.33898557601151,3.25965878202669,3.69186380744122,2.35719480834177,4.56851251334501,0.0357298149847338,3.62703672220505,-0.834836344615724,2.17595150136049,-0.530499631693147,0.81436031926296,0.903710309352846,1.67349568411373,-0.582547792037531,-0.433441801565095
,20,631.425739930641,621.119611717908,567.951031687804,79.1956850826828,85.8722080848447,81.8301679168844,7.98038336564741,9.15264669026465,7.00914058620174,2.13319546749517,4.498666104927,4.09046437699089,-1.20199632112508,0.106019960589947,4.05302153863477,3.29370617547511,63.8255873260932,3.45224425578954,-0.681887991748681,1.28699913586979,2.53659355681157,3.61272406550052,1.23753592157209,2.20151986892051,-0.02442200135647,-3.78027289544661,-0.851904423334872,5.18010282221439,2.0565386039566,-0.367028866934561,0.346297359272739,4.88241998985586,0.710395933716427,-1.99370578059734,-1.45012911883441,3.12660502267227,2.48907441450683,3.66831950949927,1.95778810485353,1.57551039737882,2.47393360893284,0.248441001446736,-0.821745805744285,0.00265321981260058,0.0411226749465641,1.13932081357598,1.59062544471817,3.18570107589676,-0.241508507916478,3.42847478145131,-2.01083416418942,2.41819677838157,-0.6893291509341,1.80251841478002,0.0809428916504658,-3.21296339751689,1.60441129269793,6.03945562360104,2.39149888077054,0.571853779053072
,21,828.069556209767,808.50981671907,747.359395043984,116.627844133519,127.504257231557,123.909641145467,17.6790147425445,17.3771831685658,12.4402832309265,3.55069623611917,6.11716871620774,1.10787787198979,-3.8931335764355,-2.73698504803269,1.10074203258137,2.22072666767735,66.2494113094676,2.17914825095295,0.693401785922106,-2.33367357006591,-0.626138871456078,4.47542537885693,1.34746173363283,3.52291636294694,-3.77520088351821,1.29095233956332,2.48132425977428,-0.115627105771182,0.927390816556908,0.405001609166902,1.34906501556407,4.11955102662841,1.01171544499221,-2.85560947164458,0.625740592175134,-0.519710680609478,-0.700244648820899,3.32017154486084,0.0261187638884621,2.17550521829844,1.23888859246972,-3.09037705043738,-2.45825710340341,1.32046367294788,0.809962911967887,-1.26130164851065,3.20036805678546,3.13067361327876,0.442156370107114,0.806467298455573,0.31089976405201,1.71596095323866,-1.10326448754086,0.955550596697776,0.734027245129255,1.53764266514781,0.477256844550084,3.16028443546202,4.32084753865593,2.15356464609977
,22,1045.95705335155,1014.14012799186,948.179479525237,170.146685508588,191.556800373213,187.125547696261,31.4781053672132,27.988353036033,22.3647006279248,-0.064878995883646,4.46224048340537,3.79155545893536,-6.10750921744193,1.61438276751551,2.19463924037154,0.301481247766333,70.1859111305989,0.830348825875262,-2.26266121113622,-1.29015152429292,-0.207806280574914,4.13268960690039,3.56021782540893,-2.06187856929682,-2.16418354332927,-0.601286907151007,0.676035365445841,0.891400831522333,-3.2975207377649,-1.97995139184604,-3.88377997697853,0.150485649408893,4.65365840562345,1.05476150974619,1.92772612076897,-1.57573798508429,1.43461301335446,0.451125446556489,-1.10503616608958,2.39292225948884,1.89408939111217,-4.07060085399507,-5.89865112489724,3.7046758036654,-1.21049558259983,0.220276530820229,-1.85184533475604,-0.687479699903179,-3.37091994098955,1.43535494326215,1.88393538930632,0.370783899692015,0.531437018385532,-3.13243958157727,1.5664227922166,-4.82584736766103,-1.73328835981965,5.69587759493425,5.3958695125325,1.65731792637962
,23,1275.4441834739,1226.85332255719,1157.8841426296,255.455984775009,293.184327987904,283.397137445781,53.9956607791514,43.1440872068952,40.9219331546051,-2.5020580043265,0.155624206197444,-3.80978853153556,-3.2313732722755,0.450325159517888,1.10649617960507,-2.75310810093742,67.1246932333584,-1.31486685400159,1.20416507031359,-0.459505633787103,-3.56463859136102,1.70488806380354,2.3664477251541,-2.54631915951268,-2.32004784410947,-1.87989729474066,-3.40433491352132,-1.43580632494968,-0.700209260875454,-2.12052538294029,-3.28376060620712,-1.31477981696162,-2.61616828274009,0.265459939368611,-0.287933186523333,-1.66911317266795,-3.48041325156464,-3.45270845902951,-1.35410007538712,-3.02490534653225,1.79930703750824,-6.14519565361934,-4.68990760248698,-2.60108486143963,-0.853946533452472,-0.849059093175129,-0.572687522486376,-1.09136088037667,-1.40272056498043,-2.65495677534409,-3.40090087745057,-0.92657284986899,-0.659168353713994,-2.2801718706155,-3.00105920606438,-2.52962067318049,-2.38191589697453,4.95630935584722,0.469312640228509,-0.606786824829669
,24,1501.8466960156,1435.25479232284,1365.60205047746,356.469947041928,416.085150572092,403.046107204716,84.0428104131788,69.9023288676426,66.171163764453,-4.43142166436246,2.83685265416989,-1.90679504711261,-2.7941880602375,0.449189930878219,-2.91823843456723,-1.58832665386717,70.2497067946515,-1.16311710940727,-4.66130844062309,0.336994712676187,0.11444661608266,3.35888342665567,-2.64161839476674,-0.218144732858946,-1.18597410391294,-3.60464477690084,-1.15771683758067,-1.62671488622391,-1.60660164772662,-0.99616020332769,2.13791292129144,-2.44542459056629,-4.08273728523909,-0.858366425588883,-0.730333209600303,1.04986889306929,-1.6140544204145,-5.92185725631271,-4.60047434633407,1.84849807135333,3.46825222304096,-4.49514849550224,-7.26615782188128,-1.41632325680212,-0.379130884668939,-0.889987492369528,0.0543087656210446,-3.25109548163164,-2.56932475672284,-0.294479332281298,-0.0111931553096838,1.52957578680434,-1.11319189473033,-2.15893296714103,-0.428757175989176,-1.21069201748287,0.504241380941494,0.350409687516731,1.64381149124711,4.07566990916621
,25,1715.10503309057,1629.13124450578,1557.88050340297,479.952962156844,570.857708015915,557.390930363396,130.669353842994,108.502248707979,104.005036177364,-3.47312489242449,5.61142819069983,1.54692642508917,-3.31515577376831,-3.35721796957841,-4.52499906341609,-0.434496809472421,74.7769552829682,-3.40207996432537,0.882199556887826,-3.8599644447313,-0.131283311495736,0.251718451705528,-2.22860762753544,-2.17240978460313,-0.76140269447842,-1.03698584010863,-5.53664276685458,-4.47549521336941,-2.74961278870569,-0.443423966768023,-1.90837295041956,-2.737107004677,-0.873919262884556,-2.96206405454268,5.20263258586783,0.155703499196534,0.988802360465797,-0.117384215257516,-2.46983687276997,-2.89722170637424,1.88087626218885,-6.633791078596,-12.0989220056981,-1.03661075609352,1.20162958642959,3.08285795041593,-1.36880655074447,-4.98850008013551,-2.75678891708458,-3.54229915004362,-1.65229633224908,-1.11165654225988,-1.42322442176282,-5.38936122706082,3.20454295612126,-3.25936586692978,0.338204623912134,3.22861614513795,2.40031804438331,4.63301802702699
,26,1908.74611034787,1803.30667881609,1733.14533655236,624.441655899932,758.588222588716,746.88259926426,192.171225148806,158.881761909632,154.53616370185,-6.50053779863538,3.38648226256282,-3.14317873704113,-2.58429802784667,-0.589436628350086,-7.47100257778857,-1.49337135280666,76.2188005189792,-3.13779359681121,-0.949733452342116,0.118577126501805,-1.69483828075363,2.06090316459722,-0.165356586880534,-2.12981122263227,-0.846465888697367,-1.57164661967681,-1.57076491629959,-1.55858349805976,0.249338985176109,-1.90499301551017,1.72495058719414,-4.35746366797957,-6.81881633566718,0.345499833671056,12.9566592891219,1.56427904689872,-2.33836056721611,-1.87754005322404,-5.86440781495776,-1.74826187531926,-3.45242108895582,-9.3149232097212,-14.0663994559382,0.00844216653786134,-1.31456425618262,-0.724288383285966,-1.26683222723932,-5.10879739983011,-0.742205459773686,-5.25327859899289,-2.10270334898541,-3.92530936816866,-1.67602714971827,-4.21442881278153,-3.16331999845579,-0.839320471919109,-1.13505822979323,1.21905656596209,-2.37875297671189,3.33110961009288
,27,2079.68608913754,1957.52785834705,1889.14199629845,781.512537669414,969.72734466423,963.988004889222,291.066787104601,237.769817839425,235.898280840739,-1.46934760842578,2.01048444926755,-5.0378062007776,-3.97603976558821,6.37673933575525,-5.53926124384952,-0.937969110923405,78.0091938650166,0.968040006969659,-0.00435879563974595,0.698732462731641,-1.77732477578365,2.66449417717149,0.692565156125056,-2.61828250535746,-1.787297931794,0.14662613763403,-2.21062961954976,-2.65759219324218,-1.22602959273081,2.79541413559946,-3.20466789435341,-2.67266963026805,-9.64439788877007,5.3615121101393,27.8162086512157,-3.92308647063373,-2.97164122844606,-7.35089349994405,0.133521518292582,2.79388396234435,-9.61756665576422,-7.54668477207724,-16.0435383747727,1.82746421202955,0.800742115076901,-0.759144757932972,-2.47914640128511,-0.134988615159727,3.84796213344498,-5.54933363828377,-1.69636627494037,-3.39517661638229,2.19761849636461,-4.21150711266773,-0.927221418319277,-0.376106236657506,-0.732089411980724,4.94917786945643,0.958418772836012,2.36614145529893
,28,2229.79664471075,2092.77919695123,2028.38033878972,946.827811846182,1195.25784933,1199.03036605991,408.399780055896,332.714660042227,337.782134246485,-1.15396386463863,3.32091168101988,-3.15782893925552,-1.88496886985649,8.56744929058868,-5.3478689847625,2.23261455346756,78.1391718931322,3.74456519075966,0.849367666453873,-0.396034185914232,-0.773901505760932,-3.85169338958804,3.81716800384902,-1.66656460925742,-3.36615759876258,0.58112176681243,2.91771030624568,-0.451208735157707,8.19883173424114,3.41455296960203,0.930798506944029,-3.0827025743888,-5.58783506615418,8.18948904763965,53.5394137869034,-2.06830963395714,0.812258624568585,-4.3837490930573,4.89764844331467,2.64213338126274,-2.36588259865903,-5.85097931308792,-15.8305554706017,1.33692223694925,4.98849549403303,2.5279290469025,-1.34883210537691,3.69352533154597,9.29425878673464,2.05180821842987,1.84545389286632,2.37352788973658,6.41946753313186,-2.40975855479428,4.99813538048556,6.37263387961275,5.66560549402902,3.22056425780193,-0.272247992523717,1.80581297096296
,29,2359.4943816361,2210.78162984526,2149.63333311464,1111.58045841201,1420.86337235284,1438.35105057595,555.480567310958,454.191110878083,473.507357576749,3.03471661517597,1.84403715533654,3.34013385452181,-0.282375172193952,19.6236759701192,-5.13239818994634,3.86055309340281,78.5643887124202,6.97260357076584,6.22296625512809,4.05486706708689,3.98779777246318,0.874093872416324,13.8957798969204,-2.46756872861488,1.3112769860918,6.64260426814008,5.05328411493792,3.37169547695294,11.9208617401005,9.68075572440102,8.40353133971485,2.71172119049561,-4.78376486415254,18.5826792292319,89.3293963006809,2.55503507631647,10.0238066453403,5.65061745708636,3.18178725866665,9.0572297474514,-3.8213788908979,1.22730165807752,-14.6392518457533,8.22754535672675,9.28468409223387,5.74447937365949,-2.98457804093778,8.83954554025831,17.0928207986785,5.79911279753878,7.92377392061417,1.98899468229411,10.201029415955,1.07970769428312,9.70512681662876,11.3752631423031,7.21149031353843,0.517339583124794,2.7372484170146,2.76718373838276
,30,2475.30785013656,2313.55460429929,2254.73038491385,1270.79272436287,1638.20603632792,1670.35692177031,726.904384338644,596.94316326913,643.100183641312,8.84566358890561,1.20156923774221,7.52669384287083,1.05930781473353,31.4889438633122,3.27842294685024,10.3506573329428,79.4233926051052,17.5141729605748,5.75665151710973,10.0030516916909,10.9676129995191,-3.59981195443515,25.4531160378574,3.82014566584803,9.22264010402341,6.81022368465528,15.7017861991953,10.1433493506997,25.4112708290058,14.5786201705332,13.0262938902451,5.36329643112413,-0.0139526297593875,33.6236870801608,150.797843425955,2.80223944653289,12.7916390215037,12.5559188213124,22.8419297242426,12.2925504781551,-3.17522951271712,9.2548837932427,-13.3997503631776,12.816436145431,16.4123019214408,12.3578441372442,0.153158624308162,26.2907961921956,34.687502514159,11.7359139724858,8.91859825020674,12.8965203770604,27.6545912200277,10.1919958394351,18.079152841251,21.0276297887303,17.8401530040019,-0.466663870745833,-1.33954370741822,0.679959012591553
,31,2577.32763759717,2404.57709156654,2346.35918253842,1418.57635888492,1837.16672723306,1885.04611381272,919.729488030261,757.530193704547,843.898069060521,13.7494719924389,-0.107487559323999,14.2045978092715,8.54181064401791,54.8267604065272,8.67211093396054,20.8709931935637,82.1818981698034,32.0779518537524,15.9599998593017,19.0966749848685,20.9815784427196,-6.47535854345551,40.8836025480077,10.9428281178607,20.1829672227309,14.2542759244197,30.9949055681859,15.9035578725043,42.0556885453184,24.9901534757514,23.1759497110702,12.218936815073,4.56304240197051,56.2314917325934,235.11407341002,11.01281523843,26.5795010346128,26.8684982078321,42.6194643039457,33.3210555595156,-2.01361293811851,27.3305258203836,-7.54681541641321,27.482586226216,35.1368238061045,27.8728178886877,8.69797019495854,44.8287073157503,58.5641414525962,27.2911047470125,19.840686504946,29.0354669495441,46.0611757308266,20.7693380148362,25.8869626951305,38.7352837814851,29.291348433198,0.588661264317125,-4.21559517185551,1.63812953783008
,32,2666.03810833534,2482.40931201121,2426.65714813625,1553.52599026221,2015.63124763787,2076.91552019901,1119.97650532028,925.855910778112,1065.32705507968,29.5407009784631,4.1077726974454,33.25377396971,20.5612109659992,85.359279929407,18.7407528849835,37.6518042753551,83.2985383448836,52.9811678359774,29.448488642744,31.0032332246483,33.8801105515831,-6.20892737887971,71.3813920553653,16.1354386045664,36.4582850531083,28.9048916378119,54.5072434517438,29.319172053416,67.8079600740984,52.9735404608214,49.0888502270454,26.7539196067669,13.2695739762285,91.1873866595815,332.44975471734,20.7596259925917,52.6761674777508,48.2397357469104,71.6965249131017,52.9543071330386,1.09469511744919,51.0615196874824,0.238340375568441,49.2538508119751,56.9772938150686,44.3511017873493,17.4278124427901,79.5271425962878,98.0783152892623,54.5971695610074,38.9271888704588,50.1771362642576,75.8015962621375,40.0344715049823,48.4386642787495,67.8702218395006,56.5739565261561,3.26708843758752,-1.97121780727548,0.821170876586166
,33,2742.20376348186,2551.91134601983,2497.05899231119,1673.67057634264,2172.91629637691,2246.84904378525,1319.67156964775,1096.68273205888,1294.87836859945,51.25559739035,1.59060344811815,55.4235787485441,29.6303647574996,133.985839766905,36.5210987580358,60.969327387254,87.0877070322294,85.4021075963083,45.843503289741,54.9992589790545,61.5846396985398,-2.93917458633177,117.126781036469,28.5597063631926,63.1108160430563,51.553322337285,85.9628170974029,53.2986816521388,109.204159196096,80.3993913946929,81.2336644121729,49.6867008185536,26.9433065733806,139.401741468933,423.838939969303,37.0172210082551,85.1541162404701,89.5177178435415,122.379945741945,86.2512213623445,6.40288522278206,90.4035214343403,16.6105542802093,73.1602430787748,97.7396954073988,72.6231593850307,35.1321897900093,128.211056121314,154.579093059536,93.5068107698912,64.4211119049405,85.0416647893617,120.098974444035,74.4836310534984,81.184881466098,114.90484779514,87.0520473968377,-0.65128827351009,0.0529035279937489,3.76157325781196
,34,2806.89264461237,2611.8348673404,2559.62060278214,1781.08118188806,2310.96188945922,2395.35601973632,1507.47372462766,1263.36328373906,1521.45972201972,86.294997335724,7.07144756033267,89.7019601214538,58.286285766043,208.551256055123,70.5755264889631,94.2327537471811,87.817749359951,137.916163256411,78.4892243159425,91.9368840508755,99.0565217619633,-4.91256537086838,184.028369099731,50.4946675622559,106.985610253079,84.8760842918787,144.519170378025,89.0190703104604,176.991605466454,127.529302729428,128.393124069837,89.8221831692476,49.6298554049317,217.979967952261,503.451189330875,60.0069516574154,140.01794443571,139.57396014647,195.481406646717,136.901441455503,19.3372895884754,147.646886462186,38.0869957470159,123.991037265007,153.130717696334,113.198395881719,64.2047247889041,203.433493168402,248.50194383951,151.534720697069,105.992094547351,137.240330011313,192.633743198741,117.165877343627,125.534194095543,173.188363491491,134.664001701292,0.0954828203116449,-0.943061181201756,0.628005850546288
,35,2867.98973270412,2668.43026961623,2615.69664180048,1876.24531336881,2433.80894922833,2529.08827565898,1681.3361340198,1419.3830611231,1735.10297291127,134.541142852601,1.13651615465642,140.546739864317,99.0118958588318,327.751442707198,114.759252954411,145.304025135193,85.369489202722,216.683030756059,126.139918041093,147.120636413727,161.234052614756,-6.13803166289381,294.757232475153,76.7222630046454,169.937775084303,135.656643275571,223.503512242572,144.580057606716,279.615220510477,211.139464745297,209.463604674052,144.9525119686,84.1846171374241,335.397583947997,562.959447475186,106.525821281903,213.492326217106,210.18757476786,314.856439758097,220.679732055037,29.6458008711597,232.193572248911,76.3456826744127,195.883410855184,248.976221246653,175.638700178183,109.372916426336,313.530394730696,368.711393374322,237.476633908539,167.956148015776,223.985722174225,308.030383660663,187.05306534237,198.774125595164,284.215988423034,214.332360604459,-0.731417412008341,-0.0422481709329077,3.53401265788989
,36,2921.51980639497,2716.64875106061,2665.71713102458,1963.83557242573,2540.73523454983,2643.98098987875,1835.5581218809,1562.58334510072,1929.33061673344,218.628277487132,0.317768803833587,224.4911122906,152.075073927303,475.490310025892,190.627055517531,228.830525500734,90.5276987788325,348.925012227402,197.490118727223,228.738032844828,262.573744570707,-5.39999693361324,429.676891882955,131.612388255011,276.46343498562,205.141271113068,349.752729042033,223.186292548195,406.092062381343,332.444929442138,327.062929561754,224.062536329299,138.967612730743,474.269536075625,600.918938854602,166.975890127441,334.393402589957,332.125579938537,459.78637849294,346.46895332748,60.197448882263,348.121248335929,137.318161752517,306.355554068567,369.097917662018,282.795947717554,176.484585081653,441.726039318566,527.266914232967,372.631193823158,275.252778574958,353.673184719662,449.49708898079,292.788781704596,307.848764753337,419.197497985042,335.616451491222,-0.192818768589859,3.56162555271521,2.96423280095769
,37,2969.78860495568,2760.1950729762,2710.1487594744,2039.54441945927,2634.0645819398,2745.32351468398,1971.9001508657,1689.22396686168,2101.80493998053,343.796759945195,3.88808768731087,356.792686289945,252.598634682213,658.955608181937,305.034017613262,355.334752816499,91.3576786638628,506.687150412669,318.45140586609,361.872645910294,388.998138752385,-8.42435622963148,595.54323422642,209.382168012584,410.583886363697,319.45013092472,497.092020912795,352.109453039199,562.741615995532,483.789702216422,469.918503623201,346.868810567531,216.459457041896,636.614984618231,622.474119979029,273.631599510011,478.040093770276,470.558505882978,633.480971928009,500.027974459223,94.1513279482738,476.327637982823,215.65577655814,440.192584497042,526.225351728742,411.177718532712,278.780311286752,592.43391746455,719.608371757589,533.480385711895,408.58421428584,509.422250960491,628.472937805038,421.131949698957,439.586563013653,589.791454843212,484.772005403876,-2.01750823957173,0.0207113768901763,2.45444399320559
,38,3009.45794689727,2797.03010398785,2748.12727734852,2105.69791523157,2715.05697501006,2832.36053553235,2090.48054938445,1801.15066029916,2255.57416071178,492.096507275734,-0.54872494461415,518.175113889321,380.467267937928,861.8250281512,449.467418570941,506.46940734632,92.570364754044,696.924101851916,468.352274694904,511.818269880736,551.434359261394,-7.31419045055372,777.852166360494,333.092098876871,582.882146644331,451.703935174108,671.367984848548,501.800728270788,734.309590281508,671.422903914296,641.63535340888,487.679163433497,333.902037571657,803.042210712681,636.038353348667,405.188199950211,650.62394821098,630.578379273585,822.120820116791,687.813159754623,151.512997834238,617.395965602108,335.240501796418,603.236453430269,714.74432623084,568.729736745465,407.649861538073,751.367814903543,925.75697530518,727.009646284947,578.588127499527,696.892093798588,830.837656920474,577.670789689039,602.928266187107,789.117304646301,668.830669135793,0.634902040988891,3.00994599849719,0.787925693108264
,39,3046.77835963424,2832.01499153756,2782.61499350256,2166.2186297801,2786.28988823441,2908.06625003201,2195.91982921621,1899.75913044875,2389.60705337682,664.171183878856,3.8801000383728,713.13346982664,550.669564615803,1064.43397703119,630.737375725158,688.955391606886,95.4794941370251,905.698320957818,654.616555603878,688.662993439462,740.375729268503,-5.13585795698691,953.165475925462,485.510496593713,782.947576198337,604.054209365115,850.184330828029,675.828019817603,900.589857152804,879.915331417472,824.624464658769,643.558410901993,466.91363523932,952.09471255241,646.30821871147,571.662087671258,831.297893984017,792.53734903617,1001.02600925902,890.850944010137,228.245769288484,756.843520123121,469.482184880271,779.568886804855,916.168125156574,744.239515249277,571.278701007628,908.99601423565,1123.92317008496,929.842810516793,774.715798164159,898.986142696614,1036.18929338803,747.421079397656,781.179614443762,995.416204561628,875.627484056069,-2.61476845171319,4.51289867275364,0.100923579100709
,40,3082.19633447912,2863.94316617256,2814.52274031087,2222.17696346194,2849.68099668019,2975.64955753621,2289.14643455319,1989.37608746539,2508.15150338114,841.052747356095,0.371217740990232,924.312469319816,755.382766560387,1239.68706262805,832.644085234575,882.249103083175,99.17828386365,1106.48441835505,863.391978314854,866.676130712954,931.545083003457,-5.91308462675261,1099.48271039325,674.50861776301,987.566118009499,764.425207880817,1013.09243235544,857.033216819042,1042.48703039793,1080.62239890877,993.587852933869,799.367841780473,615.134362244247,1067.54109537865,656.237998595323,755.916742416488,999.233080005761,939.136348615056,1152.91942642256,1083.94880234898,340.118880526846,884.644757600605,616.70844207364,947.633586192143,1106.28033404343,918.398740613953,757.307962658943,1052.87101896115,1288.98580813909,1117.77440596248,974.587600342792,1088.45709301241,1217.05264963399,912.373302160342,953.659212395614,1179.94819584193,1077.79558022995,-3.110805465863,12.7547307353038,-0.00129118974837183
,41,3113.04326027555,2892.27429965256,2844.90666616703,2273.50998423817,2905.78898826853,3035.08818000544,2370.47461889727,2068.13647138013,2609.81480534423,996.164258864292,1.43758364139467,1124.39658354561,977.013087332449,1372.32468065431,1025.06018016189,1062.6717366473,101.139656962099,1272.27888902506,1068.32497565608,1033.69679995972,1099.50841013591,-5.85959006176881,1205.63733234925,881.830699307655,1170.79274296132,914.895407087774,1136.88041434775,1020.0832981704,1145.01921670152,1248.00721531286,1132.0247672841,934.895702714074,760.385948661058,1143.86035550255,668.704389831826,939.347287867554,1132.8134910887,1049.7044315077,1261.87933106153,1244.05731759653,464.634834343278,991.025462086717,759.656551932424,1087.39780025526,1261.40373786499,1070.00600468309,946.036234704811,1177.72962604642,1408.95875240933,1268.38452506686,1152.79177453758,1243.75136852052,1354.95563070265,1053.73003835738,1095.76999917617,1326.73664344681,1249.87525161685,-4.45737235071192,25.995086774939,0.372889262193894
,42,3140.30814429767,2916.38827361651,2871.80302693611,2317.83996159413,2956.15488608216,3092.27995457407,2442.48001894385,2140.48742121351,2700.9224488295,1112.07045900443,-0.796928004786878,1291.28689872877,1186.83226412834,1454.56076151058,1179.12093505244,1208.07350002699,101.980719556851,1388.41539638444,1243.02104262336,1163.43935346663,1227.1918069487,-5.21997458710757,1271.27521330995,1076.13151847849,1311.15564146509,1042.61427910961,1221.44688194238,1147.93147422492,1209.80087786784,1364.93836486187,1227.16851938213,1039.37138668273,886.511813817879,1183.1263133435,683.935536157885,1092.27700037997,1225.29015619253,1124.13359793945,1326.75240018584,1357.68215881201,598.336624101896,1077.61965094102,882.919319349929,1188.4633616428,1373.03410436402,1186.88144359299,1114.8687033157,1281.58398765169,1481.60384762469,1374.53641030902,1289.20683237899,1351.58162872496,1444.83008763018,1159.46655740472,1197.27823553844,1426.90415225819,1374.68050287698,-0.132661377711884,47.7429622994969,-2.35689040765919
,43,3164.11690514873,2938.44062047741,2893.08797442256,2356.68285042468,3000.15901476255,3142.10509887493,2504.91614418353,2202.46754745819,2778.90054903635,1183.60187060621,-1.72935049047555,1410.19462026363,1354.54206877743,1497.59672333611,1285.42372315177,1307.81176094255,103.954844897852,1454.77480527495,1371.91937421402,1249.71621884001,1312.20936196548,-0.786314889267032,1304.59953322029,1230.89189517736,1405.71881999594,1140.78693105311,1268.62030914354,1234.90872837434,1243.23380300443,1433.48547879883,1283.46730247673,1109.18980709447,981.494801402011,1196.62073245528,699.112369103332,1204.52512699896,1278.75808949261,1165.3949416205,1361.15690588714,1426.06226344794,724.268222074797,1145.43128595699,972.617079274553,1250.26622114778,1442.13632974808,1266.18769872108,1246.46706175347,1367.09999352444,1515.59290273938,1436.35118455142,1378.39875596313,1415.91891847202,1492.93036344899,1227.45127713542,1258.64726147352,1487.09578092267,1452.42613178429,-3.57638419100886,72.7307862643415,2.12792176581297
,44,3186.4734839097,2959.32895779186,2913.78537732124,2394.16186102997,3040.45871720026,3188.00752269662,2561.05316154652,2260.14028367536,2849.80569191637,1219.10793429721,-0.435702639723786,1481.58677454914,1469.79329830369,1511.46015911471,1342.74614493187,1365.4289400396,104.575751667219,1481.1199952295,1452.50591195054,1298.59941286093,1358.64467833492,-2.7352154833693,1312.54004400946,1333.57507712606,1459.83281400894,1212.99696861739,1288.33592232335,1285.5779303458,1255.31847923812,1463.81298757813,1306.82396868773,1147.59732629872,1043.11202907514,1191.49533634503,714.960421475837,1272.84696748173,1302.58886977007,1181.69293867973,1372.57294196423,1458.83272091406,830.568565484032,1199.96854932579,1031.18816613879,1279.40847812286,1480.05179327384,1314.41114650842,1336.19994331066,1437.72839145888,1521.85178642751,1461.26954084972,1424.55084104935,1442.55187960908,1508.01693006215,1261.7442337776,1284.80641294365,1511.71880200648,1492.04305370356,-1.72584086686174,119.36778293301,-4.34725752481791
,45,3210.16870719334,2980.33883088861,2934.51711294911,2429.4068362636,3078.12581781353,3227.56355782649,2611.99583414333,2310.08957828465,2911.27261959191,1229.92068183187,-1.6300211796306,1515.86796834392,1533.33497340118,1505.70783421964,1368.16941612255,1388.97286201296,105.388736758177,1479.72636871598,1495.60141557801,1317.45947278826,1375.37929604671,1.19670211509811,1305.51084371857,1389.66498756524,1483.9399643584,1262.24902164743,1285.95665911802,1307.12555032564,1252.95864539773,1465.3142008596,1309.01352996919,1162.82423177111,1075.24222805146,1175.14079092749,731.352807502548,1305.08071521895,1302.72211086431,1178.2091452182,1366.20167079656,1470.73156554314,910.981612603104,1244.2235766485,1059.65100182644,1285.53271544662,1498.4717909418,1339.57207596233,1389.81712522143,1500.19397730058,1507.45248208069,1459.57191559987,1438.34516903749,1444.70667404769,1501.6414896964,1271.83572004977,1287.668902665,1514.77804491438,1502.84740858836,-3.00357723797106,174.966203920607,-1.50598792255141
,46,3231.78247960502,3000.06974700684,2955.68122341492,2463.98787405989,3115.51978109827,3265.38728380891,2659.32961881788,2359.18011994698,2969.23193906836,1224.80371899388,-1.75901950875368,1526.46987338981,1563.61538047322,1489.83963769808,1364.84911770481,1388.70503398606,105.069430570872,1459.07967696807,1510.67509845955,1317.10668900674,1374.44806857132,3.76540421101618,1288.00727698624,1410.7391599843,1487.98106117708,1298.21261915349,1270.14002668126,1308.09590957687,1241.62591854805,1448.94446456743,1297.15242934303,1163.87410676546,1085.78209848173,1149.71115724616,750.456909109687,1315.19559756652,1290.03727956554,1162.45852491658,1341.2840521784,1470.37707533011,966.570169048011,1282.09681698121,1070.05200766124,1275.79936706485,1506.46289009488,1351.11464358814,1419.42644684083,1555.94709756696,1483.17521532742,1440.44998998462,1430.87614625111,1429.14295108576,1479.44127798281,1264.10409992786,1274.33727413358,1505.02159912254,1495.53519900948,-3.52345494776728,250.971654120104,0.350944454302407
,47,3252.38788224775,3018.1077916411,2972.66605714716,2491.86351804839,3147.94867165905,3300.72289638707,2703.38325415692,2403.63152096145,3020.49781616648,1206.5097686468,-4.99279005611061,1522.75760064106,1565.80050980516,1465.72452389095,1344.95428051575,1373.81960948465,106.084450544127,1427.55943630849,1509.89637669559,1300.38629308648,1362.00980272393,7.5840307870576,1267.21404283751,1410.13438268388,1480.53629215298,1325.27415030628,1247.49185563822,1295.57924151322,1224.12484041956,1420.90948971769,1274.62496142614,1153.82736090332,1081.33240876521,1118.2913151251,766.498110606365,1305.29747809489,1266.71258653325,1140.59489989888,1307.65698980928,1461.82486921064,998.87156039987,1314.93847003867,1066.53353236647,1255.70194398905,1508.02032393949,1353.71918633581,1433.39934125494,1608.95424906272,1450.77924434045,1410.04599850116,1408.54048944071,1404.81063727629,1450.53571603523,1246.52337908184,1254.0161673059,1489.77816230685,1476.70089771736,0.0142769059029888,328.286356001553,-1.8818378920023
,48,3266.79908935445,3033.19785257053,2986.89112126498,2517.24586636338,3176.96295366505,3333.57751924581,2741.75457202866,2444.98781611572,3068.34479591221,1181.45848150894,-2.97578380729283,1508.67698611432,1551.24624096184,1443.74925956089,1314.61523770868,1347.82285938442,107.188351077296,1391.69498926554,1500.51435734815,1276.47575916067,1345.46790468707,10.5800927136406,1243.4207347471,1394.92916485496,1468.23159739402,1349.66343439516,1221.70241744336,1273.99084232976,1205.14944597185,1386.96171167141,1247.31528377671,1140.31421989367,1064.39392661801,1085.50034919819,783.288587313738,1290.88160308154,1240.99706595733,1115.60871426675,1272.80589716816,1449.82825324483,1015.98482843651,1343.69482174069,1054.22690240969,1228.70363541986,1505.55862524999,1349.83759857244,1439.54178965482,1653.8213327178,1416.27505653265,1373.63623278764,1378.57195306995,1373.41436188357,1416.06705577654,1221.08523518308,1227.86584181973,1470.68631669013,1452.30372907248,1.86777107546959,404.297100342404,-1.04288744369705
,49,3280.06890619136,3045.76994223577,2999.93016077605,2539.97925732994,3202.19423020262,3361.46270114665,2775.53046376683,2480.15990401034,3109.15084914045,1150.49770952601,-2.13102500633522,1490.06208238631,1524.03967309103,1420.71391704688,1279.64634426485,1318.25656974384,109.151931183115,1355.80355695691,1488.03150069391,1247.49266592159,1325.82878822288,18.0510002845867,1221.84467182578,1371.54920526195,1454.2598888914,1370.56579560603,1196.19401459831,1248.71214755724,1184.90619740215,1351.55328050702,1216.53278802482,1123.59640548455,1043.1330840552,1053.59580298754,798.446110048153,1272.08855645315,1214.25970156397,1090.11962866272,1242.18767922808,1438.19941074269,1024.47794544223,1369.3635923081,1037.91924901448,1198.86173927758,1504.80371143099,1344.10933751992,1441.56611994598,1695.10901625615,1380.91165535993,1334.87302716194,1342.88759977986,1341.71275555641,1380.08148933625,1193.28803198915,1200.54363638209,1449.02711957522,1425.08799651102,3.45970114993088,479.682307232428,-1.25247791432821
,50,3293.71995311921,3058.03335457803,3013.10951864481,2563.03647742753,3226.19011996364,3384.76448062587,2805.39528793984,2513.0200386025,3145.61217892636,1118.72250007641,-5.61564008751066,1470.17150335602,1494.46168664612,1401.05288880238,1243.23368079228,1286.62473520116,112.182210922491,1321.79159200548,1473.23844808205,1218.11331573759,1307.35692959626,24.0080191395209,1201.1274049573,1345.04794439313,1440.05245519272,1390.19081392843,1171.7908681952,1222.30022460822,1166.06554696973,1317.60182498321,1185.88605183335,1107.47486065001,1020.9941891356,1023.55632981707,814.812228596332,1255.98666293999,1190.37517064716,1065.34826466404,1214.49678771233,1429.84068622907,1029.89342258224,1394.27739137026,1020.05143775953,1168.27144524528,1508.03155505674,1338.6233738218,1443.56471083148,1733.54216929418,1348.03836017522,1295.60792491615,1305.68150420735,1310.86165321804,1342.42629300015,1164.30692685807,1173.57189012971,1426.9179119407,1397.95637116501,10.4830109252689,551.617520526256,-2.64042172320706
