,Temperature,A4,A5,A6,A7,A8,A9,A10,A11,B1,B2,B3,B4,B5,B6,B7,B8,B9,B10,B11,B12,C1,C2,C3,C4,C5,C6,C7,C8,C9,C10,C11,C12,D1,D2,D3,D4,D5,D6,D7,D8,D9,D10,D11,D12,E1,E2,E3,E4,E5,E6,E7,E8,E9,E10,E11,E12,F1,F2,F3,F4,F5,F6
,72,4259.55037560345,3941.01236076345,4206.26950513971,3753.85280309832,3934.35077274326,4024.90718192511,3694.40363779071,4000.62644107907,3692.29384828391,3794.7616023289,3866.27398189322,3659.28266104495,3594.13158639729,3558.2852057806,3491.20354557531,3752.75937267119,3804.93878484302,3537.31340196047,3758.09397465193,2799.93710028674,3632.40452986439,3850.59460998358,3701.30503948813,3870.00965249007,3832.7317334465,3847.37514843028,3554.96442584844,3630.02085930518,3883.41758413402,3977.11010638632,3593.3214486709,3499.03416156877,3404.83787178775,3472.46290504724,3594.74631464589,3384.87770038923,3424.08331615821,3252.66055642226,3637.25013411095,3475.0977078809,3566.46225181164,3480.64414453399,3587.69895363659,3318.97062294161,3428.42007111224,3536.17407871626,3443.61399242685,3500.91458430715,3470.63417108777,3660.38505881662,3482.77949396517,3523.29018657299,3674.94236797418,3619.12385530167,3417.10912888695,3369.06516787612,3308.48374542882,3325.72226576668,3299.12790771859,3379.96321834624,3363.73141146,3112.07957463703
,72.3,4255.74952276351,3936.95325308621,4201.44617026059,3749.65445452098,3931.55664464548,4023.63527899744,3695.28733199299,3996.93495163066,3691.82921505845,3798.40487728195,3869.79337502691,3658.94681236471,3597.69951016132,3558.520633352,3491.02788733036,3751.46051901882,3802.75118842914,3536.0895599948,3759.62778953193,2798.13365230441,3637.43569755254,3853.33714629133,3699.73657255957,3878.72545321031,3834.56770412838,3848.88373738688,3557.37983946637,3627.72638866341,3883.27748135276,3972.52964756734,3593.2280963298,3513.31121050889,3410.83831145275,3474.70390698196,3595.92895646493,3386.07483967859,3425.19826684934,3254.8311779336,3637.29051112496,3472.31433106324,3565.87627648321,3480.05182871814,3585.80791609559,3331.27983138208,3436.15333535876,3537.67213541434,3445.62339204451,3507.84328226044,3472.57909727343,3660.44022041193,3482.10719662031,3521.3907085681,3674.80938372877,3614.01323836904,3419.63556484466,3378.62607865362,3311.68511296122,3331.1369838694,3305.46135481144,3382.28820004185,3366.57270348503,3113.5961636893
,72.6,4251.94866992358,3932.89414540897,4196.62283538146,3745.45610594365,3928.7625165477,4022.36337606978,3696.17102619527,3993.24346218225,3691.36458183298,3802.04815223501,3873.3127681606,3658.61096368448,3601.26743392536,3558.75606092339,3490.85222908541,3750.16166536645,3800.56359201526,3534.86571802912,3761.16160441194,2796.33020432207,3642.46686524069,3856.07968259909,3698.16810563101,3887.44125393055,3836.40367481026,3850.39232634349,3559.7952530843,3625.43191802164,3883.13737857151,3967.94918874836,3593.13474398869,3527.588259449,3416.83875111774,3476.94490891668,3597.11159828398,3387.27197896795,3426.31321754048,3257.00179944494,3637.33088813897,3469.53095424557,3565.29030115478,3479.45951290229,3583.91687855459,3343.58903982255,3443.88659960529,3539.17019211242,3447.63279166217,3514.77198021374,3474.52402345908,3660.49538200725,3481.43489927545,3519.49123056321,3674.67639948337,3608.90262143642,3422.16200080237,3388.18698943111,3314.88648049362,3336.55170197213,3311.7948019043,3384.61318173746,3369.41399551005,3115.11275274157
,72.9,4248.14781708364,3928.83503773173,4191.79950050234,3741.25775736631,3925.96838844992,4021.09147314212,3697.05472039756,3989.55197273384,3690.89994860751,3805.69142718807,3876.83216129429,3658.27511500425,3604.83535768939,3558.99148849479,3490.67657084046,3748.86281171408,3798.37599560138,3533.64187606344,3762.69541929195,2794.52675633973,3647.49803292884,3858.82221890685,3696.59963870245,3896.15705465079,3838.23964549214,3851.90091530009,3562.21066670223,3623.13744737987,3882.99727579026,3963.36872992937,3593.04139164759,3541.86530838912,3422.83919078273,3479.18591085139,3598.29424010303,3388.46911825731,3427.42816823161,3259.17242095628,3637.37126515298,3466.7475774279,3564.70432582635,3478.86719708645,3582.02584101358,3355.89824826303,3451.61986385182,3540.6682488105,3449.64219127984,3521.70067816704,3476.46894964474,3660.55054360256,3480.76260193059,3517.59175255833,3674.54341523797,3603.79200450379,3424.68843676008,3397.74790020861,3318.08784802602,3341.96642007485,3318.12824899715,3386.93816343306,3372.25528753508,3116.62934179384
,73.2,4244.34696424371,3924.77593005448,4186.97616562322,3737.05940878898,3923.17426035214,4019.81957021445,3697.93841459984,3985.86048328543,3690.43531538204,3809.33470214113,3880.35155442798,3657.93926632401,3608.40328145342,3559.22691606619,3490.50091259551,3747.56395806171,3796.18839918749,3532.41803409776,3764.22923417195,2792.7233083574,3652.52920061699,3861.56475521461,3695.0311717739,3904.87285537103,3840.07561617401,3853.4095042567,3564.62608032016,3620.84297673811,3882.857173009,3958.78827111039,3592.94803930648,3556.14235732923,3428.83963044773,3481.42691278611,3599.47688192207,3389.66625754667,3428.54311892275,3261.34304246763,3637.41164216698,3463.96420061023,3564.11835049792,3478.2748812706,3580.13480347258,3368.2074567035,3459.35312809835,3542.16630550858,3451.6515908975,3528.62937612034,3478.41387583039,3660.60570519788,3480.09030458573,3515.69227455344,3674.41043099256,3598.68138757116,3427.21487271778,3407.3088109861,3321.28921555842,3347.38113817758,3324.46169609,3389.26314512867,3375.09657956011,3118.14593084611
,73.5,4240.54611140392,3920.71682237736,4182.15283074405,3732.8610602117,3920.38013225438,4018.54766728673,3698.8221088021,3982.16899383701,3689.97068215668,3812.97797709429,3883.87094756178,3657.60341764373,3611.97120521744,3559.46234363763,3490.32525435056,3746.26510440931,3794.00080277357,3531.19419213212,3765.76304905196,2790.9198603751,3657.56036830505,3864.30729152225,3693.46270484527,3913.58865609119,3841.91158685591,3854.91809321318,3567.04149393793,3618.54850609647,3882.71707022775,3954.20781229154,3592.85468696551,3570.41940626927,3434.84007011278,3483.66791472083,3600.65952374096,3390.86339683598,3429.65806961386,3263.513663979,3637.45201918095,3461.18082379254,3563.5323751696,3477.68256545474,3578.24376593161,3380.51666514395,3467.08639234486,3543.66436220663,3453.66099051524,3535.55807407362,3480.35880201602,3660.66086679327,3479.41800724091,3513.79279654855,3674.27744674717,3593.57077063858,3429.74130867544,3416.86972176366,3324.49058309078,3352.79585628027,3330.79514318276,3391.58812682424,3377.93787158513,3119.66251989841
,73.8,4236.74525856399,3916.65771470012,4177.32949586493,3728.66271163436,3917.5860041566,4017.27576435907,3699.70580300439,3978.4775043886,3689.50604893121,3816.62125204735,3887.39034069547,3657.26756896349,3615.53912898147,3559.69777120902,3490.14959610561,3744.96625075694,3791.81320635969,3529.97035016644,3767.29686393197,2789.11641239277,3662.5915359932,3867.04982783001,3691.89423791671,3922.30445681143,3843.74755753779,3856.42668216979,3569.45690755586,3616.2540354547,3882.5769674465,3949.62735347256,3592.7613346244,3584.69645520938,3440.84050977777,3485.90891665554,3601.84216556001,3392.06053612534,3430.773020305,3265.68428549034,3637.49239619495,3458.39744697487,3562.94639984117,3477.0902496389,3576.35272839061,3392.82587358442,3474.81965659139,3545.16241890471,3455.6703901329,3542.48677202692,3482.30372820167,3660.71602838858,3478.74570989605,3511.89331854367,3674.14446250176,3588.46015370596,3432.26774463315,3426.43063254116,3327.69195062318,3358.210574383,3337.12859027562,3393.91310851984,3380.77916361016,3121.17910895067
,74.1,4230.63898765241,3911.49512413024,4170.35360665908,3723.19343018725,3912.45023334453,4013.21165017936,3697.88382936951,3972.32781082233,3687.01472403444,3817.17338995515,3886.73686893801,3653.41795330549,3616.33936249537,3556.93721471418,3487.88741921631,3741.06106607917,3786.63229808312,3526.62955480725,3765.62976584115,2786.94202107554,3664.09407678799,3865.54969726681,3687.62903777176,3926.28264901708,3842.21519588857,3855.06576369109,3569.79520720335,3612.05166245461,3879.49220786392,3942.70471292065,3589.81901613239,3592.0805017343,3443.6095850523,3485.10549345438,3599.51991267218,3390.64807780379,3429.66750995086,3265.62179961177,3634.7682700087,3453.92722906598,3560.09910212038,3474.25695819213,3572.18569164692,3402.88808667359,3479.14189967261,3543.19401140062,3454.40654548141,3546.48022696884,3481.49574646797,3658.40317822152,3476.75354125557,3508.07174513361,3671.61716790316,3581.56295296796,3432.50541801909,3432.7841658183,3328.71011693347,3360.77047864674,3341.04716660746,3393.25253246933,3381.28341073119,3120.87435918966
,74.4,4222.34642971584,3905.38809189363,4161.84155338202,3716.80808397979,3905.06672089353,4006.6104521637,3693.93325480698,3964.61777044645,3682.4824659891,3814.05940215932,3882.61936700991,3646.87267986577,3614.79928019081,3552.39254522048,3483.90726982109,3734.88977139969,3779.67988692688,3521.52250374561,3760.90832429386,2784.40869000459,3662.77578806508,3860.61077755503,3681.80138902286,3927.27030334583,3837.97237630621,3851.31781545968,3568.75099408562,3606.75149489061,3874.61118969498,3933.84261847275,3585.23960961716,3592.79002297848,3443.44491961038,3481.83370691234,3594.66579383016,3387.23357029015,3426.9857945902,3264.03506054905,3630.35920301227,3448.15082690781,3555.93025627903,3470.21505601198,3566.97444782203,3410.2816044376,3480.63804658553,3538.27999192629,3450.87070660823,3547.93058614394,3478.71187273715,3654.32878537891,3473.42043051714,3502.64723135255,3667.00011356439,3574.11780531186,3431.39630321194,3435.86150989504,3327.39539883297,3360.10527820176,3342.60804928177,3390.87074371583,3379.98298820582,3119.47962686996
,74.7,4212.69064013619,3898.26328798552,4151.94951662893,3709.384587147,3896.38138764369,3998.42017072501,3688.30119233603,3955.16699538918,3676.10756373502,3808.27047880351,3875.73599083907,3638.62126344763,3610.89500114207,3546.40053210654,3478.56959870247,3727.49434988669,3771.81733860883,3515.50264799173,3754.5042865498,2781.13961304389,3659.23344590044,3852.96696760284,3674.60370768225,3926.15822803358,3831.70149496842,3845.91404418541,3566.39223347979,3600.48708494777,3868.74649796323,3923.64091173846,3579.11363447207,3588.13396482371,3440.86664793579,3476.8289823026,3588.46304087996,3382.28033490069,3422.96858273667,3261.11435575594,3624.63040624769,3441.23538220438,3550.89909411176,3465.35121183567,3560.52541322817,3414.64593757122,3479.55724303773,3531.12737358395,3446.08385542193,3547.07386021626,3474.34407754852,3648.71310565342,3469.10053117312,3496.38870468787,3661.47030710961,3565.89750310139,3429.00157254806,3436.21015396387,3324.32132636581,3357.22394847519,3341.85825483482,3387.33979353692,3377.22733004954,3117.34317272081
,75,4201.50939866272,3890.60219274931,4141.16416691758,3700.97125768637,3886.53558029927,3988.80683468032,3681.18455257483,3944.24015202262,3668.66189084856,3799.96210529041,3867.06085277322,3629.24349967261,3604.97943091614,3539.00959790065,3472.54239243036,3719.01244754811,3762.84000384815,3508.90721905316,3746.98114792259,2777.84315973812,3654.45637732202,3843.73153990345,3666.65613778961,3923.79390249,3823.86046555103,3838.94854683703,3562.56826963989,3593.98519691393,3862.1328065535,3913.08786560428,3572.17840121773,3579.58267427483,3436.88413787007,3470.7430227317,3580.87289903836,3376.42596602818,3417.73716745189,3257.11027777416,3618.1732669139,3433.50073916799,3544.71994571956,3459.95796190647,3553.39000141584,3416.60230315379,3476.18955329497,3522.71820541247,3440.26350627697,3544.67421446373,3469.10709111366,3641.91844690586,3463.80276059648,3489.46691361066,3655.34910998757,3557.89234203242,3426.02007745629,3434.51958218759,3320.17484757879,3352.89953817551,3339.45061631077,3383.15077958577,3373.11416825884,3114.57122644439
,75.3,4189.62682697408,3882.09952310006,4130.07542234398,3692.07603550266,3875.86818100515,3978.06575336406,3673.25355946102,3931.75036962143,3660.18402728813,3790.27181267181,3857.64596180544,3619.43947290134,3597.91083000919,3531.21763523254,3465.21151316444,3710.09374387176,3753.5582336284,3502.17528078198,3738.48983456185,2774.63179925335,3648.34772747949,3833.37725404029,3657.70057449363,3920.13620522148,3814.5304020885,3831.02435691479,3557.92722282038,3587.23180119724,3855.34582730216,3902.71918970813,3564.33437825784,3568.76362264102,3431.90817244237,3463.71301557987,3572.31466232879,3370.06335755069,3411.6153485969,3252.48138422774,3610.95643056559,3425.84973777349,3537.88502301808,3454.23969075861,3545.62559665278,3416.90030501574,3471.29279411141,3513.48111850245,3433.52805950968,3540.85254270866,3463.00689785095,3634.49587309617,3457.80092687624,3481.9765912017,3648.70550740241,3550.16238208373,3422.85786082667,3431.66224337114,3315.24820861177,3347.61633486966,3335.61527891921,3378.41255801017,3367.73932654734,3111.29728342917
,75.6,4177.21772130966,3872.62876426807,4118.71008334748,3682.73519735837,3864.64382443346,3966.81126807708,3664.98350405212,3919.01720824092,3650.84526798598,3779.78672060633,3848.07264839073,3609.41251532789,3590.29842683175,3522.96226537258,3457.3095917548,3700.59291779812,3744.35068174537,3495.00822596649,3728.87089983347,2771.04953492824,3641.06731254379,3822.21717059135,3648.2354240817,3915.89100025262,3804.31313437033,3822.17296058573,3552.81683802565,3580.46382075696,3848.12214384807,3891.97740572864,3555.96656870773,3557.19769021841,3426.10169514129,3456.32670366022,3563.48782218901,3363.02106658163,3405.10414728572,3247.45360469485,3603.39059571581,3418.0488181105,3531.12847110543,3447.90202306415,3537.63085018397,3416.37181287308,3465.69988214616,3504.10086916655,3426.82265593386,3536.26484663247,3456.70315564766,3626.56099230934,3450.76434521554,3474.11843438657,3641.35894647718,3543.0616376717,3419.38432061203,3427.90180896375,3309.58457738704,3341.87746365505,3330.73732647728,3373.37680176238,3361.95136001107,3107.83449409658
,75.9,4164.73849338331,3862.63315614298,4106.75848051107,3673.08643871724,3853.27068316771,3955.3574759998,3656.28420627594,3905.67002380531,3640.99804120478,3768.9894930423,3838.21972555143,3598.97533610334,3582.02363144947,3514.29812615316,3448.69760960698,3691.32074394011,3734.95016500688,3488.07766984035,3719.0910209942,2767.64871256519,3633.27889316917,3810.79487872108,3638.31110399141,3911.12969811955,3793.73908911085,3812.65132309304,3546.73370891769,3573.43722023045,3840.51012877936,3881.41230247144,3547.44469794758,3545.74760961837,3419.58143176283,3448.64402630743,3554.22865333285,3355.97904435931,3398.5307182158,3241.86270153957,3595.33358847881,3410.33900590081,3524.12276916179,3441.23278855492,3529.05617852984,3414.77018294734,3459.37524883588,3494.79704289248,3419.57882945321,3530.99742184396,3449.83530221223,3618.29295947266,3443.2812793706,3466.21330981067,3633.20412520584,3535.76160912827,3415.32340626588,3423.85225238779,3303.62772084077,3336.26701313186,3324.97861497237,3368.11968409397,3355.74518414996,3103.65214814265
,76.2,4151.78691528072,3852.55992888605,4094.88153816486,3663.43992659631,3841.82476113968,3943.27538874229,3647.31263122106,3892.56981623978,3631.28222340963,3758.15250134559,3828.51138562177,3588.60029450674,3573.46074687881,3505.10817558966,3439.87061036869,3682.07763214659,3724.97907863653,3480.83699202642,3708.78212054014,2764.30432294036,3624.87952190358,3799.19425710326,3628.3554506584,3905.52148532912,3782.86333953496,3802.67407807429,3540.31255099274,3566.11784646725,3832.15944581815,3870.44682111091,3538.876331611,3534.71465897616,3412.73056270559,3440.73790313168,3544.55964674501,3348.99125216962,3391.62458448483,3235.89188469856,3587.03314257705,3402.58952584893,3516.77752797567,3433.96730962425,3520.67860393731,3412.41100620151,3452.55040375321,3485.706102324,3411.95821537793,3525.28329551028,3442.6967183134,3609.90273717037,3435.39621492794,3458.13728547577,3624.75331941102,3529.01148097003,3411.18433209753,3419.8001550892,3297.35868446128,3330.45304335666,3318.877159544,3362.78391957287,3349.01621628879,3099.05102959748
,76.5,4138.71481986368,3841.92093370521,4082.90930622698,3653.88286337855,3830.53339202158,3930.95307094738,3638.0919044743,3879.48195572142,3621.56498829226,3747.56299771633,3818.65041766947,3578.30532630816,3564.53002053875,3495.9908326534,3430.61638443814,3672.70290916996,3715.24861488344,3473.19795646243,3698.2051037999,2760.18199744918,3615.89385946964,3787.51461860925,3618.09287152685,3898.76980479874,3771.69592578142,3792.65238048787,3533.7345624249,3557.96594915183,3822.99302114006,3859.13607325064,3530.10754015477,3524.18073382133,3405.13535596707,3432.44814220217,3534.74752060799,3341.81506354898,3384.8100054082,3229.58624955114,3578.41147704399,3394.79559881749,3509.43615803141,3426.38122233891,3512.06653953937,3409.02021670394,3445.65104700044,3476.41585290453,3404.15352225872,3519.09457798769,3435.20069648846,3600.89794858026,3426.92024784567,3449.71601719329,3615.2914599498,3521.4362378656,3406.58699288547,3416.06680324656,3290.62466310005,3324.36038803375,3312.74111642211,3357.3053840875,3342.0821414127,3093.96126601925
,76.8,4125.49238135057,3831.53171671693,4070.44499026519,3644.28838401988,3819.21571034895,3919.12893575777,3628.41227393167,3866.60460409663,3611.88814111409,3736.89887926277,3808.64651601463,3567.99985969183,3555.29104399849,3486.60613251542,3421.74177150389,3663.14853838985,3705.37002779172,3465.4391241477,3687.61228171539,2755.42910541724,3606.59466374703,3775.55356332158,3607.87698039662,3891.53276052243,3760.45238029739,3782.10554186886,3526.17994970249,3548.7734234122,3812.41108144642,3847.00366317678,3521.05987813111,3513.81328020646,3396.77356768373,3423.78033100641,3525.10485394177,3334.60574857257,3377.7605899098,3222.56180931852,3569.70782682853,3386.25503875392,3501.6479087729,3417.92037163409,3503.15778596172,3404.14664261945,3438.87599421893,3467.45001155314,3396.80286671337,3512.58440777455,3427.53817792986,3591.04157396706,3417.57220386851,3440.66992068592,3604.98272008715,3513.09757027665,3401.59721462992,3412.34208291459,3283.58286193009,3318.1998848887,3306.20279574308,3351.64086838504,3335.23825842123,3088.62515137858
,77.1,4112.25202218983,3821.34504551621,4058.17640719882,3634.47746180165,3807.7146916615,3907.0763385253,3618.23740170386,3853.59381996582,3602.20175445858,3726.04928557168,3798.1998148858,3557.45543949456,3545.67076143527,3477.03015811442,3412.33199397143,3653.57564517492,3694.84969605568,3457.5225700107,3677.03929048989,2750.32638186174,3597.30005703935,3763.78350950494,3597.39006759602,3883.61445187628,3748.97983476739,3771.01630156614,3517.85915790708,3538.77960649208,3801.09713981283,3834.27209819111,3512.38473244206,3503.66409220749,3388.25462171882,3414.63039136305,3515.41634474654,3327.36312307479,3370.19383277881,3214.84894282225,3560.22489801716,3377.34570252855,3492.9249225981,3409.06195461653,3494.01941414355,3397.4221351895,3431.76998492152,3457.9002232649,3388.85509054947,3505.41149393033,3419.24387434969,3580.14192887132,3407.86442710297,3431.17320811751,3593.88849750489,3503.81474756728,3395.76031952358,3408.65908280827,3276.18118167652,3311.75299133536,3299.28464471686,3345.91990415551,3327.61720170591,3082.87198654104
,77.4,4098.76573564686,3810.94968434359,4046.05463361699,3624.50877015185,3796.29696876146,3894.83823599788,3607.77771081894,3840.27156623451,3592.5980866645,3714.9627756141,3787.37435333422,3547.40112581719,3535.65290458658,3467.29490015083,3403.02959506134,3643.39663470404,3683.92859853959,3448.95160649708,3665.99991976491,2744.24430488454,3587.71172219618,3751.94554053607,3586.6000288151,3874.45997525824,3736.60886551969,3759.18609890879,3508.92443115935,3527.94303357572,3788.89256987276,3820.68830219936,3503.71607336261,3492.84797782817,3379.74276715587,3405.46968491229,3505.86305083255,3319.43352452461,3361.79102722992,3206.51211875568,3550.14847411602,3367.88171911464,3483.37113160207,3399.37270987971,3484.79050283608,3389.45727380386,3424.56602312793,3447.86506138952,3381.0141585348,3497.17779323397,3410.73296176626,3568.4414950601,3397.45602995481,3420.84155657263,3582.50685392081,3494.05338564419,3389.46951805688,3405.19347464328,3268.65790198241,3305.07105324375,3292.33360511294,3339.62895923929,3318.95481024452,3076.92110721296
,77.7,4085.26184040484,3800.05155533819,4034.00704595541,3614.54863639649,3784.60273577587,3882.68387381278,3597.51080124392,3826.6178079997,3582.56783599911,3703.45285514257,3775.88441348785,3536.91343695938,3525.03000396554,3457.45696647139,3393.44281268628,3631.92374850401,3672.55261084494,3440.3051660782,3654.56960352568,2737.53880767864,3577.79647178077,3739.81857532339,3575.45430554026,3864.3506378358,3723.50841532183,3746.53456796945,3499.00448232796,3516.45513289698,3776.03306307708,3806.91472960799,3495.18613915483,3481.42888297256,3370.72975730049,3396.03617449482,3495.95143817976,3310.49356090757,3352.7427448501,3197.31871666615,3539.37510225533,3358.15967721926,3473.24003624573,3389.65474483536,3474.95543066916,3380.49242981926,3417.08708394852,3437.57074709202,3372.91139961819,3487.83705612166,3401.49254503679,3555.75122077774,3386.22417409246,3409.99401918688,3570.27603754162,3483.42227268428,3382.45278069593,3401.6963193671,3260.86383981396,3298.38033215674,3285.00685480995,3332.64672848597,3309.74874905756,3070.48631766551
,78,4071.96937379004,3789.32230286192,4021.79497268011,3604.62140866907,3772.59291844408,3870.67269526376,3587.15027805843,3812.52094603182,3572.1248797651,3691.45305585739,3764.02691541124,3526.05969087176,3513.82277276195,3446.87353696627,3383.38191154298,3619.76833670673,3660.32344261012,3432.12316714557,3642.51608427651,2730.40163969004,3567.47109119058,3727.40431503304,3563.87119492913,3853.19810392392,3709.69444169609,3732.991572965,3488.05594662339,3504.27314832559,3762.51575281797,3792.44818966641,3486.42983556692,3469.59129724804,3361.80211983391,3386.57575474288,3485.75258724554,3300.91674363184,3342.60499693727,3187.75400657727,3527.9784924918,3347.67684305686,3462.57068127777,3379.29669092383,3464.8813515908,3370.25169161558,3409.41897470477,3427.42335551921,3364.49715644085,3477.64521700734,3391.58324548549,3542.626731747,3374.79951039008,3398.54839703937,3557.73071889058,3472.96479950605,3374.780163897,3397.70639975454,3252.93410740607,3291.31722069991,3276.78801110653,3325.10891982333,3299.87587302446,3063.94471825025
,78.3,4058.72739501286,3778.25804257328,4009.5524519213,3594.49782630227,3760.75680631561,3857.90496481155,3577.16814051046,3798.35327709177,3561.61566725427,3678.9618484191,3751.54211639705,3514.94814437266,3501.93524091435,3435.52153108899,3372.49887042741,3606.77928621205,3647.54516024755,3423.26861960898,3630.24418053968,2722.9179247521,3556.89418443114,3714.768614142,3551.78777617521,3841.08539018263,3695.21483882625,3719.20136331085,3476.62126854017,3491.79299369301,3748.95494024183,3777.65622575333,3477.65295659463,3457.7940998465,3353.10228318618,3376.72158409967,3474.86656925921,3290.78182091664,3331.8404336945,3178.12102913445,3515.97550527965,3337.24488821271,3451.51437368946,3368.86403625164,3454.80985568417,3359.5777815991,3401.31134475866,3416.46802509407,3355.36679131884,3466.51102135886,3380.82295136615,3529.10170100233,3363.10924592035,3386.77995604942,3544.82427660449,3462.83434174888,3365.84333273611,3393.30939777607,3244.80163772826,3283.80830481371,3268.11234219707,3316.97724369078,3289.18137896036,3056.93052938232
,78.6,4045.09192658221,3766.8768553812,3997.16776135119,3584.58335849564,3748.94503000539,3845.01359760323,3567.21719234945,3783.70711058667,3550.79112964472,3665.99270093127,3738.41034169565,3503.68828048355,3489.21643067203,3423.8769043395,3361.44395845527,3592.80416314104,3634.51939523963,3414.31716922722,3617.70217650544,2715.75356676675,3546.19462641761,3701.24913737032,3539.3539406899,3828.00125884276,3680.0132248778,3705.04135505413,3464.72639783682,3478.95875741923,3735.04164432825,3762.50185978466,3468.31406360721,3445.63916439118,3344.33227069913,3366.59417322125,3463.34874694481,3280.2602338665,3320.75641344513,3168.25620422289,3503.82951124488,3326.29456858087,3440.41163226183,3358.22320075519,3444.22044705705,3348.78234311247,3393.21385581311,3405.29141023077,3346.14742705088,3454.79747585641,3369.60302772115,3515.64361715767,3351.06329541724,3374.59655631038,3531.64460493114,3452.60806426608,3356.8678376401,3388.87300494336,3236.88197564785,3275.91110489868,3259.0363529039,3308.35486102279,3278.09447345552,3049.70907552634
,78.9,4031.08203664777,3755.45187907168,3984.6962036218,3574.55476471145,3737.01383196174,3831.79658363129,3557.15155875799,3769.38787009139,3539.64300489781,3652.71888316843,3725.15190485304,3491.74369300515,3476.04337205537,3411.59538265117,3349.64083855938,3578.06414740088,3621.00636124195,3405.18014023746,3605.03718422096,2708.9055629544,3534.83814267197,3686.89487826103,3526.84013086156,3814.19935950278,3664.7506569612,3690.88494407111,3452.79717706144,3466.37051214006,3720.75707540715,3747.27916382993,3458.09931365229,3433.92034617265,3335.08427378507,3355.57522670778,3451.18033538786,3269.49650981761,3309.3514626122,3158.23739465399,3491.60044539758,3314.8270621726,3429.25151394092,3347.74967617876,3433.34944936579,3337.75365901379,3384.80429916399,3393.82228876597,3336.26533269695,3443.07377456714,3357.586102645,3501.95123081968,3339.0377102954,3362.47549188742,3518.22128630076,3442.27657550533,3347.80750516346,3383.90125222527,3228.842357057,3267.27244605388,3249.15389942539,3299.22099271312,3267.17065947178,3042.39080389549
,79.2,4016.72927459934,3743.96906045758,3971.35210424274,3564.11235773204,3725.28517536488,3818.40043052484,3546.5666252097,3754.75157700456,3528.16824671045,3639.17620891466,3711.83205638758,3479.38745926049,3462.57100643032,3399.17151409944,3337.11378613768,3563.40972558639,3607.35366323437,3395.46138741911,3592.11969077814,2702.74182844307,3523.21124767168,3672.05345671545,3513.84537438349,3799.70926571986,3649.42881639102,3676.70590572033,3440.70309656621,3453.51189268879,3706.35694225288,3731.38407686682,3447.34007370068,3422.24039166859,3325.93375040449,3344.16349498764,3438.84226303989,3258.9237560874,3297.74061409792,3148.72712815859,3479.30881591092,3303.15212572261,3418.17473846223,3336.69653662738,3422.25522271869,3326.56213912133,3376.15731776669,3382.03970144224,3326.03092253788,3431.34737199507,3345.75748919056,3488.2829261148,3327.17005928523,3349.90138638999,3504.71758513049,3431.7765156776,3338.41684495223,3378.39215615419,3220.51126038364,3258.04723413277,3238.53378304271,3289.94215360409,3255.89878264659,3034.84034740256
,79.5,4001.44649332815,3732.27793441041,3958.09102822076,3553.31467884653,3713.81326042385,3804.77605727113,3535.83387686765,3740.42836474872,3516.49677488683,3625.42114031139,3697.88143529203,3466.54225386586,3448.89044847485,3386.78829947261,3324.29621176852,3548.32883652972,3593.41254130681,3384.53651076039,3579.25702459661,2697.29644553016,3511.52416057631,3656.76456893345,3500.87970719402,3784.9489770443,3633.9933869632,3662.42210143012,3428.56253554496,3440.71916565406,3691.97693440568,3715.29396911031,3436.26602395531,3410.53919340212,3316.70463354492,3331.99977796573,3426.16795948779,3248.29294625061,3286.24603812814,3139.08695673575,3466.99852190699,3291.43652332249,3406.97583729997,3325.87773767768,3410.6777208704,3315.45385661783,3367.06690312263,3369.7313557573,3315.5877606576,3419.38708947422,3334.00045279863,3474.60071893437,3315.06018437824,3337.00531771108,3491.10650230201,3421.05505209668,3328.89771349927,3372.6426028857,3212.34992517276,3248.52458291578,3227.72444239204,3280.1931735598,3244.48804434271,3027.04918141577
,79.8,3985.38820250212,3719.99659438626,3944.52003207162,3542.20184748042,3701.87136225633,3791.13004588631,3524.44431813583,3725.85045635134,3504.47868417257,3611.36578706413,3683.91490712444,3453.24551369713,3435.38244676573,3374.54626590801,3311.49118068665,3533.0059502872,3579.03091826832,3373.6466191147,3565.54545358449,2692.55900326303,3499.37921674395,3641.46714096686,3488.05302670794,3769.98537879486,3618.40417603301,3647.62434924689,3416.39252150086,3428.11534192978,3677.42882619565,3699.10358280279,3425.02541883373,3398.25000785661,3307.29946924388,3319.94460271685,3413.5176741177,3237.54920267781,3274.63851027119,3129.20256920318,3454.44244709282,3279.49772098039,3395.74951147771,3314.63054156682,3398.78881342457,3304.41417258653,3357.52645121144,3357.44179357567,3305.29344767212,3407.2262139766,3322.35407074854,3461.19559297584,3303.17175764926,3324.22729229005,3477.89005448489,3409.91601354461,3319.79624857492,3366.47073740099,3204.13434459123,3238.72724949139,3216.79426200504,3270.25556147099,3232.88251599373,3019.1639211885
,80.1,3969.04757814814,3707.38928880633,3930.41206553848,3530.76725035983,3689.59570855958,3777.22213205826,3512.82329856123,3711.67789380192,3492.7340951702,3597.10269456113,3670.01566763698,3439.74260793122,3422.26197407398,3362.24178101643,3298.67732995285,3517.91155919345,3564.58797092722,3362.46273856221,3551.39200766588,2687.76851038965,3486.83377007341,3626.37724822543,3475.35762223247,3754.9483537412,3602.87817572633,3632.65661735942,3404.01842711278,3415.37411834215,3662.99678137841,3682.92909427426,3413.32975784382,3385.81074918369,3297.61979293858,3307.9708178609,3400.87588607777,3226.51682106715,3262.68991652148,3119.2616034202,3441.93574029188,3267.68550276739,3384.50010912438,3303.55770379288,3387.05378143319,3293.43121345546,3347.33877069396,3345.33975516478,3294.88100894773,3395.09428263441,3310.83119851857,3447.9286611452,3291.11606332477,3311.52919786517,3464.6632314057,3399.38477236389,3310.45434226843,3359.39064744719,3195.30145053138,3228.56303269026,3205.68048248354,3259.76685238866,3221.3316853857,3011.04042984647
,80.4,3952.29147701292,3694.20747417027,3915.90276954266,3519.14234372961,3677.17644531155,3763.44670282803,3501.04090058341,3697.01532389315,3480.62439735992,3582.72812911224,3655.52986835407,3426.20537187803,3409.23995753352,3350.18692329962,3285.80979628503,3503.0274713819,3550.35631173066,3350.90602731748,3537.16960357987,2683.18348124683,3474.64186729358,3611.43258190754,3462.28200069146,3739.84134383615,3586.92842238193,3617.74425034025,3391.16700626833,3401.98708396193,3648.65380576411,3666.35763553919,3401.90315394296,3373.28199840554,3287.78663726758,3296.43506052142,3388.60335931341,3215.76029391344,3250.62358258738,3108.99295263781,3429.37993531722,3256.36696451333,3373.31654359321,3292.35599416594,3375.03460783492,3282.65850823826,3336.72351780587,3333.30261863359,3284.68564720835,3383.0046558146,3299.50077873751,3434.86262925371,3278.82135524317,3298.51339909559,3451.33595826444,3389.07105440151,3300.95148506938,3351.25780168107,3186.21793785904,3218.34818361287,3194.71340678677,3249.54871088449,3209.58645090432,3002.64839921673
,80.7,3935.20365493361,3680.67285003759,3901.56557173935,3507.37932111841,3664.20119363903,3749.73838651442,3489.77168862016,3682.82349310533,3468.79907629482,3568.07802797783,3640.91484499129,3412.83455631717,3396.32613953955,3338.01659655956,3273.20477426009,3487.95600989345,3536.16504535574,3339.25686946513,3522.58454805198,2678.33168792641,3462.61523686878,3596.63804555955,3449.51399888287,3724.60888322894,3570.73829968851,3602.71224662362,3378.07258473732,3388.61843936959,3634.04319255639,3650.14416063803,3390.41974886298,3360.88596712662,3277.81478099478,3285.00328350521,3376.46363362583,3204.99218237201,3238.55304827383,3098.26187972352,3416.78895574573,3244.99167489276,3361.75608539884,3281.22359860925,3362.97922402023,3271.56194876564,3325.95753398861,3321.10853122933,3274.60254729429,3370.89348682761,3287.73684317109,3421.97351400653,3266.67733363266,3285.71550853716,3437.93473012555,3379.14301574435,3291.7161768534,3342.61199839938,3177.17313491565,3207.97685120947,3184.18560548164,3239.20549420479,3198.00073827618,2994.5329124034
,81,3918.0464329483,3666.32450346478,3886.47815078216,3495.10749792292,3650.82998555337,3735.72336889499,3479.08206954361,3668.66559450828,3456.97566721128,3553.34383525665,3626.45456552522,3400.0382994199,3383.80903443077,3326.04605438419,3260.53763415091,3473.34839057796,3522.26548431496,3328.07777099159,3507.69966993456,2673.36301109184,3450.29291244633,3582.04227474627,3436.54376534245,3709.46764942177,3554.67670042129,3587.53685444245,3365.01103959528,3375.49840629492,3619.30284201252,3633.97945595386,3378.97129721506,3348.28081825711,3267.25957660804,3273.97285954349,3364.73992566904,3194.35504164661,3226.48759694772,3087.65655372169,3403.81940446419,3233.92844175465,3350.02960653139,3269.75089758672,3351.25592589075,3260.45631511303,3314.81551448893,3309.14467339568,3264.28304116893,3358.82569100748,3275.1624221514,3409.07532402164,3254.47906145985,3273.51527504167,3424.34601079115,3369.14286389711,3282.68264980421,3332.94030953045,3167.50553987191,3197.63990154765,3173.65704166554,3229.07353317719,3186.39176879132,2986.13633364633
,81.3,3900.80911838955,3652.11649209494,3871.10480127799,3482.73239279744,3637.60532410358,3721.53996451048,3469.15237943422,3654.6967585011,3444.87583938075,3538.82341808573,3611.92461193331,3387.54037269212,3371.39757087825,3314.21472230262,3247.92946101171,3459.02021409587,3508.72091664373,3316.84052365882,3492.9362801716,2667.96554093633,3437.91769206219,3567.27611951441,3423.36533811073,3693.88937409098,3538.9354150883,3572.52913237803,3352.2786539277,3362.06258492427,3604.64981820351,3617.66117247319,3367.00962560442,3335.82699226153,3256.49869934974,3262.79561452634,3353.0719862449,3183.78148169453,3214.40189614164,3076.991574275,3390.63959784297,3222.88006410036,3338.11903891501,3258.69508853277,3339.32701262321,3249.2794598544,3303.71083414556,3297.16054844977,3253.26564276957,3346.70133125199,3262.02976143307,3396.02457373055,3241.9991023568,3261.04493524723,3410.45982419838,3358.93504210184,3273.35315716939,3322.50390665751,3157.8815350489,3187.28464916905,3162.94231554257,3218.79477119954,3174.84807231828,2977.67735066302
,81.6,3883.21880238772,3637.66670631395,3855.11862111667,3469.9453594356,3624.48726496933,3707.39922275365,3459.69766908976,3640.66190507119,3432.25443112953,3524.47632296407,3597.30296497149,3375.20576585998,3358.793606132,3302.27285578512,3235.2809975307,3444.86904480125,3494.66060974563,3305.42651228758,3477.95269795875,2662.26796356879,3425.33588743053,3552.47393643844,3409.93362591775,3677.98482458358,3523.47139471576,3557.33590011078,3339.31607289448,3348.71298660494,3589.40184274435,3600.99835838979,3355.35354402497,3323.4311475128,3245.51063324622,3251.60016430365,3341.63720547128,3173.44272272567,3202.5604011167,3066.05436746796,3376.93362072495,3211.62450406694,3325.82233893615,3247.05676419025,3326.84928018517,3237.56849386106,3292.65084402548,3284.8789145458,3241.6842170834,3334.24335221784,3248.56758571378,3382.69106711677,3229.72186315155,3248.37530749946,3396.44005796489,3347.62673010904,3263.63273321153,3311.65813807126,3148.42554866785,3177.02813472532,3152.31845378219,3208.77328528475,3163.38842597195,2969.21003028269
,81.9,3865.6507407709,3623.29675443436,3838.99342038313,3457.0911080839,3611.5145670007,3692.83555288615,3451.1150458174,3627.02237226498,3419.6535765224,3510.44681428967,3582.87770664225,3363.05696914282,3346.26422326072,3290.14099879953,3222.99624790695,3430.68595374245,3480.18731555356,3294.56138642183,3462.61492252406,2656.48784858705,3412.18097050144,3538.02972752229,3396.53505463711,3662.21364425271,3508.42691443718,3541.5901540124,3326.37510625836,3335.57129385553,3573.74775069774,3584.58765470832,3343.22989016586,3310.17679429006,3234.58026302877,3239.97860600618,3329.75370812245,3162.8578306015,3190.87635598076,3055.35649701229,3362.75070038661,3199.99847986164,3312.97412612677,3235.16078357678,3314.48070869363,3225.439222459,3281.47015504591,3272.69488062346,3229.54277112539,3321.22013328665,3234.98000305226,3368.98337277104,3217.483009445,3235.65849446949,3382.52004164436,3335.61981252142,3253.13133451284,3301.01019786643,3138.7632040985,3166.8140628631,3141.62746249097,3198.17073383857,3151.71888532068,2960.74633547456
,82.2,3848.07634360412,3608.67691505494,3822.48815657756,3444.09713307079,3598.56856514251,3677.74963418258,3441.97013946256,3613.0432177517,3406.49899906943,3496.74368720586,3568.15432410449,3351.02619297434,3333.69589168555,3278.19323710067,3210.64058958612,3416.93062246381,3465.57228513756,3283.884011514,3447.4697591826,2650.46776147096,3398.78821356215,3523.66578841493,3382.76061080005,3646.62820306223,3493.41661100366,3525.30231289147,3313.70327336748,3322.10157632148,3557.88002593778,3567.65013968451,3330.58562268384,3296.20767520377,3223.15912159917,3228.43563457451,3317.64965805771,3151.78582401012,3178.91520301704,3044.22716429346,3348.1684269572,3188.09536132378,3299.96740157681,3223.01329786613,3301.8082369793,3213.58959445127,3269.83802064552,3260.38749137863,3216.87745581641,3307.89925394535,3221.17826124997,3354.81489213286,3204.76440853706,3222.66449747181,3368.54069252882,3322.70489062628,3241.91763038051,3289.85934682503,3128.94121879127,3156.80563952313,3130.37695135663,3187.23905994724,3139.97586254623,2951.80810035397
,82.5,3830.6282551212,3594.47982830777,3806.29487355194,3431.19057166432,3585.15944279396,3662.64511235153,3432.28485677167,3598.8958568631,3393.39132996694,3483.32681003445,3553.50993901805,3338.75109028936,3320.91784085318,3266.04311621946,3198.40811595446,3402.74583544583,3450.71240263018,3272.77651834809,3432.39103366584,2644.26465709079,3385.259791736,3509.14474734281,3368.69369063877,3630.79010059406,3478.04238967996,3508.64121859692,3300.77250552175,3307.88954004093,3541.6185064351,3550.41335261979,3317.57002170609,3281.71676987922,3211.73769152316,3216.42323133095,3305.18587907199,3140.26327650603,3166.55706975293,3032.51027853432,3333.54812848419,3175.36076990042,3286.4235513876,3210.61101294169,3288.51516399029,3201.95845678352,3258.29790943296,3247.60071314114,3204.04865419356,3294.22438057405,3207.75575919439,3340.3056425859,3191.72125958288,3208.840549072,3354.4593768079,3308.88393338815,3229.79678073259,3278.86874241034,3119.20864858149,3146.57755335842,3119.10149618881,3175.72559573421,3128.30340685055,2942.66640481967
,82.8,3812.99195814329,3580.08908332295,3789.80257474727,3418.238355962,3571.29165689199,3647.45257258073,3421.62393770487,3584.71605191194,3380.37288194808,3469.88060465678,3538.48468997679,3326.57044910558,3307.70322675712,3253.69670915529,3186.04658935645,3388.41473618405,3434.93638490358,3260.89871547648,3417.26157360631,2638.02570202485,3371.73988844312,3494.54876579892,3353.98091944439,3614.69610128936,3461.97828138012,3491.40247472404,3287.06776926258,3293.44881971004,3524.78563537484,3532.80684005334,3304.57447195024,3266.50755786969,3200.11527526814,3204.10437062571,3292.16695124314,3128.03133799542,3153.95335200325,3020.53522182592,3318.89384990145,3162.25362725233,3272.63364267388,3197.61518656111,3274.71573544524,3189.91956393961,3246.40566555228,3234.47603424334,3191.17270877802,3280.54440816238,3194.79258252478,3325.14634430353,3178.57796015157,3194.66929207093,3340.02137154686,3294.45849003925,3217.1553393839,3267.99362110046,3108.86987610926,3135.93016992485,3107.75726618852,3163.91978431129,3116.6839400466,2933.19881074302
,83.1,3795.52504005733,3565.59470008849,3773.75032567251,3405.33311102494,3557.39678220728,3632.21303909599,3410.50290770208,3570.2221852487,3367.44809941417,3456.6335713798,3523.33061391141,3314.0978054182,3294.63163688238,3241.3689385365,3173.09610236004,3373.56447558183,3419.3743300299,3248.36000506619,3402.34287013944,2632.20240525441,3358.02028819668,3479.84600558848,3338.16174583117,3598.17795373787,3445.11641526939,3473.62887625144,3273.33238839936,3278.41601952285,3507.62672535565,3514.90738895107,3290.80254287726,3250.35194676442,3188.0832581886,3190.77609663408,3278.30976274612,3115.21659029299,3140.69237552702,3008.37420406628,3304.38362297586,3148.77005048937,3258.42630554622,3184.49902193803,3260.85787217727,3177.93919202915,3233.99151390813,3220.95918572615,3178.14115479278,3266.82324246151,3181.37587890866,3309.23071803837,3164.73603006411,3179.92541306933,3325.22891937133,3279.59839784023,3203.88078523351,3256.58509291039,3098.14876181077,3124.74777345033,3096.216509297,3151.50282822425,3104.31439599372,2923.16835941348
,83.4,3777.91874316502,3550.87537496546,3757.51774320089,3392.04555429006,3543.05863069094,3617.30321911045,3398.305151393,3555.51172591361,3354.74500217254,3443.06239776164,3508.00153237107,3301.32676192708,3281.3845213839,3229.17316824175,3159.7082564923,3358.38657920272,3403.42591896009,3234.52325054865,3386.86148145472,2626.38345024032,3343.97143898694,3464.23987781736,3321.26932376745,3580.70086907499,3427.45882176447,3454.62358841613,3259.32334960208,3262.53510087066,3489.99956776761,3496.09211923657,3276.4819952298,3234.02144994445,3175.62118277022,3177.06766045938,3263.89984004852,3101.61339698931,3126.45468537925,2995.73856420532,3289.59137644944,3134.72629351924,3243.96428984779,3170.67373164027,3246.21422695851,3165.71716967128,3221.12785813857,3206.25095595017,3164.71270669918,3253.1386335024,3167.30986934692,3292.71888121295,3150.36232859772,3164.56586762425,3309.40519472545,3263.7579763873,3190.15265499251,3244.17865842747,3087.07684189774,3113.09337185398,3084.46448997256,3138.67426263208,3091.61724283999,2912.32169154275
,83.7,3760.15771485987,3536.29141915771,3741.32557087248,3378.51445059219,3528.84472306772,3602.4704811464,3385.87320025709,3540.82638109569,3342.30364381073,3429.3820380823,3492.43216607588,3288.3986891252,3268.19146274686,3216.71387583612,3145.59419908643,3342.11304175994,3386.10749085385,3219.3709687479,3370.36794033376,2620.31451975308,3328.72672302867,3447.8497806998,3302.9261525822,3561.69642784641,3408.86309291727,3434.78991051814,3244.62691699773,3246.2113821272,3471.35194940231,3476.34558679886,3261.79986519611,3217.27020150629,3162.69574241683,3162.35587458851,3248.49138607605,3087.67859394241,3111.87274174572,2982.78709578739,3274.52104552836,3120.16618454483,3228.8872533692,3156.22927366908,3231.18119320297,3152.67491615347,3207.8653713375,3190.79448963841,3150.68921788052,3239.18905207049,3152.68294035638,3275.19860283286,3135.23251088639,3148.51430122404,3292.47431657613,3247.5953934704,3175.95802315249,3231.25521842272,3075.37246809087,3100.63123621228,3072.63425249163,3125.35132985454,3078.37743264006,2900.79430286877
,84,3741.97804192487,3521.25666884621,3724.57458496037,3364.9817476288,3515.05529241723,3587.2667668371,3372.96837391307,3525.77844814674,3329.73582788074,3415.29819855036,3476.479818131,3275.13848138272,3254.97325723748,3204.30551663938,3130.3232036188,3324.91930885079,3367.24824219068,3202.99522028927,3352.30144582475,2613.54030318242,3312.32885793582,3430.78075525402,3283.08933451448,3540.96064001972,3388.7030292897,3413.82838769968,3229.11361492201,3229.17537208158,3451.45105031312,3455.39141363386,3245.94200050798,3199.52482299294,3149.03942013332,3147.22233141431,3231.75235652534,3072.91803509317,3096.64395487234,2968.95164552147,3258.96604652577,3105.25840584647,3213.181276083,3141.02729508305,3215.42893517324,3138.77896774822,3193.20044570637,3174.3113677241,3135.67626859607,3224.9295321821,3137.35666188203,3256.5640605688,3119.35627609772,3131.53267953,3274.34573255489,3231.24878743542,3161.15846499733,3217.41616456317,3062.79972505225,3087.59817778363,3060.30453594862,3111.45449536226,3064.35380418387,2888.43171346774
,84.3,3724.08891293372,3506.00607782057,3708.08372885106,3351.2336836478,3501.34699390989,3571.94161496981,3360.11109612592,3510.34987409059,3317.20554180408,3401.38313373752,3460.34155744991,3261.40685419688,3241.98420099263,3191.87390693339,3113.36210961643,3306.19602958711,3347.41792253241,3185.62565157927,3332.75999880911,2605.67455069684,3293.9994701017,3412.97343973477,3261.44606313855,3518.36643021343,3366.91389085564,3391.39414749722,3212.80382474487,3211.00393395681,3429.98814002096,3433.00389178433,3228.58862761074,3180.36705793935,3134.18295242911,3131.36574281905,3213.63183542961,3057.70563269343,3080.43084854591,2954.16012984038,3242.77402144685,3089.26285463,3195.74952477653,3124.46999614767,3199.17300991774,3124.34720675888,3177.15443663012,3156.84023476641,3119.77071184132,3210.24900414782,3120.90478965382,3237.05228693694,3102.27321599472,3113.46130095422,3254.52025576936,3214.34909879542,3145.80841151261,3202.3752993426,3049.1397537372,3074.20505995172,3047.5308469307,3096.36551505163,3049.52361932647,2874.95299453758
,84.6,3705.86337789394,3490.83721372566,3691.07648319281,3337.31654212469,3487.27653143251,3556.06650647719,3346.66810792215,3494.63787206337,3304.51139837647,3386.89185492194,3443.82705847169,3247.8026174723,3228.50599898524,3179.42639622411,3094.84334782806,3285.82485652965,3324.91817855051,3166.76556227789,3310.82559835691,2596.14382648536,3273.73568552502,3394.21963973333,3238.37128371775,3493.78860961459,3343.039956839,3367.25387603885,3195.32772493217,3191.59390834449,3406.87486181034,3408.43975132748,3209.88216767694,3159.41204147355,3118.13867371338,3115.32670357378,3194.03704040002,3041.3101463889,3063.48437158622,2938.10625809715,3225.48443924321,3072.06954263306,3176.66307331421,3106.15406861677,3181.7927157787,3109.48048659508,3159.95106655715,3137.91689195164,3102.98379435721,3194.79987012538,3103.90158042897,3216.48609585885,3084.16241630583,3094.47765342198,3233.1198949396,3196.99774220332,3129.93005279091,3186.58568218044,3033.82757522108,3060.17547194941,3034.06083287747,3080.00323731503,3034.15568014704,2860.69092760199
,84.9,3687.55031512003,3475.72967324707,3673.57032851724,3323.72044515254,3472.92688103954,3539.17457970194,3333.09546097282,3478.68924698222,3291.21108179585,3372.20018849582,3426.71811153426,3233.81695297586,3214.83096701822,3166.72430371581,3073.48477060836,3263.53778279346,3300.0970923073,3146.20893286967,3287.24452184787,2584.89518472868,3251.54818165731,3374.84959048945,3213.03081258805,3467.25468242376,3316.67897080014,3342.07788891049,3176.23109657396,3171.18513430117,3381.73201057086,3381.2055049094,3189.67640223973,3135.77582587126,3100.76916336178,3098.39583200613,3172.60239393479,3023.69600542281,3045.76940340853,2920.54301953741,3207.46990530425,3053.54485567775,3155.5043112766,3086.5004183204,3163.46762343892,3093.66889269724,3141.1512616835,3118.20883939451,3085.21272109432,3178.59153783453,3086.13983130331,3194.46630103148,3064.28471420007,3074.4942460152,3210.49048250593,3179.35271100217,3113.22910862334,3170.24314521232,3016.98076210727,3045.56246844466,3019.77335911952,3062.27483640141,3018.16081642148,2845.38530859023
,85.2,3668.80829044629,3460.14852505372,3655.50823275043,3310.10455105776,3457.83072745477,3521.4539058151,3319.06126274016,3462.11225810267,3277.42395537328,3356.91161285719,3409.24110920662,3219.14836986041,3200.62822890183,3153.36342020788,3049.87801720411,3239.58598332907,3273.22371856131,3123.9256321229,3261.53398319504,2572.37593906985,3227.4042573055,3354.35933984846,3185.48436793787,3439.03200678547,3288.04639465607,3315.13819020596,3155.34478556694,3148.75484574613,3354.63809695143,3351.42591513922,3167.00525491266,3108.61926777694,3082.29188890026,3080.2743592705,3149.36034146374,3004.28370100086,3026.23329417304,2901.61237980658,3188.22436637114,3033.3569232268,3132.35447449693,3065.14263323364,3143.42575720039,3076.72546939176,3120.78989554398,3097.13292204472,3066.04068776972,3161.21404366847,3067.12460568032,3171.15335220689,3042.8157558631,3052.87124192067,3185.94307066432,3160.47717932526,3095.15285608732,3152.62708684795,2998.09972440046,3030.16329610356,3004.06014697787,3042.53111810629,3001.03464340919,2828.54333879063
,85.5,3649.5466468704,3444.03408844014,3636.67256918396,3296.04753621301,3441.9319880523,3502.85524362815,3304.38031105395,3445.19923295736,3262.49584931006,3340.93120963414,3390.35517663274,3203.73450393205,3185.65339716663,3138.8081173565,3024.36692576403,3213.75397842457,3243.88266565562,3099.72581653353,3232.87947953784,2558.69221909152,3200.91052421621,3332.23221105481,3155.31709743057,3409.36732513394,3257.93773683026,3286.01410504452,3132.11225051487,3124.21134596093,3325.49307644915,3317.6531876022,3142.03362280087,3076.80586939093,3062.17341363478,3060.3658795206,3124.55123687263,2982.92128866135,3004.42078474795,2881.16816990108,3167.35918441154,3011.17734908782,3106.89413221497,3041.4029541199,3121.58542501098,3057.44993321527,3099.18141146656,3075.00928870456,3044.99876986605,3142.42927126218,3046.32135272316,3146.1842168676,3019.29123707467,3029.77351558204,3159.32131678127,3139.75379175062,3075.51414460327,3133.4311495526,2977.17876164452,3013.59662073288,2986.63324588513,3020.93008070426,2982.1707066244,2810.23170073829
,85.8,3628.6001838314,3426.96981421036,3616.221758143,3281.13715567944,3424.68409939648,3482.43955942809,3288.51491451624,3427.7381777085,3246.06331411481,3322.82150676396,3369.74364299391,3186.88918709082,3169.01206858287,3122.37119254429,2996.81372581161,3185.61652677092,3210.58520792113,3072.90775184431,3199.03847865515,2543.61389537481,3171.81392745699,3307.05337407884,3122.02196249208,3378.10867288686,3225.76453878075,3254.09683021985,3105.6192889808,3096.53445833448,3293.56902658478,3278.52359665628,3113.6411775912,3038.66608532953,3040.58023838893,3037.74405401286,3097.88091250814,2958.72494176716,2980.0224795024,2858.46398492092,3144.38757376682,2986.32605063364,3079.22281727168,3015.11644730304,3096.45413414312,3034.88287455719,3076.16173188643,3050.8171180293,3020.84066035486,3120.90432875845,3022.87406359125,3118.51452134421,2992.51271472961,3004.43269513372,3129.74531090579,3116.42726021305,3053.28951845335,3112.64135323795,2953.83514300823,2995.16418442676,2966.14137293724,2997.45357056847,2960.43757353269,2789.52145848965
,86.1,3606.23946562127,3408.28024464967,3594.00623682821,3264.75201728767,3405.61888321823,3460.05823872296,3271.24982487328,3409.48496221911,3227.39484595158,3302.22939611667,3346.30358478383,3167.25610249739,3150.14544269137,3103.07830828341,2966.42565599269,3154.17312277952,3172.33117647082,3042.53183642661,3157.80471248687,2526.69486979713,3138.51335797063,3277.18818278878,3083.55930385765,3344.43654327919,3190.94653126322,3218.34395623418,3073.98047170061,3063.87386372437,3257.8171212606,3232.93620056836,3080.73563714516,2991.63797787772,3016.90415365209,3011.0431661511,3067.94134009477,2931.14424757709,2951.30184536224,2832.82925024762,3118.12230865175,2958.36744734835,3047.99427886416,2985.04650864987,3066.20269411073,3006.94043214823,3050.58962755125,3024.19860817618,2992.3067063544,3095.29929281042,2995.7192193388,3087.31643484432,2961.17015392375,2975.40754857925,3095.56343050167,3088.96561250108,3027.99676586214,3089.45851823322,2927.03795499833,2974.40420641094,2940.97557239176,2971.19069224076,2934.27297103226,2764.45207132216
,86.4,3580.95750858242,3386.68610669965,3569.04411253013,3245.44015795357,3383.74614740924,3434.88789074254,3251.06013573716,3388.30458419437,3205.32879121934,3277.24661265251,3318.15053317381,3143.14588272246,3127.05556186419,3078.89328333052,2931.48516469264,3117.02579399015,3124.93378751622,3006.52802609782,3104.19677932866,2507.69034305683,3097.4378168528,3239.90072552039,3037.76948875589,3306.38450674425,3150.79990523066,3176.3369113149,3035.90631383427,3023.38421156951,3215.96633648291,3179.06859781898,3041.9571668726,2933.21838499608,2989.15931192438,2978.80324044258,3031.68987306508,2898.64888736405,2916.44271279494,2802.40364242776,3086.45338248081,2925.62160219902,3010.69468341896,2948.14311840237,3027.33735862538,2971.17021850664,3021.24692830849,2992.95183743549,2958.24320236292,3062.81329080964,2963.25097654465,3051.32289761744,2924.32979026328,2941.10782356827,3054.89914959011,3055.47184324754,2998.52781045169,3062.50325451039,2893.81948241541,2949.37015787748,2908.62085427199,2940.20351166224,2900.70340986149,2734.64576596298
,86.7,3550.0829816696,3360.56615881137,3538.23441433948,3221.52269664947,3356.7549328447,3403.69903546392,3226.04194874591,3360.77723945032,3176.63410262156,3244.20163588591,3280.57153371146,3110.88275670953,3096.55235927237,3046.48348137224,2888.12758321155,3071.52053794127,3065.82638846324,2962.71602524244,3036.56919583859,2486.41375332966,3045.12523223415,3194.07779921729,2983.53976941813,3261.75921618932,3100.32125771675,3125.98890379064,2989.53130972395,2973.51694026731,3165.32195214149,3114.478358772,2996.48627514155,2862.40143574033,2955.58506797454,2939.23335021102,2985.47378747217,2859.77042624944,2874.0705556891,2765.86498980379,3047.96057527441,2886.35205429232,2964.80842427724,2901.26984404005,2977.15819066583,2925.12828450101,2985.12130342051,2956.65432145998,2918.31534698173,3022.24917468653,2924.32504135668,3009.62346055723,2880.15538576588,2900.98315958982,3007.32478945346,3013.8340032259,2963.34805091456,3030.33750291641,2851.18021561216,2917.90540625562,2867.2176018438,2903.23450154204,2857.72550234759,2700.37031834801
,87,3504.65040972083,3322.80020541154,3493.45829952579,3187.51912710132,3317.02248435108,3357.66891541159,3189.97262750185,3317.07148103257,3136.15555515803,3195.88474009351,3226.2349258883,3063.86856873228,3052.08794426473,2999.7186104976,2834.57983285387,3016.81537664061,2994.46664224494,2910.24230335447,2954.62541133783,2462.82742666801,2980.12635677118,3138.28735886362,2920.29414945169,3207.22859441947,3037.30478781176,3066.84719563921,2934.47737770031,2913.28853313475,3104.30133415005,3038.49122779627,2942.84627038311,2781.64748829258,2915.6955326925,2890.61332354407,2927.84686186612,2813.43708704522,2823.67499568504,2723.05465886475,3000.32946170246,2838.92272056161,2910.08478354195,2844.58514448931,2914.16655149496,2868.42450276367,2941.20758149667,2914.04310656544,2872.46267033175,2972.60384495715,2877.03467472822,2961.61692141202,2827.4514826206,2854.71232551982,2951.99264389316,2962.71700709991,2921.47798804222,2991.46932662598,2798.39197395353,2877.70442757885,2815.29549700937,2859.30038187415,2804.58293863257,2661.19371739502
,87.3,3432.11125188673,3262.4513495037,3422.4593844032,3134.07337863877,3254.42922540287,3285.79054870294,3132.84301231898,3244.60249501766,3075.32074654048,3123.99496115131,3146.77816417068,2994.76789263385,2986.86765769486,2932.44188166011,2771.38446503139,2953.17177905479,2912.5309369942,2849.11758114038,2862.14061299337,2438.40510664533,2903.17425867753,3072.77747411459,2848.94667370232,3139.25663521789,2961.07317480549,2999.29236855305,2871.71720125545,2843.7342824312,3032.2145876685,2952.45475445346,2882.08709109124,2695.13182822601,2868.82769811653,2833.4077003278,2858.8486992055,2759.7014254724,2764.98920084949,2674.78572354857,2941.50109086669,2783.40721217853,2846.48401323775,2778.08395675077,2839.93815719176,2801.51030494169,2888.39538869113,2866.01638688256,2821.93059284568,2914.30566733473,2821.50233434243,2908.08760727147,2767.70908723467,2802.81789245388,2890.07683230995,2902.55129029038,2872.64554932657,2943.66224905123,2736.61526828795,2827.32453655661,2754.41638928874,2808.01621860095,2742.32085110711,2618.71959753325
,87.6,3324.616338492,3173.12006374433,3318.33679931377,3054.74651301069,3162.90662914763,3183.27206917837,3049.84695712697,3139.85557956873,2990.0715597087,3025.98631619367,3041.67264707227,2902.62924258336,2899.04256429469,2843.93355322641,2700.20415803442,2881.78995385781,2822.54881639933,2781.36342130758,2764.88284277485,2414.07590510378,2817.17813351795,2998.27534498057,2772.46889196679,3056.97019806738,2872.69605876834,2924.56084999176,2804.64932202146,2768.91475406458,2950.13453372297,2860.23062008481,2816.25909026934,2609.86384877117,2815.15725543509,2769.2421170255,2781.09259080133,2700.34052350219,2700.62066347519,2622.95952296949,2873.28785923345,2720.8004364167,2775.84105999659,2704.73474832009,2758.78378704241,2727.83149343822,2826.98534900172,2813.06759318902,2768.44420211893,2849.10935205658,2758.96375164432,2850.06719480966,2703.74650528812,2746.93168004459,2823.90848126567,2835.73766995657,2817.532480358,2886.33615044303,2668.47854601309,2767.06106685926,2687.64672241234,2750.60055763911,2674.34557769084,2576.05307236451
,87.9,3183.68321513903,3056.20409514432,3182.25033841426,2949.86146593094,3043.85498074999,3051.9832654052,2942.66165385351,3006.29364754101,2882.91019049705,2905.67714117752,2915.73898227967,2791.74710166156,2792.27034833383,2739.07971704986,2626.20740533697,2806.62363662861,2731.87629065332,2711.49724387522,2672.82009267833,2391.25688635066,2729.05024427617,2917.35922254767,2696.99274282231,2962.08209053452,2778.25112429842,2845.54220533295,2735.82311275877,2694.33657540618,2862.20812170908,2766.91859800214,2747.52975887607,2533.37994868369,2756.69507503218,2701.25807406002,2700.83713449206,2638.93912397927,2634.89375506847,2570.93316175333,2799.10420103038,2654.81938231659,2703.23001109187,2630.77021932654,2677.68262965894,2653.45978886043,2759.26889190343,2757.66696865524,2713.8304851119,2779.6899648194,2692.91244513,2789.50343899137,2639.17818291342,2688.9039415777,2756.11405756706,2766.41909031003,2758.27484551584,2820.10510091601,2599.56937368553,2700.26712464191,2620.56352834366,2690.45724010126,2606.56775245678,2535.43989353213
,88.2,3015.83616578058,2916.23112848275,3020.73578377636,2823.82677882679,2902.65279396838,2899.39661459947,2816.32453398003,2852.42880972125,2760.27712584755,2771.71092266222,2779.08530589762,2670.59916107408,2673.94184845463,2626.43764910399,2557.26045264324,2731.2277570554,2646.11730933528,2644.50189374779,2591.15005592732,2370.90050681027,2646.65429192045,2829.84273675752,2626.28549456278,2859.09716971111,2687.55605952832,2765.2840400534,2667.87118730013,2625.23376561366,2774.0467719214,2678.10729838453,2677.8131291011,2471.90169305012,2694.7064565994,2633.78649829443,2626.20192498519,2579.22486257109,2571.77271813534,2522.05593661107,2722.38735309576,2589.73667145964,2633.90758114431,2563.50614568912,2603.66364412936,2584.50248619193,2690.42851549334,2699.34190651039,2659.09161863103,2708.50124639131,2627.27902644441,2727.35100852007,2578.33383908549,2630.21686210038,2688.59535740648,2699.36696042663,2698.19496306243,2747.34233069522,2537.58971303693,2631.96336121285,2558.55655123705,2631.67732101895,2544.19092163549,2497.73196294598
,88.5,2840.11581111989,2768.89416615648,2851.84864302776,2688.7214296165,2755.52433597759,2744.54730568386,2684.78116614308,2698.52302014629,2634.82443443726,2639.86952808204,2649.46227426856,2553.74966270966,2558.33030081213,2519.75804598536,2496.94311225842,2658.12023373089,2568.83009062991,2583.05668366911,2524.80962149108,2354.04370737461,2574.67782242961,2739.80442112896,2563.91901274431,2755.55317748812,2605.53979802552,2686.56394186431,2603.59977601135,2565.02875508028,2689.97901955012,2600.05620990662,2612.06913292088,2426.84513462673,2631.3506200038,2571.77160019715,2560.84804303259,2525.34718211479,2514.75605966303,2478.38814753485,2648.40330422081,2530.72776902245,2570.39825024663,2505.23456456459,2541.53973534058,2524.49896210886,2623.75256055233,2640.66344753414,2606.3200727137,2638.77601147471,2567.20229355379,2665.87438780626,2525.55644694421,2572.62714642851,2624.20326368175,2638.31720702202,2640.20833601029,2672.08545552039,2485.19772865018,2567.87878226249,2505.91685530805,2576.82215100612,2490.95638477887,2464.4367632849
,88.8,2684.30714449133,2637.84232122452,2702.18263903702,2565.23593048013,2625.51600240489,2612.05471351931,2569.43957720218,2570.61290467058,2525.29596223793,2529.95406497015,2545.51432868824,2458.46100396534,2462.29006473571,2434.28067158239,2446.80280824949,2589.53318631809,2501.93436037245,2530.36709830583,2473.84833014871,2340.21267129107,2515.10560628971,2651.72232075444,2512.24934822384,2660.70444153922,2536.63719022221,2612.30468880219,2545.17957331939,2515.65543458526,2614.63908905462,2535.93580856844,2552.59424683807,2397.52011280215,2569.32407761428,2518.44293751819,2507.40024491033,2479.71443260386,2466.48121231167,2440.91403760468,2582.65041153293,2481.14658959661,2515.3866583584,2459.18495792421,2492.75531020472,2476.30004947969,2562.61978909208,2583.20811324881,2556.78910978399,2573.91543824822,2515.908784746,2606.60974261541,2482.63302877443,2518.42878063048,2565.16247449379,2585.56521139499,2587.78594295693,2600.19258462276,2443.38679225894,2513.36207519717,2463.92901275969,2528.68399863246,2448.47138047332,2436.40419303894
,89.1,2565.46373074075,2537.60340766469,2587.86357649638,2468.54013741021,2526.68510260979,2513.56215647914,2482.20761840378,2477.7464896318,2443.25540105219,2450.59197002338,2471.97505003252,2390.68467245891,2392.76872256262,2374.80316619751,2407.53444294813,2527.27255274188,2447.86755395312,2486.99317751875,2436.5825155092,2329.88801389831,2468.52736779393,2570.26141888803,2472.5670238343,2580.50494810434,2483.14267444735,2545.20842763277,2492.83539699222,2476.48881900115,2550.69339071514,2484.94218385541,2500.4787548352,2380.63999166445,2511.41360172533,2474.8698455648,2466.15306230287,2442.84994509527,2427.6193907827,2409.76627913369,2526.65377674893,2442.03687562206,2470.4262459147,2425.24529103827,2456.27927662306,2439.27867550787,2510.15364376065,2529.4422483199,2511.57032619174,2516.37724415821,2474.8800923132,2551.46586110762,2449.2156763617,2469.62629367408,2512.54757479171,2541.59818049623,2542.52493719615,2535.98574543665,2412.45043785832,2470.60771548169,2432.07417947108,2488.57197703572,2416.15084436426,2413.16006595385
,89.4,2485.30302022062,2469.7561056097,2510.7228101862,2402.02548983116,2460.24896703198,2449.1744897101,2423.86323737954,2418.94764933279,2388.80348215245,2400.06866793808,2426.64828368738,2348.78221455737,2348.77140037646,2338.84841635117,2377.68720849128,2472.27772784462,2405.42717257061,2452.22270058692,2408.70613004792,2322.51776982352,2433.30741381766,2499.69982529787,2442.62707506576,2518.71506848086,2443.39798345108,2487.76227931336,2447.60644610375,2445.76138326659,2498.98359067063,2446.11842020921,2457.42425454759,2372.12242037527,2460.25029869668,2440.98116710131,2435.78033881277,2413.96597882441,2396.85203064036,2385.29738981972,2480.56553823092,2412.58045687582,2434.92523378355,2400.67076387015,2429.74234467781,2411.23236309403,2467.90033340148,2481.17974283273,2472.14520560339,2469.54281188765,2443.35737454438,2502.25195186526,2423.80761953652,2428.28481692023,2467.91322338643,2505.37074403338,2505.41044400795,2483.28337627745,2390.79667572458,2439.15569731394,2408.08176272181,2456.82499978606,2391.60456230045,2393.55040105523
,89.7,2440.58247201983,2432.06623013211,2467.65678046286,2363.37655248617,2423.76879214403,2415.03715346266,2391.77632990347,2389.83717490431,2358.98079550483,2373.99214675385,2404.36040618039,2328.1597385489,2326.62058013845,2321.6464634001,2354.06482086988,2426.98693199685,2374.13103633895,2424.38797442555,2388.77263662184,2317.37626610226,2407.26731581408,2446.71194014482,2420.53737827771,2475.17874189874,2413.86832455346,2442.94525580627,2412.21266024942,2421.61131668077,2458.63467800722,2417.97171914761,2426.09768570037,2367.35273009912,2419.72638068489,2416.32216741403,2413.1083154106,2392.16694179208,2373.69826119431,2365.91224859529,2444.46600926694,2391.44371687703,2407.26097342305,2382.25899929016,2410.16286264085,2389.94945713943,2435.08417647576,2443.14429350528,2440.40944279566,2434.84133507097,2419.86069297336,2461.82186019577,2404.79420398505,2396.38969480518,2432.78954115559,2475.81378359495,2476.32728258112,2444.043283381,2375.15954646659,2417.13428726596,2390.11829186598,2431.88304068998,2372.90740922862,2377.58830254725
,90,2421.6738184576,2416.24110524262,2449.21299580222,2346.38257612346,2408.47943987124,2401.42339561105,2378.78732292967,2379.9798716775,2347.19376042255,2364.1092463669,2395.55811132372,2321.42495167739,2318.76930650613,2316.23466608722,2335.95813672467,2391.36702585613,2352.11820123086,2402.96876095129,2373.69389613011,2313.27861107834,2388.38353356564,2410.07896424133,2404.41923120649,2446.21366152498,2392.52847444834,2410.11717705532,2386.45935214091,2403.05408423026,2428.44694173591,2397.17241041585,2403.65884766911,2363.98778511885,2390.0289564413,2398.82420896942,2396.33911354609,2375.28518230683,2356.53162091183,2350.95543981584,2416.94366530042,2375.8563029594,2386.39440716033,2369.00827695295,2395.04788726252,2374.3620870047,2410.66133283577,2415.27801507,2415.97229250991,2411.02335147907,2402.43784423231,2429.96629762056,2390.11940637677,2373.60524621567,2406.63874160546,2453.21961214067,2455.0314551984,2417.00019160785,2364.11725903298,2402.24345994575,2376.030861167,2412.62371537945,2358.52158499897,2364.93200967967
,90.3,2414.22511766293,2409.90279209568,2441.53849365766,2340.52317401992,2402.35487385072,2395.58019799295,2373.92763150815,2376.20099553471,2343.63293290986,2360.07189312228,2390.56164119547,2319.07391932855,2316.01407960953,2314.23834955896,2322.06146434798,2364.84146827199,2337.91324748841,2385.94325962037,2362.54639762656,2310.69762516679,2375.31762713048,2387.02039005227,2392.30341932846,2427.36821215818,2376.72832321039,2387.2382968324,2368.61358763946,2389.08803572718,2406.269444544,2381.41550328941,2388.73521239716,2360.67381562813,2369.89026275687,2386.02968852913,2383.77139614789,2362.46007009231,2344.24401871129,2339.64729646324,2396.69746136133,2363.9684993594,2370.98617919304,2358.81189999175,2383.33292715484,2362.5255284987,2393.37257267529,2396.23831618243,2398.27844159155,2395.58559429997,2389.46973626964,2406.48439256223,2378.39571329083,2358.44666025196,2388.16007048147,2436.11464753776,2439.47607832339,2399.49542957237,2356.61905473183,2391.6436701162,2364.84363707525,2397.83403421977,2347.3159340088,2354.64561571211
,90.6,2409.18309579635,2405.63228077452,2436.06611762549,2337.7243017641,2398.33475158809,2391.06949802668,2370.60594173355,2373.18136091436,2341.41612251379,2356.46229354787,2386.54980282908,2317.18990193412,2314.4720718788,2312.63976136835,2311.50831733707,2346.6746718406,2328.75686359863,2372.79064585545,2354.5854186109,2308.96584027278,2366.43755379975,2374.18133101098,2382.30555824515,2414.53092126678,2364.50995378579,2372.33904438149,2357.34737664571,2378.37372503139,2389.94075616644,2370.13391539931,2379.53205110165,2357.21641408035,2357.59305639383,2377.10783915319,2374.41397202272,2352.55367681593,2335.19346178249,2331.3374926818,2382.25197990797,2354.79634760542,2359.78472948926,2350.69335818372,2374.05630239628,2353.81055590637,2381.04813177011,2384.39865526277,2386.33760625528,2386.30052401796,2379.37366772961,2390.37044145026,2368.8218210452,2348.66824968614,2375.96412219742,2423.64283082527,2428.27443422728,2388.59389180745,2351.13885701936,2383.92356984157,2356.14705880121,2386.63703762347,2338.60303881289,2345.89119043648
,90.9,2404.47424099599,2401.6739138014,2430.86447614795,2335.15252377224,2394.51405348854,2387.27783827272,2367.22412295292,2370.41239957373,2339.42960985592,2353.1144013466,2383.12583621703,2315.27178400271,2313.18121608946,2311.08727633588,2303.5650595293,2334.66968740985,2322.97972971994,2362.18575954475,2348.67324274081,2307.40079952094,2360.40288173753,2367.6848421105,2373.72030868511,2404.79041921911,2355.23141492712,2362.94958666475,2351.32167962676,2370.59021554081,2377.60887896326,2362.03124732842,2373.9415302716,2353.42650327997,2350.76505744371,2371.04596171637,2367.18491757947,2345.06312385166,2328.70347850482,2324.52472783746,2372.38264944932,2347.52290077661,2351.51832658802,2344.40426673691,2366.66523349209,2347.78141735844,2372.09149155258,2377.8278991649,2378.40015411716,2380.09266728681,2371.64044666462,2379.49672300965,2361.42876688984,2342.67917119238,2367.66315126226,2414.67737639927,2419.97803545581,2381.13835808524,2346.57979734875,2378.14297513807,2349.72252109756,2377.46840890029,2332.10458497639,2339.02389678925
,91.2,2399.8598908012,2397.81836419624,2425.6053111864,2332.90586062714,2390.68341380448,2383.6425413895,2364.17317120668,2367.59308562593,2337.59511249757,2349.50440587435,2379.66364697857,2313.35679386207,2311.54102117213,2309.53422678935,2297.67558009462,2325.98368382878,2318.52685899483,2353.55148943993,2343.56943282594,2306.08579305069,2355.78214377391,2363.02019732561,2366.5894404877,2396.51645198878,2347.70683665853,2355.61030330038,2347.18044260424,2364.76242554482,2368.1260598754,2356.00598586729,2369.23895153681,2349.66496349532,2345.97093601862,2366.47664795655,2360.97499831403,2339.11502442743,2323.43091531372,2319.41802749298,2365.32982794493,2341.49462775022,2344.96072344178,2339.31991915942,2360.48311934404,2343.47772742955,2365.49440388695,2373.34386741407,2372.44944859322,2374.94639373479,2365.64272421141,2371.4877187043,2355.58608573392,2338.3630719295,2361.57593595159,2408.41557675928,2413.66416582191,2375.20283840726,2342.25211387378,2373.87224942113,2344.40307920051,2370.12122435922,2327.26963028467,2333.57789237816
,91.5,2395.20064333657,2393.99917498674,2420.00300666965,2330.72952596109,2387.09049791108,2379.66868370309,2360.80980403371,2365.03280872158,2335.38833499619,2345.8561958532,2376.49626129192,2311.13086744555,2310.04920277641,2307.81493870316,2292.67519676857,2319.86283981221,2315.11557584058,2346.24792740605,2339.29330152237,2305.8331736162,2352.00104470154,2359.62778351769,2360.3869891808,2389.52445702367,2341.54913767847,2349.47688520438,2343.66962165979,2359.87722450076,2360.33061887275,2351.27728066175,2365.49981133828,2346.35343109283,2342.17858039119,2362.74331934763,2355.71389095737,2334.74605408902,2318.96828238663,2315.34136869143,2360.21128810711,2336.69941112998,2339.6080045085,2335.12302349984,2355.50944103713,2340.09495850142,2360.60288117909,2369.59045157223,2367.82512179461,2370.17107228401,2360.89061728717,2365.74441591897,2350.87372671274,2335.07277312529,2356.85129120897,2402.56836896642,2407.99870493606,2370.32256338488,2338.26596486949,2370.34574332546,2340.40941361195,2364.165610319,2323.41914361425,2329.04818288921
,91.8,2390.10998885576,2390.13705834135,2414.35258407944,2328.22708469021,2383.55889990021,2375.39026090497,2357.22300488844,2362.45565918799,2332.97593253186,2342.23888980025,2373.38238385199,2309.03537555615,2308.59026289708,2306.11020458253,2288.96842549672,2315.14280945794,2312.16891120632,2340.04624588181,2335.12635160098,2305.14413846159,2348.6404674489,2356.85205350026,2354.81971284435,2383.26092067286,2336.62689859863,2344.72059361424,2340.66275761779,2355.41893313477,2353.69997140222,2347.89982086786,2362.23935718346,2343.53527404286,2339.02178356016,2359.81178291001,2351.42292841037,2331.06093308184,2314.56817881445,2312.22532857917,2355.67541953984,2332.76573833258,2335.29723591085,2331.44058263296,2351.24584703214,2337.37813034024,2356.73235228461,2366.82274619573,2363.96270791555,2365.88084211559,2356.72119330361,2361.16478118625,2347.11731067857,2332.43103021731,2352.74180376997,2397.19949063491,2402.7664657738,2365.54406754784,2334.44026578787,2367.31899727517,2337.25159878175,2358.92440195151,2320.19696419745,2325.20434665617
,92.1,2384.67208041227,2385.91453681863,2408.49229401153,2325.42549052271,2379.45873885707,2370.6508337681,2353.30202890055,2360.13925362454,2330.5957308786,2338.92598305344,2369.82155665951,2307.00937420479,2306.90918050092,2304.14717379639,2285.97510951088,2311.12311987214,2309.47062629662,2334.38773330812,2330.79298263125,2304.45573040871,2345.7986664179,2354.51127013368,2349.88886733269,2378.01661572321,2332.69443908772,2340.78632852041,2338.20358023196,2351.86967048028,2348.23328323591,2345.11729517224,2359.18533436038,2340.59782592501,2336.14424239602,2357.20664101828,2347.78832346795,2328.19303061274,2310.53915921024,2309.70942210026,2351.28992169031,2329.35988590154,2331.24012651182,2327.89176708044,2347.63749259093,2335.14867279441,2354.20277065874,2364.57435972565,2360.4057627461,2361.80333477646,2353.43085500436,2356.7659467813,2344.04864420787,2330.43139939405,2349.2240213631,2391.6617306113,2397.96196928748,2361.16027822173,2330.96461284229,2364.52797469261,2334.60637194903,2353.82420685593,2317.48366401999,2322.13854725319
,92.4,2379.22612039159,2381.19259200005,2402.61133433001,2322.44057522085,2375.36405556725,2365.29717646221,2349.98516869574,2358.16629911639,2328.30944720317,2335.81775213281,2365.79536075757,2305.14071009001,2305.3204013263,2302.12973930324,2283.49894850793,2308.19150680511,2306.94396528179,2329.53117288142,2327.20060077767,2304.03734959876,2343.37956616325,2352.58636278651,2345.4097709313,2373.63239660189,2329.16646552385,2337.38118700539,2335.91327808598,2348.6634550306,2343.64982035595,2342.79266259617,2356.34490593505,2337.77116035822,2333.48805988856,2354.8999132969,2344.28871882198,2325.63357870047,2306.83597127529,2307.91032972217,2347.07607444152,2326.23843294066,2327.23775670031,2324.65036131835,2344.26581658428,2333.09859936589,2352.09483833146,2362.62855937068,2357.12893476261,2357.8979593958,2350.58110066617,2352.98917993888,2341.02370732693,2328.48429721414,2346.60873377172,2386.31455735683,2393.73965835428,2357.89128484972,2328.27500746936,2361.9416028626,2331.88999943056,2349.23917222551,2314.89899242309,2319.32663478948
,92.7,2373.63221886455,2376.12702745268,2396.6924867612,2318.91230899005,2370.85448798369,2359.53231616434,2346.07307920423,2356.02427270916,2325.77273381758,2333.41071794441,2361.95924069851,2303.22141407218,2304.23623983525,2300.07690177668,2281.02415576476,2306.03294275997,2304.39719959938,2325.11642424535,2324.43993776408,2303.38846096089,2341.07449504817,2350.63811249676,2340.72455968305,2369.80901356851,2326.28992801288,2334.75441011578,2333.88112081975,2345.66618302102,2339.38026099759,2340.59509824804,2353.58394120818,2335.35253595476,2331.20437836494,2352.48542851845,2341.1711150609,2323.5111434241,2303.50212229891,2306.20844648567,2343.15722279715,2323.53245459475,2323.91307520863,2321.74527311399,2341.17599273964,2331.15149394354,2350.48093642043,2360.50313588071,2354.26605105881,2354.11339377497,2348.15945130266,2349.69454909881,2338.28628422119,2326.5840322977,2344.3460242255,2381.05213371743,2389.49247585095,2355.04830146913,2326.20117547527,2359.37849577003,2329.51209287884,2344.53607263141,2312.22763264954,2316.66705397528
,93,2367.92530942508,2370.80008964954,2391.03762045226,2315.37416132682,2366.12487024531,2353.87522042435,2342.13705736148,2353.43724914611,2323.39283907335,2331.11238778968,2357.67876315363,2301.11662873654,2303.02881878024,2298.15776680779,2278.99032235822,2304.23511258031,2301.85052796222,2321.24076308583,2322.37395833841,2302.33419492484,2339.03632083803,2348.31087414896,2336.13186343214,2366.33334255511,2323.77990626878,2332.66303355887,2332.22544257976,2343.06850480011,2335.7285169182,2339.08960769892,2350.5295031471,2333.20388109153,2329.4129581988,2349.93105054704,2338.29954829899,2321.27607924966,2300.36554220595,2304.60674005407,2339.63590246319,2320.94553427458,2320.96076693597,2318.67566904058,2338.25922199824,2328.83748164507,2348.96505715635,2358.65665483222,2351.51654228959,2350.49361007886,2346.0943366322,2346.42570340488,2335.81522908517,2324.51341182696,2342.10594791411,2376.29371303775,2385.59459401467,2351.9401660283,2324.10017768515,2356.78925574634,2326.93191597759,2339.98731693618,2309.73039186673,2314.24925725981
,93.3,2362.28675546295,2364.95120783552,2385.0542930698,2311.5560998125,2361.06301238446,2347.94096037955,2338.20946052755,2350.95710235386,2320.74560209814,2328.68092308016,2353.04079231206,2298.92059791272,2301.75111416509,2296.00480595442,2276.77247654434,2302.79531964913,2299.320050796,2317.84700655028,2320.96063467249,2301.61485342375,2336.85870428772,2346.17900203103,2331.82237632489,2363.05695510993,2321.46284334198,2330.50869944102,2330.75944006726,2340.64122556202,2332.59163670592,2337.28681858248,2347.16518534239,2331.226059175,2327.68751470755,2347.53490571673,2335.20618774396,2319.38799478816,2297.60011270381,2303.03165057187,2336.30120817601,2318.46600637432,2318.08183581769,2315.85502244652,2335.40110812396,2326.33316727784,2347.62051110787,2356.70313964295,2348.63648463972,2346.99174826582,2344.15393367205,2343.32198212089,2333.39913348146,2322.32950205052,2340.25110638387,2371.62711731863,2381.93110103318,2349.19540926066,2322.21673258603,2354.02223549562,2324.24995176959,2335.77882992135,2307.58374161119,2311.97245125104
,93.6,2356.75002501997,2359.06996017018,2378.74005038228,2307.56805907369,2356.01955615534,2342.03488952454,2334.41661994853,2348.11731817606,2317.94648258793,2326.16346253727,2348.51839252547,2296.52032759244,2300.28076800245,2293.89545463624,2274.66956169991,2301.43885874721,2296.86740302516,2314.74439048513,2320.25881601463,2299.97360921164,2334.62597495107,2344.24621364745,2327.56987825645,2359.88341974886,2319.29235112311,2328.44322286252,2328.82990744064,2337.56644690511,2329.62282197004,2335.67731524593,2344.15513847093,2330.03465562395,2326.08370842159,2345.18393805868,2332.12006160996,2317.46080913608,2295.13060342663,2301.60568165945,2333.08362510092,2316.20068869188,2315.61051295137,2313.43513692115,2332.56637242656,2323.29425602765,2346.07769015073,2354.55356050892,2345.6148158025,2343.86006489736,2342.03658757795,2340.8976099278,2331.44004835066,2320.38585518538,2338.32055111466,2367.45822999603,2378.16710732996,2346.21000610935,2320.22871909397,2351.09542555066,2321.56440459448,2331.883842982,2305.6208288038,2310.16933841775
,93.9,2350.57786355387,2352.17185244109,2371.8762247562,2303.28747272629,2351.23222316573,2335.74836889707,2330.6313190466,2345.92966385014,2314.49327109579,2323.39665160391,2343.98766150433,2294.67127268679,2298.17649391059,2291.91140413246,2272.57818269615,2299.3088335527,2294.84496185486,2311.81648346327,2319.2041692798,2298.34999992385,2331.67008248661,2342.84446857938,2323.17844647804,2356.31627956247,2317.12648602233,2325.87016065162,2326.75381820628,2334.15485081671,2327.29544486398,2333.70414914504,2341.22961507311,2328.03231081566,2324.11409745971,2342.87113238541,2329.32605383238,2316.00148899645,2292.54250359981,2300.41792458162,2330.41906772058,2314.25171778513,2313.78794044718,2311.84906872179,2329.82476803369,2320.26318326463,2344.63463425668,2352.67904565059,2342.48015787476,2340.99678254621,2338.9881624952,2338.54577521694,2329.99847447983,2318.99284063047,2336.57470449854,2363.1978840847,2374.12072438759,2342.8038548965,2318.47326537292,2347.72988147646,2319.2232194719,2328.18992085269,2304.33959800552,2308.54720235157
,94.2,2344.61555892107,2345.27950682674,2364.7708773867,2299.11274565748,2346.36237503761,2329.51639261894,2327.03309192525,2343.74478038486,2311.01286844934,2320.26649922569,2339.11348654726,2292.62091502406,2295.86035087576,2289.84540875806,2270.64499959272,2297.17278161505,2292.85966941349,2309.1623222754,2318.2337547969,2296.69558086393,2328.7943043629,2341.59586233158,2319.18193265487,2352.79234771343,2314.98330869309,2323.14677791835,2324.67536242137,2330.68397715458,2325.10803168531,2331.80446866839,2338.29368466947,2326.41563712939,2322.20664474464,2340.7712178758,2326.39181252785,2314.53235561669,2290.08737867046,2299.21614411241,2327.70249263206,2312.31758239695,2311.74378691293,2310.09626975239,2327.14095356917,2316.87607967428,2343.05414801881,2350.87080803667,2339.09639379736,2338.16693183872,2336.10618716642,2336.21462260117,2328.64312165387,2317.49883145672,2334.83145020084,2359.06059010252,2370.16403537757,2339.19898179218,2316.4520267489,2344.26389449294,2316.78787370702,2324.73410367655,2303.32757529628,2307.09463808534
,94.5,2337.17928894144,2335.92157783444,2356.7429815639,2294.21288216558,2342.5777458175,2322.45047802666,2324.49495757407,2343.86147182658,2306.3863975585,2316.92146038036,2334.64976519173,2292.47012685629,2292.29993590811,2288.21194933299,2268.83133354478,2293.37432705094,2292.01207007577,2306.3863975585,2316.01726018571,2295.18297057017,2324.40329759199,2341.76520560493,2314.70678988477,2348.64456686003,2312.28278452293,2319.22681833833,2322.14972630824,2326.48667792755,2324.10157335387,2328.98921425548,2335.96023549266,2322.10985300039,2319.1750316641,2339.05236189105,2324.10157335387,2313.81547557619,2287.17621584839,2298.96898977725,2326.01476274126,2310.60470177394,2310.90642601206,2310.63168919572,2324.28489331804,2314.30027664856,2341.3200347105,2349.94117875518,2335.64562536847,2335.99913628082,2330.64055271262,2334.19170841122,2327.90193722658,2317.48406302903,2333.79832419101,2354.25333112204,2365.79738313665,2335.6983845624,2315.66374927336,2340.04822206779,2314.96864081503,2321.73057031589,2303.34581470442,2305.94001101443
