,Temperature,G10,G11,G12,G13,G14,G15,G16,G17,G18,G19,G20,G21,H1,H2,H3,H4,H5,H6,H7,H8,H9,H10,H11,H12,H13,H14,H15,H16,H17,H18,H19,H20,H21,H22,H23,H24,I1,I2,I3,I4,I5,I6,I7,I8,I9,I10,I11,I12,I13,I14,I15,I16,I17,I18,I19,I20,I21,I22,I23,I24,J1,J2,J3
,72,7339.52746643197,7414.76507974847,7326.84086776698,6713.06934165324,7707.79746170463,7478.91417318544,7267.31062037514,7325.68682643633,7492.3603432446,7229.07357154206,7175.69950424663,7032.44035479752,3104.61557545207,6006.71458984217,6147.9363917465,6756.33999221874,6298.44467486324,6671.15248704618,6459.76259588237,6295.8204387064,6507.89916794058,6620.81159502598,6536.23627085171,6437.75906132762,6411.92181234088,6608.82330080814,6883.39186272891,6655.84684194205,6097.24270612283,6510.56293469846,6054.65836595509,6455.03676348837,6280.48682165735,6514.45304997841,6398.41687455479,6569.52777810885,7618.2079975713,6477.92048062246,6389.95199251572,5714.54529850132,6308.86555979744,6436.24813839644,6727.42089940394,6399.27527046021,6439.87140450989,6717.31221091216,6867.01817172013,6829.99175433667,6994.41276988377,6798.27158742171,6658.23019278131,6851.61513057841,6202.56659168847,6266.37731815254,6688.64310512361,6660.31399158257,6681.0336474981,6928.7048093667,6978.21212131063,6640.64493961926,3307.89003088116,3271.74426570931,3152.85034978416
,72.5,7275.38529432979,7349.66026941017,7262.71577464451,6658.5270682302,7635.49116699525,7410.48186083574,7199.92720306534,7256.48085078395,7422.71075085816,7156.67865557831,7102.9410817029,6961.5906669701,3103.61642250026,5973.48210286073,6114.05879442809,6708.94943711598,6259.94452075466,6623.67964069238,6421.19910915846,6254.45482116269,6466.13998781796,6578.096832225,6496.22267908374,6398.39923893218,6371.81314830638,6563.89303661265,6830.51172013111,6608.65544103269,6062.93199333075,6469.01623732361,6023.23205453423,6411.96757193035,6242.01083276682,6469.42296570528,6356.88209851271,6525.41128467326,7566.28675086725,6441.928815289,6360.14272340389,5685.23921091205,6273.30635558094,6398.86930060735,6692.81849797411,6362.19202270652,6403.91736473025,6672.45843185302,6818.1460810768,6785.8795788442,6943.58992377636,6755.23416726695,6622.37558761322,6809.92592795185,6167.8689961443,6236.79575922109,6644.33787370178,6620.85111731413,6634.55662674931,6883.8327889138,6926.12826905594,6600.64081363067,3299.52119453361,3264.42754995877,3144.96116047112
,73,7211.2431222276,7284.55545907186,7198.59068152203,6603.98479480716,7563.18487228586,7342.04954848603,7132.54378575554,7187.27487513156,7353.06115847172,7084.28373961456,7030.18265915917,6890.74097914268,3102.61726954845,5940.2496158793,6080.18119710968,6661.55888201321,6221.44436664608,6576.20679433857,6382.63562243454,6213.08920361898,6424.38080769533,6535.38206942402,6456.20908731577,6359.03941653673,6331.70448427188,6518.96277241716,6777.63157753331,6561.46404012333,6028.62128053867,6427.46953994875,5991.80574311336,6368.89838037234,6203.53484387629,6424.39288143215,6315.34732247063,6481.29479123768,7514.3655041632,6405.93714995555,6330.33345429207,5655.93312332278,6237.74715136444,6361.49046281826,6658.21609654428,6325.10877495283,6367.96332495062,6627.60465279389,6769.27399043347,6741.76740335172,6892.76707766896,6712.19674711219,6586.52098244514,6768.23672532528,6133.17140060014,6207.21420028963,6600.03264227996,6581.38824304569,6588.07960600051,6838.96076846091,6874.04441680125,6560.63668764208,3291.15235818606,3257.11083420823,3137.07197115807
,73.5,7147.10095012542,7219.45064873356,7134.46558839956,6549.44252138412,7490.87857757647,7273.61723613633,7065.16036844574,7118.06889947918,7283.41156608528,7011.88882365081,6957.42423661544,6819.89129131527,3101.61811659665,5907.01712889787,6046.30359979127,6614.16832691045,6182.94421253749,6528.73394798476,6344.07213571062,6171.72358607527,6382.6216275727,6492.66730662305,6416.19549554779,6319.67959414129,6291.59582023739,6474.03250822167,6724.7514349355,6514.27263921396,5994.31056774658,6385.92284257389,5960.3794316925,6325.82918881432,6165.05885498576,6379.36279715902,6273.81254642854,6437.17829780209,7462.44425745914,6369.9454846221,6300.52418518025,5626.62703573351,6202.18794714794,6324.11162502918,6623.61369511445,6288.02552719914,6332.00928517099,6582.75087373475,6720.40189979014,6697.65522785925,6841.94423156155,6669.15932695743,6550.66637727705,6726.54752269872,6098.47380505597,6177.63264135817,6555.72741085813,6541.92536877725,6541.60258525172,6794.08874800802,6821.96056454657,6520.63256165348,3282.78352183851,3249.79411845769,3129.18278184502
,74,7082.95877802323,7154.34583839526,7070.34049527708,6494.90024796108,7418.57228286709,7205.18492378664,6997.77695113594,7048.8629238268,7213.76197369884,6939.49390768706,6884.6658140717,6749.04160348785,3100.61896364484,5873.78464191643,6012.42600247285,6566.77777180769,6144.44405842891,6481.26110163095,6305.5086489867,6130.35796853156,6340.86244745008,6449.95254382207,6376.18190377982,6280.31977174584,6251.48715620289,6429.10224402617,6671.8712923377,6467.0812383046,5959.9998549545,6344.37614519904,5928.95312027164,6282.7599972563,6126.58286609523,6334.33271288589,6232.27777038646,6393.0618043665,7410.52301075509,6333.95381928864,6270.71491606842,5597.32094814424,6166.62874293144,6286.73278724008,6589.01129368462,6250.94227944545,6296.05524539136,6537.89709467561,6671.52980914681,6653.54305236677,6791.12138545415,6626.12190680267,6514.81177210897,6684.85832007215,6063.7762095118,6148.05108242672,6511.4221794363,6502.46249450881,6495.12556450293,6749.21672755513,6769.87671229188,6480.62843566489,3274.41468549096,3242.47740270716,3121.29359253197
,74.5,7018.8166059211,7089.24102805681,7006.21540215458,6440.35797453803,7346.26598815755,7136.7526114371,6930.39353382608,6979.65694817441,7144.11238131223,6867.09899172334,6811.90739152795,6678.19191566043,3099.61981069306,5840.55215493495,5978.54840515444,6519.387216705,6105.94390432037,6433.78825527717,6266.94516226283,6088.99235098785,6299.10326732742,6407.23778102111,6336.16831201187,6240.95994935041,6211.37849216838,6384.17197983059,6618.99114973988,6419.88983739519,5925.68914216247,6302.82944782425,5897.52680885077,6239.69080569824,6088.10687720463,6289.30262861267,6190.74299434432,6348.94531093093,7358.60176405115,6297.96215395522,6240.90564695665,5568.01486055494,6131.06953871489,6249.35394945105,6554.40889225481,6213.85903169172,6260.10120561177,6493.04331561648,6622.65771850347,6609.43087687431,6740.29853934676,6583.08448664794,6478.95716694089,6643.16911744557,6029.07861396767,6118.46952349536,6467.11694801452,6462.99962024033,6448.6485437542,6704.34470710225,6717.79286003715,6440.62430967632,3266.04584914341,3235.16068695661,3113.40440321896
,75,6954.67443381892,7024.13621771851,6942.09030903211,6385.81570111498,7273.95969344816,7068.3202990874,6863.01011651628,6910.45097252202,7074.46278892579,6794.70407575959,6739.14896898422,6607.34222783301,3098.62065774125,5807.31966795352,5944.67080783603,6471.99666160224,6067.44375021179,6386.31540892336,6228.38167553891,6047.62673344414,6257.3440872048,6364.52301822013,6296.1547202439,6201.60012695497,6171.26982813389,6339.2417156351,6566.11100714208,6372.69843648583,5891.37842937039,6261.2827504494,5866.10049742991,6196.62161414023,6049.6308883141,6244.27254433954,6149.20821830224,6304.82881749534,7306.68051734709,6261.97048862176,6211.09637784483,5538.70877296567,6095.51033449839,6211.97511166196,6519.80649082498,6176.77578393803,6224.14716583214,6448.18953655735,6573.78562786014,6565.31870138183,6689.47569323935,6540.04706649318,6443.1025617728,6601.479914819,5994.38101842351,6088.8879645639,6422.81171659269,6423.53674597189,6402.17152300541,6659.47268664936,6665.70900778247,6400.62018368772,3257.67701279586,3227.84397120607,3105.51521390592
,75.5,6890.04384301325,6958.04778583812,6877.27828721605,6330.56459452049,7201.98667671618,6999.79999665668,6795.6901217295,6841.34382371535,7005.0683217209,6722.2300876206,6666.67221826511,6536.19996696574,3097.41675961177,5771.67959084827,5908.02638228938,6421.99836157689,6026.99810005095,6336.81090384826,6186.84522232634,6004.02839405224,6212.50788656147,6319.05384443702,6253.52045958858,6159.4554815284,6128.34362936447,6292.21591786927,6510.94651329868,6323.74297385687,5854.492072166,6217.5560983163,5832.00232570022,6151.39346250112,6009.18584799109,6197.59000000595,6105.02091816467,6258.1789947018,7252.07509591486,6223.02140690021,6177.50474030839,5506.69939928572,6056.21992661989,6170.99864989363,6481.10044522195,6136.2894233806,6185.07134159474,6400.0753237142,6521.89596457473,6518.64078454382,6635.69416147993,6494.38555776799,6403.99796951972,6556.79163723348,5957.65809659428,6056.68753613774,6376.02600320188,6381.1049106355,6353.88389058431,6611.86939223867,6611.73461525552,6357.99312775035,3249.52264038858,3221.15534959137,3098.0819532039
,76,6825.46147533321,6891.91425710637,6812.49032082566,6275.15927981655,7129.93204435902,6931.42895498784,6728.50570118336,6772.48630740751,6936.05135097821,6649.90706480289,6594.46271919668,6464.9173384227,3096.26695279729,5734.24082910572,5869.18693157459,6370.19427327123,5985.30953170479,6285.76846787411,6143.18218737491,5959.25622910866,6165.79857671668,6271.5879274582,6208.44819748646,6115.10689329937,6083.52602234623,6243.58394613078,6454.17482311342,6273.37743575728,5815.61432960637,6172.11464217511,5795.37816751079,6104.57790813378,5966.8991525194,6149.90680379723,6059.22282853771,6209.58295030754,7195.55963615517,6181.50370061032,6140.96335951624,5472.69963587118,6014.92824304272,6127.59801404773,6438.82263003917,6093.61015412705,6143.96492168198,6350.01356515632,6467.73655023633,6470.12704204432,6580.46853099004,6447.48089128645,6362.47911521888,6509.949509187,5919.49337210246,6022.18434140986,6327.5750147435,6336.64665898454,6304.31863850247,6561.93606241869,6556.52825728912,6313.19729584337,3241.69243932125,3214.94093674949,3090.87425828197
,76.5,6760.65810498319,6825.5902659671,6747.52455875261,6219.63021800661,7057.86150867308,6862.83302198625,6661.27351846603,6703.52831691885,6867.00737472373,6577.50029552585,6522.23942159198,6393.40629388767,3095.19943367245,5695.45068845032,5828.61873988731,6317.06916349598,5942.86828300264,6233.02661089053,6098.38632861655,5913.81239829898,6117.69169225127,6222.32119635237,6161.26780211749,6069.57126010188,6037.81560243559,6193.88946610963,6395.64065206424,6222.15615921805,5775.26412928429,6125.67964786548,5756.71633747897,6056.56652471038,5923.07980320341,6101.3086158842,6012.48151784988,6159.68860644243,7137.69101220721,6138.27947056978,6101.67483704983,5437.51938749025,5972.27679290699,6082.41931461649,6393.4763078832,6049.30786026565,6100.5861158642,6298.86375921529,6412.06727566372,6420.15221073467,6523.88749168393,6399.10946135676,6318.81881031277,6460.75425878331,5879.78088001675,5985.3385475341,6277.57023714101,6290.17959649888,6253.77625574934,6510.0434167927,6500.20141251547,6266.07848131582,3233.90070029687,3208.93861734761,3083.90246507006
,77,6695.89344150438,6759.07170999086,6682.22628257055,6164.34653106382,6985.51294055292,6794.04748476564,6593.93008823956,6634.74172986057,6797.95315194543,6505.33520992202,6450.23986634571,6321.98756676974,3094.30307978196,5655.68535086443,5786.7091907138,6262.27462684972,5898.92756435373,6179.075139655,6052.09407593789,5867.5122926266,6068.36412575653,6171.60282978651,6112.11985993226,6022.48626724258,5990.7533571831,6143.28217003504,6335.87176437184,6170.15794235571,5733.34490517423,6078.13654622657,5716.05370785146,6007.73627234365,5877.35181789846,6051.58082912007,5965.30115062438,6108.78064989308,7078.36624639552,6093.43518511566,6059.82047000737,5401.48189899206,5929.14090506896,6035.87795254688,6345.53239017106,6003.6831123917,6055.76422134066,6246.8991773392,6355.55614065486,6368.52549668878,6466.12437420074,6349.44113025725,6273.25043295799,6410.05424655725,5838.69549273361,5946.42647593458,6226.09311556657,6242.05384360934,6202.42482259615,6456.44688290124,6443.1796362799,6216.68855606634,3226.00074194149,3203.07941747203,3077.05365712568
,77.5,6631.04251600637,6692.56831613143,6617.16513289951,6109.17367994606,6913.07129665466,6725.41570272239,6526.7254035245,6565.8320343386,6728.82392310311,6433.37665316576,6378.62348162746,6251.02598389785,3093.22918472485,5615.1229322327,5744.03843190997,6206.46035099864,5853.87719887647,6124.15208578477,6004.56103271927,5820.39479107777,6017.97798933884,6119.73599205598,6061.38984311674,5974.38293132235,5942.79030471296,6091.65978578799,6274.9446011661,6117.49684947677,5690.04039869923,6029.58522950652,5673.534880674,5958.02049350466,5830.52726685321,6000.92487692119,5917.50482905285,6056.68604630099,7017.51741827049,6047.46359148973,6015.39500902945,5364.80548230254,5885.49840101655,5988.20704289229,6294.83805028548,5956.93689018445,6009.29567870686,6194.58629821738,6298.55399141382,6315.89666557703,6407.50505487624,6298.78692252227,6225.94060926138,6357.80182259011,5796.24134571246,5905.43470642593,6173.4527641214,6192.15042719924,6150.49510184798,6401.04617113302,6385.59599820865,6165.51613804014,3218.17057975567,3197.48070767406,3070.34694672762
,78,6565.85028929976,6626.22536207191,6552.17002675401,6054.04722319662,6840.12643237809,6656.50483818715,6459.39784508141,6497.06370555504,6659.46212306296,6361.65449240799,6306.91996448583,6180.37423618561,3092.19449212398,5573.68433337972,5700.58272311936,6149.76256918076,5807.59228136932,6068.39323382243,5956.18649929677,5772.30812536075,5966.8410934971,6066.85914023101,6009.51756189307,5925.35082929572,5893.84611650395,6039.14398095256,6213.66011466532,6063.78404065134,5645.61629396592,5980.28168774157,5629.75279970405,5907.73911345816,5782.02526872262,5949.37843773706,5868.92835799662,6004.03090975533,6955.25322983808,6000.2461169716,5968.99183131633,5327.56355753188,5841.35465266365,5940.04540436058,6241.90743893849,5909.32132164142,5961.48364262087,6141.80763558594,6240.74693717893,6261.9721903277,6348.33325205268,6247.29253706645,6176.87525856043,6304.17010842437,5752.47968400268,5862.77096409561,6120.16469568926,6140.9767328759,6097.63877900895,6343.87422729594,6327.30110616831,6112.75844817803,3210.46472453629,3192.18762674227,3063.62625509121
,78.5,6500.61296816445,6559.73472567122,6487.21024530402,5998.98503432879,6767.38238824055,6587.39906784117,6391.94648560842,6428.17252756895,6589.83257724701,6290.11853736666,6235.17469028197,6109.90808527676,3091.3895827561,5531.57218742854,5656.42009153332,6092.63369808992,5760.10543373107,6011.96166889883,5907.00526959225,5723.07156429039,5914.97890251739,6013.26533950414,5957.12561138087,5875.07513647135,5843.84503800331,5986.06832449204,6152.00451512943,6009.18531866999,5599.6430485435,5929.79041858379,5584.75523380572,5856.46068470467,5732.36003343223,5896.78994214313,5819.55048751906,5950.5235428644,6891.32098010864,5952.09009456579,5920.61498464751,5289.7449079086,5796.24327519166,5891.00897219774,6187.1722259717,5861.0328959411,5912.03321854025,6088.41322670759,6182.54725631989,6206.85078646243,6288.36687651203,6194.45603453621,6126.56356091427,6249.17329863893,5706.72583946351,5818.10558002539,6065.78598736411,6088.49811949503,6043.83290460224,6285.0661653627,6268.07336426521,6058.30415779758,3202.96199570929,3187.14496538886,3057.08025300751
,79,6435.48785838836,6493.44638367569,6422.23631561877,5944.20007468268,6694.83842830678,6518.33786469548,6324.74699173702,6359.33973550144,6520.31092762598,6218.99617073141,6163.79374685746,6039.93184514217,3090.51684570196,5488.49584366113,5611.56100431058,6034.86136895404,5711.38113337283,5955.17416250854,5856.37705058187,5672.86641976316,5862.43149327915,5958.5219054729,5904.13527494351,5823.43187908884,5792.12685225877,5932.3081024783,6090.27515299683,5953.87536339241,5552.22491287527,5878.03574628096,5538.57636643102,5804.25025141675,5681.51970654159,5842.9216234593,5768.831503712,5895.96605555664,6825.6123410363,5902.69401353324,5870.61453171987,5251.23060491412,5750.12141816598,5841.23749642514,6130.84996563858,5811.87954021987,5861.60072324729,6034.27543504459,6124.06623456927,6150.52552572469,6227.93274022765,6140.54995511206,6075.02986540738,6193.41194526493,5659.15850255683,5771.50186987521,6010.74682984019,6034.9500495857,5989.09456871539,6224.43703842716,6208.03674856069,6002.67432283057,3195.826813323,3182.33776884384,3050.91889204403
,79.5,6370.36731874922,6427.34289572952,6357.6642138016,5889.25162456039,6622.5564758732,6449.22746172323,6257.6897955733,6290.55469522921,6451.02392725036,6148.10847664624,6092.39290489442,5970.13416031912,3089.43891934184,5444.32438373353,5565.77866108264,5976.92259087888,5662.26171883353,5898.41948368626,5805.16361512802,5621.32729176883,5808.86468396941,5902.94463924194,5850.51776036335,5770.9753126628,5739.52289192032,5877.53749911518,6028.2916594926,5897.64848365489,5503.65920080683,5825.29026975312,5491.45499063576,5750.78963497056,5629.85886004089,5788.16724163867,5716.79963391322,5840.62812644485,6758.17908851878,5852.38992614365,5819.22559938845,5211.78448345628,5702.46006988992,5790.99124914822,6073.20217749747,5761.74220913627,5809.50951462529,5979.03970887026,6064.88348927363,6093.27662458321,6166.95978897252,6085.35782921748,6022.05894778087,6136.35432138781,5609.41729229731,5722.75452125182,5955.03381103591,5980.26534591628,5933.55278179071,6162.38520354645,6147.01283829628,5946.06244018412,3189.49176718931,3178.0448334669,3045.17156171527
,80,6305.10686020338,6361.07759038659,6292.87943771164,5834.08230884821,6550.21026602859,6379.89820077361,6190.40722643197,6221.92205204608,6381.5557467644,6077.29659327176,6020.79836567702,5900.54522436334,3088.68271891838,5398.96609811096,5518.67383587008,5918.22513067458,5612.22620705891,5841.53908329008,5752.97703759374,5568.239401233,5754.23438606762,5845.62711459839,5796.24494925104,5717.33535688954,5685.67832178144,5821.83282532119,5965.59726023957,5840.1212346232,5453.773999017,5771.70753110533,5443.45887489978,5696.02887275754,5576.81244821546,5732.36177993157,5663.71653216595,5784.68212518834,6689.03604711073,5800.81473341601,5766.92164546335,5171.47907858893,5653.38534508637,5740.00802157811,6014.52971871091,5710.66836670569,5755.96573523756,5922.27092149983,6004.73625513542,6034.78731078191,6105.45393334936,6028.87642450078,5967.75903706727,6078.16944530378,5557.7169050598,5672.28646806918,5898.71229911717,5924.62890040925,5877.07733145269,6099.1859043122,6085.21469855311,5888.26781449201,3183.83869478694,3174.17528703743,3039.91343892481
,80.5,6239.89510770355,6294.40084587126,6228.04053025689,5778.79184164094,6478.13879801982,6310.55772372741,6123.28524146456,6153.03250427728,6312.09448506156,6006.60661734458,5949.47204740137,5830.96019405409,3087.82957875259,5352.62540795751,5470.78863632495,5859.55582983852,5561.49351800551,5784.19291393699,5699.61270092075,5514.25307259999,5698.77669971301,5786.4460613399,5740.62095699641,5661.79555916722,5630.65222614058,5765.56391518123,5902.3614200908,5781.66905254335,5402.40144133368,5716.88430753147,5394.34376676319,5639.90994248118,5523.02489745424,5675.34306361161,5609.79811838144,5727.37437726097,6618.16767802175,5748.16497739525,5713.42841679449,5130.42101595146,5603.19578661108,5687.64164995836,5954.96792734669,5658.46516261927,5700.66746533311,5864.30681626984,5943.76338140499,5975.30604701797,6042.92571746151,5970.94343182148,5912.13928634456,6018.68670867451,5504.04234358308,5619.47967925636,5841.22975857316,5867.79868318212,5819.6810767439,6034.63331288881,6022.27385187344,5828.99639825447,3178.61981862471,3170.47398566538,3035.27385462483
,81,6174.29244165804,6227.61629427906,6162.81493234935,5723.04916816007,6405.41692503477,6240.92398619566,6055.91967099128,6083.95562959412,6242.23546063242,5935.93446106668,5877.96516599044,5761.48911467342,3086.74635441249,5305.23123159553,5422.04683569715,5800.22541865416,5509.83808838641,5726.46322625862,5645.29909473681,5459.67779117386,5641.89752781722,5724.15680799026,5683.18452958302,5605.35215368142,5574.58860442109,5708.1660258336,5838.86711124302,5722.04402574701,5349.90931082178,5661.31222884087,5344.21811167125,5582.59580048868,5467.96631406928,5617.08268767659,5554.81103102569,5669.05988582658,6545.70389881683,5694.40821062951,5658.55386085059,5088.65901905204,5551.72114497077,5634.23748562903,5894.17173320042,5604.92899886733,5643.74581194101,5805.07748459683,5881.85771000124,5914.81747700983,5979.121001557,5911.52543519271,5854.79083510969,5957.73142258195,5449.07163396486,5564.74372296925,5782.92188056434,5809.5623630669,5761.65026909628,5968.71991817125,5958.46944944158,5768.45860810717,3173.88483552475,3166.96467587434,3030.95620999552
,81.5,6108.16079812225,6159.86936322674,6097.05633224229,5666.51798043913,6331.89215692308,6170.78125233035,5987.57949484177,6014.36146330257,6171.85739540033,5865.10682346262,5805.74102592324,5691.4637033965,3085.49997272071,5256.99542840266,5372.57163918848,5740.36837228308,5457.2108490359,5668.44849331268,5590.20785021039,5404.17379275199,5583.26985950132,5658.24051700393,5624.10716853078,5547.798761279,5517.7606373831,5649.41020509343,5774.93772961622,5660.85790617372,5295.68131345955,5604.91233705913,5292.94211771233,5523.81984010518,5411.64226113736,5558.02445838343,5499.1685106567,5609.88930158757,6471.30940554829,5639.88933209675,5602.00323084197,5045.95434930051,5499.22191344287,5579.37779328494,5832.20984879882,5550.2463176824,5584.89837716394,5744.14509097986,5818.75136515571,5853.28929806952,5913.84995512757,5850.87283189144,5795.69636451825,5894.76364782075,5392.20399996429,5508.27168320044,5723.49325553277,5750.05308817478,5702.64302480809,5901.33952687815,5893.9504494818,5706.42983139705,3169.84991171614,3163.77669474651,3026.9051680221
,82,6040.59904589197,6090.57073183744,6029.35395753932,5608.57909737488,6256.38078053983,6099.09763487438,5918.15223486074,5943.26388365126,6099.66189134289,5793.51143431704,5732.4993281604,5620.61840250311,3084.25993229627,5208.05392228809,5322.29176019734,5679.73993279459,5402.99499677482,5609.7094062665,5533.77244171137,5348.21734631741,5522.74118760887,5587.36082287004,5563.16146432398,5488.56904694287,5459.28059529773,5589.43247479968,5710.47611220691,5598.20244081037,5238.83268262973,5547.20565928212,5240.25056648353,5463.67869383765,5353.93867923976,5497.94344267865,5442.49259760837,5549.32395932298,6395.40503979121,5584.20864287343,5543.19819049391,5002.61740679981,5446.18308958155,5522.60841366497,5768.67886541141,5494.66200579447,5524.08070114785,5682.27096288253,5754.59766216977,5790.71935108556,5847.23058330011,5789.36557117525,5735.04344951246,5830.26941059446,5333.61024060927,5450.03852464495,5662.76877520032,5689.00436205078,5642.64925840949,5831.90305787745,5828.94549905339,5642.73654311148,3165.89533397157,3160.7401510096,3023.36937632996
,82.5,5970.06495944446,6017.59406140187,5957.84918681942,5547.48147854447,6176.53219675608,6023.4947087724,5845.23257767279,5867.87039413495,6023.90585282784,5719.5024382486,5656.10661285207,5546.77730996621,3082.66844051383,5158.34530400037,5270.97823847567,5618.51517354692,5347.38581866766,5550.00190318139,5476.1421667846,5291.97351254325,5460.37993774073,5512.09685590921,5499.97523183981,5427.64161125143,5399.05567535371,5528.19098405442,5645.53741681752,5534.42571125463,5178.87412638475,5487.38600997387,5186.10039134119,5402.11819466272,5295.04485743141,5436.92448098382,5384.52042787851,5487.11920358424,6317.67062880189,5527.37607483432,5481.39614751803,4958.5041713038,5392.35680122611,5463.73487414781,5703.2989137072,5437.91294315548,5461.19762966521,5619.38398522805,5689.31802329102,5726.64609309618,5779.07925349764,5726.68414716896,5672.53280982501,5763.64430850955,5272.41025647259,5389.36982311497,5600.62757081774,5626.27004880524,5581.47484657087,5759.75070556363,5762.56343307535,5577.14832293241,3161.99702669709,3157.51103391707,3020.30880192701
,83,5891.74168165953,5935.87880401301,5876.77702399296,5478.82725164462,6085.70017869036,5938.37768702586,5763.20697156433,5782.42677558313,5938.67438652711,5638.90956839219,5570.68133800848,5465.88984426323,3081.08678611447,5107.30578120452,5217.69050491216,5555.67825425305,5289.35298656609,5489.45139805749,5416.63948274571,5234.25465611527,5395.29253704288,5432.2995965993,5434.47920329183,5365.23877203363,5336.707099041,5464.77674846564,5579.24082448963,5468.86229840289,5115.58865264343,5424.46982900793,5129.96611487629,5338.30034081234,5233.89917599957,5374.75569820687,5324.43026797464,5422.82706050932,6237.74872761373,5468.40657466543,5415.64234845911,4913.18323817942,5337.32108378419,5402.06933242103,5634.66247979453,5379.60637265621,5395.88313201498,5554.94167962286,5622.47592648399,5660.41833884067,5709.33341087103,5661.94223797021,5607.79938729903,5694.36848622372,5207.96288838816,5325.86130141324,5536.56523462293,5560.89430457029,5518.57634759605,5684.42040424871,5694.769536521,5509.22842125611,3158.51542244448,3154.36718470135,3017.40514755587
,83.5,5794.95699024053,5832.95020440688,5773.44811234323,5391.87857159704,5970.41216189267,5830.39732469563,5660.45668638779,5673.63408602092,5831.09825486641,5541.80601077298,5463.91000593422,5367.98651391426,3079.36862311075,5053.66549580984,5161.13758543603,5490.93105717472,5227.99440108923,5427.35098317003,5353.02698279031,5173.11896073409,5326.20400353982,5347.88517431075,5365.22143525388,5299.20008426327,5270.34030571611,5398.41970908659,5510.6296303579,5400.97639479523,5047.47809616928,5356.48036580209,5070.48950295378,5271.4198403774,5169.11961011848,5310.76927163352,5260.70613543676,5355.17227050084,6154.25686576357,5405.72142915215,5344.51704901678,4865.7644570346,5280.73600186726,5335.96460968873,5561.34481776564,5317.94208918937,5326.62153717619,5488.1748127166,5552.77544781179,5590.01575726958,5637.40676056951,5593.34860219698,5539.75932390154,5621.35170129838,5138.98740510127,5257.85807574556,5468.72171336432,5490.63113922566,5452.58723145097,5603.99431718487,5624.60730070381,5437.57643392675,3155.17458744576,3151.54684765701,3014.86026728856
,84,5663.91758558815,5692.75452624768,5631.01028247539,5270.56893878624,5811.58634836027,5681.71381118085,5519.94792310223,5523.22806972892,5682.11630113706,5411.41435622236,5316.63494273394,5236.83844826705,3077.85600840169,4995.55781377449,5098.76227233702,5422.79601465367,5161.00994926578,5362.20466206114,5281.5043003015,5105.32565102178,5250.82109607316,5257.58994729683,5289.87472415388,5226.87024524969,5197.02757715903,5328.28485705224,5438.46153233518,5329.31078871298,4973.10051908825,5280.96494071363,5004.47868279998,5199.95514585818,5098.3494680052,5243.26255580156,5191.02253308625,5281.93868659196,6066.00019322826,5336.12919607236,5265.34215819296,4814.87705596629,5220.89613710059,5263.99199153742,5480.67948881604,5249.14247853198,5251.11858308765,5417.87899315103,5477.84278688996,5511.20163748867,5561.66440466962,5516.18964423446,5466.02450609553,5542.71341386334,5064.33082045175,5182.23785724529,5392.919727589,5411.50614460459,5381.53781367611,5515.64946250257,5549.72006313206,5359.5853486851,3151.57064125941,3148.716137144,3012.48739778229
,84.5,5481.61223243356,5497.52797952314,5432.37147735369,5097.24978907935,5589.16522837525,5473.89725328313,5321.15546662363,5310.93838147563,5470.9394798056,5225.88291698255,5105.98102240625,5050.66495668028,3076.29513999748,4928.62978708398,5025.96868215599,5348.72145059383,5085.33793039665,5292.44530042047,5196.22156850284,5022.94995823105,5165.83294424712,5158.59783041589,5205.21446677274,5143.21716530433,5111.47917483285,5251.465611242,5360.16476689151,5250.10617989689,4888.65575164019,5193.7627006474,4925.96384666535,5121.02204171129,5018.23357403034,5169.36806890676,5111.69995990653,5200.20646628911,5969.9207683987,5255.24898059228,5174.56509219699,4757.09958400366,5154.46876160142,5182.64111352866,5388.94367926195,5165.53229445913,5164.53511111494,5339.73560445627,5393.15135040842,5415.42592860421,5477.78775439115,5421.13576697955,5380.96343775599,5454.70362334352,4980.49470412851,5094.65515798934,5303.17255737744,5318.64336914892,5300.76966027193,5414.99074184492,5466.34029717246,5271.34996957575,3147.855470834,3146.04864871971,3009.96684207405
,85,5237.70393316648,5239.22314237169,5171.20694228823,4861.68712321458,5294.70413433782,5198.49079815937,5053.59209078772,5027.45908471659,5185.48546443399,4968.70407715835,4823.28656033303,4795.98311464004,3075.00711531073,4845.6324875888,4936.66134430466,5264.1930193788,4997.34509438624,5215.15962658361,5090.41449984551,4915.17565502144,5067.10706793584,5044.67838157331,5107.37400252768,5040.89280161441,5007.59141483389,5165.28396187441,5272.29292079817,5158.47304322742,4789.44667332821,5090.82556081049,4827.76029417842,5031.06667489046,4924.3763580133,5085.0205779738,5018.27431805248,5106.40158373825,5861.69704809479,5158.60745900271,5066.65373739065,4688.83128926176,5077.75358550096,5087.91222811015,5280.42382050884,5057.08695503027,5060.99926464115,5249.19454110903,5293.04765594435,5293.56918583522,5380.32371702067,5298.12317299482,5278.78490730188,5354.11291591944,4883.43363282346,4989.80478751053,5191.40947182788,5206.76125182828,5205.05790864086,5295.86262488346,5369.79559728941,5167.49199207549,3144.35549901203,3143.82439668625,3007.46684982653
,85.5,4938.90187506332,4926.24084057548,4857.62200043197,4570.60907666969,4939.9745719658,4865.2045467011,4726.47844348136,4683.66556700049,4835.45332741323,4645.37306874353,4480.11674278345,4480.229696469,3073.84028843512,4738.62329406109,4825.10688967334,5163.90030287366,4894.58615114559,5126.16374325501,4959.21967931397,4775.31625510236,4950.57751355142,4907.51480576407,4992.20994017513,4914.44159267698,4880.69209487174,5067.09574550963,5169.98041773893,5049.95134218148,4670.39583828717,4969.67935378747,4705.00491499945,4927.15922773708,4812.20886527972,4987.21536842401,4907.81729374133,4997.78017672867,5735.10980897277,5044.3669434507,4936.38147038678,4607.2728762118,4988.01220102793,4977.43481332544,5148.38532552901,4916.17022316787,4937.07362348461,5142.73318809893,5174.16763215792,5139.47804082633,5265.68445367115,5141.86156823465,5156.41151458393,5236.98074095728,4769.22099866963,4863.19706386256,5049.43055951364,5073.08231322784,5091.07996134069,5151.29541057773,5256.68606216975,5042.25500459847,3140.74879137904,3141.7275651057,3005.07892594108
,86,4605.13783572614,4580.64117595923,4514.07714485527,4245.31548425616,4551.23532357907,4498.99645517342,4363.08424483304,4305.38438053591,4446.74855307656,4276.96919014063,4102.71743910336,4124.42485283983,3072.83328776229,4601.14453408881,4687.03203397105,5043.57530050187,4773.50983275207,5022.63746624855,4801.17279883536,4600.95256749445,4813.91883779828,4741.92435056977,4856.56886899703,4761.43423549221,4728.56586022393,4952.05062750971,5048.82067727333,4919.46003663528,4528.11594198678,4827.80011223805,4555.61120689456,4805.59861097511,4678.74518714348,4871.81065044993,4777.28297858736,4871.11446073639,5583.9359886869,4911.88198669696,4781.11889635906,4509.92032667011,4882.12122261454,4849.80198568151,4986.76488456088,4739.63619023343,4791.27737202986,5017.13092683109,5033.78117889461,4951.14101642748,5130.97500181721,4950.71635397116,5011.49393025604,5098.34750768953,4633.78638503194,4711.28905375021,4871.24573447279,4916.36498944487,4955.54248494034,4976.80025831471,5122.49549680861,4890.24103859381,3137.19885400744,3139.4374771438,3002.68446463827
,86.5,4261.16635608131,4228.57230837175,4167.62186091394,3915.36867859867,4161.20861753101,4129.90401029425,3994.52665876917,3926.33880265688,4053.00638946914,3895.87362673751,3729.47924118187,3761.32148121805,3071.76809671155,4431.45349693688,4522.73632659687,4902.29293567578,4630.46535036473,4903.03776079957,4620.33250887764,4393.70800277969,4657.96329688671,4549.81156465789,4697.90647698574,4583.20760830676,4549.19336687612,4811.34879501693,4907.2806380659,4762.23009286911,4360.39409389682,4661.90344632984,4381.04695963575,4662.03332718938,4524.59376585101,4733.16498334025,4622.39987092191,4723.49405142769,5403.89596120822,4760.60361234336,4603.57503456886,4394.94219694619,4754.96174136767,4703.97254331692,4795.63221594178,4530.63528910724,4622.02284968265,4867.36046853928,4871.55318540793,4732.34716543256,4971.72663365999,4727.65598014616,4841.43023623931,4934.7663551478,4473.68046794727,4534.72375327681,4660.32051455626,4737.83651754431,4794.0946083694,4773.30367098744,4961.67024523667,4711.40974465221,3133.94063225065,3137.12959930329,3000.47776167635
,87,3937.79278508587,3903.11762654382,3852.6222673381,3616.75633300313,3811.02726923214,3794.83630032675,3661.67624378339,3588.85737199852,3697.32496662779,3547.54212887643,3409.43935581327,3437.15576674535,3070.89464541293,4235.55846714647,4338.48377754242,4741.80888604471,4466.78780045577,4767.25531556243,4424.90519418369,4162.92549312931,4486.51039679625,4337.90173014971,4518.52138340505,4386.24425906745,4345.33112413094,4642.08692188386,4746.82829832589,4579.62686224941,4170.34907808122,4474.08034327618,4188.51216775316,4496.60137266791,4353.01909370471,4569.04346956431,4442.83968351037,4554.92583941711,5195.64393164739,4592.91245345619,4410.23146079237,4264.46984242964,4602.57602810888,4542.98859741924,4579.87857624173,4300.80852017234,4433.06072275834,4691.55501986938,4692.80243685831,4494.9499878684,4787.80674210756,4484.37326662297,4648.07976930186,4749.30587104611,4291.51600072518,4339.04081486211,4426.01067881786,4544.06007209414,4606.35119996454,4546.54921776824,4770.64155452124,4510.35376319598,3131.04140696678,3134.50449355266,2998.46942644204
,87.5,3661.03520120179,3628.11298594089,3589.61622347182,3376.83072193412,3527.10302323772,3519.4773508151,3394.43329348435,3321.38202729592,3412.07653015351,3272.04842054221,3168.63651720527,3186.7577918384,3069.86242113868,4023.90108668819,4140.04035196616,4561.40214303152,4282.8927142351,4611.85700046914,4222.56635450108,3926.53454417848,4301.51141523572,4115.91553120096,4322.61556839055,4181.2302287154,4125.87853873272,4445.4150282644,4569.03794773596,4375.24000426847,3964.25250598156,4266.50721051304,3985.96260397294,4307.93928173174,4163.63545653719,4376.97449815583,4238.11857881565,4361.87230711348,4956.75573520644,4409.54288416267,4206.10920054831,4118.73908764051,4423.53553963024,4366.30784696003,4344.4070496437,4064.81869912138,4230.83981678077,4491.79021860967,4504.87431990095,4253.42111996336,4584.41324756963,4235.88329189116,4437.84305688174,4545.22517368998,4093.3331122188,4131.48933193578,4178.0324568725,4339.60608507193,4393.96967639257,4301.97720683369,4548.8296177591,4289.84067764652,3128.23358917161,3131.47302679144,2996.36575254792
,88,3433.6425565253,3404.53241095869,3377.98362791873,3197.30274430143,3308.11881024865,3303.72937255889,3192.85550597723,3122.39783580126,3197.82704432461,3073.4611376143,3003.37331464833,3010.57686038409,3068.92666117771,3813.81665027684,3938.44410270124,4367.48530248795,4082.87566472062,4438.28600490223,4021.34788436061,3699.73782876386,4106.37651279603,3896.51058630025,4112.78524842598,3973.53201255521,3897.72108043451,4222.07892716402,4375.00336661269,4152.56066312453,3750.75325503152,4043.00600582717,3781.37371287143,4098.68736295415,3963.46218931565,4160.15306308995,4013.39631501884,4147.61711292302,4697.15744711963,4214.66614834255,4003.45178494837,3961.67135987865,4221.2814033175,4176.76501939885,4102.08400021011,3836.47565494772,4019.96019888588,4268.79665658849,4308.62617861408,4015.68097955749,4361.30931870143,3990.71509650399,4212.28136129372,4325.2779586502,3885.31123588857,3919.18733778526,3929.26760315803,4128.12959110769,4160.68068721856,4051.52052866942,4299.93244107848,4058.61590979715,3125.58084259806,3128.33543759089,2994.11853307481
,88.5,3251.5079908688,3228.00279835743,3213.97488279406,3070.67268319364,3146.79472389937,3140.95272355625,3049.14878555698,2983.43198097144,3045.37490743389,2942.60957145453,2902.42491713903,2899.21642752396,3068.41519531319,3622.46608464984,3745.91497980431,4167.5741047429,3874.84868048242,4249.71008084849,3828.79497719532,3493.65751637383,3909.18010504413,3693.849712872,3898.38129026219,3771.6043419156,3670.7850693326,3982.214350042,4172.2066426907,3921.91901406958,3540.7054158733,3812.38062563935,3582.68966121887,3876.22222722048,3761.71665782491,3926.53099565619,3778.1050896374,3920.4227068953,4430.1188385323,4012.84876557177,3812.85973588058,3799.8045226604,4002.62070496037,3980.2240199541,3869.79722525255,3627.6676768192,3807.48541867858,4029.4359303176,4109.28235072499,3791.58162517175,4124.51071390114,3758.16081369654,3978.43248585857,4099.0558255006,3678.10077128915,3713.3934076785,3696.61051454044,3914.80518426721,3914.48528195716,3809.70457942804,4033.42767178067,3830.82347055278,3122.87231382842,3125.2423682341,2991.79368077742
,89,3115.88191389608,3099.44729702685,3097.63681612554,2989.32364382464,3038.47064780147,3028.26007673525,2956.53202860546,2896.13798984931,2947.34270351987,2868.08422401372,2850.24052562209,2839.88009538326,3068.12062647975,3460.45493929927,3569.81117214714,3965.92496674456,3672.86309549669,4049.70130554552,3647.57708100955,3317.38764654703,3715.64205192342,3512.46698040727,3691.08835437689,3581.45101387216,3459.48062158279,3745.8741115378,3964.78578237576,3696.11630944967,3345.69935635803,3588.53906170072,3397.05262095006,3652.97846125628,3563.88639769197,3690.37640485923,3547.28003749133,3692.05119799084,4167.20196723779,3813.33087286369,3638.83798045358,3641.6769914039,3781.77869344754,3783.63608858977,3656.36635009704,3444.23293497767,3604.5841628654,3788.25049297171,3908.41177492545,3586.82771228606,3886.59825895951,3546.60524909196,3748.51945577755,3873.7771888947,3484.95333530068,3522.40974151194,3486.23881239644,3704.89696989889,3670.24267012849,3584.8676360121,3765.98484317923,3615.23157327075,3120.30258172835,3122.16161669276,2989.26270422191
,89.5,3021.8343930171,3011.4173349508,3018.44409293832,2939.39631093281,2968.30014452119,2953.92022084007,2899.30406864075,2842.91541029627,2887.07223758305,2829.58193526886,2822.38223914853,2810.32547455118,3067.89677789262,3329.99822453799,3412.31278337695,3765.60358981063,3485.48665297637,3841.54844610266,3479.42709807476,3177.6904980646,3529.97084408551,3352.53113540514,3497.39485753652,3406.78486609514,3277.56963300641,3528.25834288974,3756.3041644966,3484.56889142376,3175.41163047908,3382.10429583312,3229.28865050012,3439.13830767025,3374.33168256752,3465.64723834645,3334.68920156447,3473.39287458885,3916.43312182056,3626.62905647763,3482.2889801423,3493.39234107459,3576.95411694681,3592.89500103825,3465.51028044593,3287.16516054721,3420.9829974201,3561.58148410966,3708.95123630574,3404.57674433745,3660.69636609447,3362.3811312742,3536.40997780473,3655.18914770172,3313.69747278205,3350.64143343185,3299.05796829589,3501.66715223659,3443.48515322898,3381.75507018451,3517.09756518664,3416.11064173692,3117.90780305124,3119.20353177919,2986.56090681044
,90,2957.80211949405,2952.25242289289,2965.69540653512,2906.53692474931,2921.85329804156,2904.45340688538,2861.39656050048,2808.16159815584,2847.47733251095,2805.83647261051,2804.17082758614,2791.64050242504,3068.06350937784,3234.36628366092,3283.1964364783,3582.37236958038,3324.59093015243,3640.96894072111,3331.4655366264,3073.58330477891,3361.82586697475,3215.88145280661,3322.85833054567,3250.12811359268,3129.30519532104,3336.49563229846,3553.41415440309,3296.30643837041,3036.09080478097,3205.11907988034,3087.41998633457,3250.39637521733,3208.09054109975,3270.60695049278,3157.29975361468,3284.85740457481,3699.13828944875,3467.22221147136,3353.85345446658,3366.96402983078,3403.94774713624,3423.73550206726,3307.95681755945,3160.27588907282,3264.03419852096,3361.27519979329,3514.59888382211,3247.14133618066,3454.49275060835,3208.97478500844,3349.42520315479,3450.38792627835,3169.22742156973,3203.51041396885,3141.87936371118,3314.58505340279,3249.27301180409,3212.01152530291,3305.24930130253,3247.05555635263,3115.5958520026,3116.55159591778,2983.93051973835
,90.5,2919.52989002898,2917.99208668269,2935.78910935609,2886.97818119543,2895.35023791439,2875.8849614338,2839.10587109629,2788.71758111932,2824.1398128555,2791.51808127812,2793.36313989826,2780.10357282813,3068.24518608808,3167.33605390521,3181.7785625484,3422.01775152951,3194.55908755493,3458.14168411008,3207.11806533698,2999.68575513118,3221.17594159876,3106.68416191217,3178.86791378143,3121.02860174904,3019.57187444803,3181.57526696395,3371.33458497508,3142.09197983583,2929.90299056616,3064.43332184382,2974.16278275691,3094.93757692083,3069.51659151624,3111.60239840539,3018.84335720597,3133.32151753632,3518.92735796331,3337.68669654799,3251.41637387302,3265.59512325261,3266.75103634471,3283.22458080915,3185.39580458028,3063.25456382358,3139.85146025567,3200.08793714909,3337.54731638517,3122.47323984174,3282.53733369066,3091.90043388031,3197.89563667277,3270.77470571029,3056.44492913928,3086.17931659409,3018.91132086899,3151.24536733338,3094.87392750672,3078.69267264395,3137.25933513532,3112.88563834487,3113.27278984209,3114.0123333536,2981.51075805467
,91,2902.04501977352,2903.41814719286,2923.02670048693,2877.81381173961,2883.91043762358,2863.6608178535,2829.17086964482,2780.43772836423,2813.764587864,2784.87659984995,2787.70728985768,2774.17848085461,3067.92048810007,3121.08215836219,3104.00376843601,3287.00954749217,3096.88562583008,3299.23563378165,3106.44822462351,2950.81538491955,3108.17196980208,3020.12783021149,3065.38269782121,3018.61361709807,2944.88581003629,3063.92418590285,3212.72426896647,3022.13552942071,2854.24605552232,2959.5871328035,2887.98350794327,2975.69303790177,2958.37082768193,2990.69695994322,2918.47429500955,3019.18926361931,3376.31069678411,3240.1550905144,3171.56225563679,3189.02778752429,3165.83231893848,3172.65206672212,3091.8938674675,2991.92779591705,3047.80877301376,3080.19870251464,3182.76611425316,3027.90929630829,3147.52374523958,3008.193039953,3082.67226416819,3120.11867861339,2973.80294154248,2996.12039764937,2924.11058433262,3017.42543289191,2981.20868024087,2977.52598737834,3013.77958809465,3009.80460329932,3111.19705260082,3111.43311285847,2979.34633657534
,91.5,2895.6052462932,2898.20022427078,2917.51193312163,2873.32870500654,2878.8283683837,2858.84533347365,2824.82486889012,2776.51027137623,2809.26285000647,2781.63581985617,2783.7310502817,2770.45685726329,3067.23900070417,3089.9269444808,3047.01588095594,3179.94117253873,3026.56739629186,3169.12839235072,3030.23197230886,2920.80977731953,3022.19047045158,2954.15458982856,2979.17438361622,2941.26005752408,2897.83503687319,2977.49354899443,3081.44225760126,2934.44898308916,2803.97978358225,2885.47117688301,2826.1834555462,2890.55118792709,2874.3336729495,2905.0799527453,2850.77398336077,2939.43539337627,3271.02837164309,3172.52866384673,3112.24224663169,3134.02005236595,3096.80035672714,3091.32624932517,3024.05358830179,2943.21526552691,2983.83634923527,2997.13135852326,3061.12295954912,2960.76744960023,3047.97064589582,2952.93743261621,3000.3583719532,3006.44257129386,2915.41702340637,2930.32961164207,2854.56016695065,2917.52033498834,2903.66961238458,2905.2655350622,2929.85931930833,2934.51943023283,3109.01408916002,3108.90220239154,2977.23336521734
,92,2892.2920166676,2895.10315453155,2913.51684571651,2869.91145210485,2875.00774753812,2855.65172445811,2821.6722060181,2773.59607805454,2806.10793975637,2779.16046684417,2780.47961642339,2767.18327637499,3066.17289098519,3070.72632861086,3009.49726257886,3102.96144681768,2978.9477405182,3070.83805371193,2977.55602106054,2901.947732504,2961.35187340858,2908.132285407,2917.64651965467,2887.18787780924,2868.70287892225,2915.32444747266,2979.69054719126,2874.75596093009,2772.16755532063,2835.81893726855,2784.94308144432,2834.23915595438,2815.81048887118,2848.28644511969,2807.82740265773,2888.25778220522,3200.19274388553,3128.48787142495,3072.58148586268,3097.58275397908,3050.39046225632,3036.25868390554,2979.38526659031,2913.16771102792,2941.35828173812,2942.34822838722,2972.27313916464,2916.25420887206,2978.26303237896,2918.55451661724,2943.64255573816,2926.82556260995,2876.12554838575,2885.49251387161,2808.42780870026,2849.61306759645,2853.73158289467,2858.2482310362,2875.42488507368,2884.50022232183,3106.44836065258,3106.45150216366,2975.34776449505
,92.5,2889.56539579999,2892.09057107844,2909.76341308377,2866.58328792392,2871.55478748488,2852.69261382429,2818.90904336099,2770.6948186815,2803.2258995365,2776.91121447827,2777.36206883648,2763.8042621363,3064.64775455201,3057.82467305955,2983.47638938373,3047.9748171138,2947.16749315911,2998.92526790905,2942.09923809762,2888.7317251792,2920.58672261892,2878.84051459407,2877.2842097096,2852.28068635626,2851.51139385783,2874.40160416489,2907.41687154522,2836.65034469501,2752.39746941669,2802.80921323678,2757.09785005488,2797.64965458542,2774.880507737,2810.1961819706,2778.95243397785,2854.07051144372,3151.97417759182,3098.63418090923,3044.47179278087,3072.24412554738,3017.50838775788,2998.39481941714,2949.80681183179,2894.11051600104,2913.81834136611,2908.15788494082,2913.32397338722,2888.63242439582,2933.21725878282,2898.12645950316,2906.38429235913,2876.53911172331,2850.91882162691,2856.16606612339,2778.92187468695,2806.56507383028,2821.4616738919,2827.66448631606,2839.34721262476,2850.99225601498,3103.89713992806,3104.0048120773,2973.59585419418
,93,2886.87023419944,2889.18547242316,2906.1617004816,2863.08507025624,2868.31365443065,2850.01245611179,2816.40898328545,2767.67268137502,2800.52068717339,2774.71042397895,2774.44437966348,2760.5158334918,3062.71870472703,3048.69524572592,2965.8271276913,3010.64283430638,2927.06190020956,2948.73214444526,2919.01372488327,2879.59019504199,2892.45718659086,2858.990256946,2850.16927747477,2828.6178397589,2840.05590919936,2847.20045823801,2856.04782000321,2811.95751278919,2739.87475212796,2780.33990807281,2738.0745164368,2774.56202556209,2746.86517960307,2785.8331957305,2760.08397198397,2831.41938146345,3120.82264117248,3079.80464877842,3025.12450372744,3054.73235434484,2995.06566725851,2972.57894781697,2929.64544095868,2881.47908483024,2895.51497641838,2886.07153054634,2876.58934498385,2869.88544805359,2903.81719980648,2884.32479135915,2881.42113120383,2847.1918194103,2834.44515233123,2836.47378217314,2758.66279942806,2781.7926246662,2800.67938329406,2807.17749840773,2815.90507827386,2827.90745236045,3101.19946536489,3101.52875811146,2971.77286386998
,93.5,2884.35178109169,2886.23292098978,2902.46173142193,2859.54379254494,2865.14555145868,2847.26041095242,2813.90758005148,2764.72102368795,2797.87965967588,2772.21110694563,2771.78387321906,2757.08274282752,3060.80501161823,3042.03178459185,2954.3769131099,2986.77958089142,2914.09182407324,2915.62066250462,2904.69515676486,2872.9027830577,2873.48272528396,2845.96826078722,2832.67396514417,2813.27585587251,2832.2723550219,2829.76769295007,2822.07543661718,2796.79295264989,2731.68306255787,2765.11805380699,2725.60322000204,2759.77598684018,2727.78196007395,2770.59008063285,2747.63372132727,2816.54581700255,3101.4814109019,3067.88995546714,3012.26156691991,3042.66669692372,2979.85912350425,2955.25616723728,2916.16626888047,2872.7504846677,2883.58999773286,2871.72971867289,2856.434236173,2857.23228263097,2885.85957850648,2874.68160483774,2865.14370734209,2832.27365839636,2823.09922938634,2823.31802880659,2745.12712209648,2768.4848376197,2787.51781003238,2793.46460203338,2800.94389949544,2812.47783763648,3098.2855794473,3099.19461090081,2969.89052845937
,94,2881.72835523694,2883.18914719611,2898.57114963916,2856.45672679842,2862.29695612329,2844.40310686301,2811.31094961416,2761.90074686726,2795.08238970581,2769.78727579575,2769.2482154428,2753.5964730283,3058.73116062685,3036.84777847862,2947.2528835759,2972.83876661989,2905.79073774221,2895.61420750243,2896.33746800583,2867.77948188879,2860.77699089448,2837.94828589896,2821.94779490117,2804.15302571264,2826.51944575655,2818.37395015972,2801.18533408399,2787.40394002269,2725.51112852104,2754.7175353098,2717.28900199808,2749.35403173044,2715.43816389641,2761.06776932928,2739.31888481798,2806.44745346486,3089.36920378886,3059.75395358492,3004.55927887988,3034.43379856467,2969.92729609712,2943.8091450748,2906.97204019852,2866.85302768698,2875.77360964069,2862.559683629,2844.13984899767,2849.13106628881,2875.06556298284,2867.88186248826,2854.20753174233,2822.79970360818,2815.14178626607,2814.71935424575,2736.56797966096,2760.42578740215,2778.89733192465,2784.04636469862,2791.26639873979,2802.26700898968,3095.10417999491,3096.88745438068,2967.78600857974
,94.5,2878.94626288534,2880.1945528639,2894.74385243102,2853.18993329487,2859.41273320945,2841.53306772126,2808.85371827939,2759.05367989243,2792.30302424213,2767.30419822415,2766.80250067738,2750.18973578795,3056.67987257377,3032.13283189463,2941.70785396934,2962.82529459741,2899.71737313672,2881.27870320446,2889.99882084486,2863.73400393533,2851.15478697353,2832.23663072214,2814.14468486782,2797.24971281858,2821.525640769,2809.94104798803,2786.60382874656,2779.96110482755,2720.34131779411,2746.33020712771,2710.76392957971,2740.98238559044,2706.02357541094,2753.78586249018,2732.66235131018,2798.46748440061,3080.18795205447,3053.24604296803,2998.66814972814,3027.70133145146,2962.09059187068,2934.95638670739,2899.7166126513,2861.69936040957,2869.56100768471,2855.40380684812,2835.13716507868,2842.79841365866,2867.31375934379,2862.20940622267,2845.46332503783,2815.74578511464,2808.79721309748,2807.88667533333,2729.83913010983,2754.05774805561,2772.01425829253,2776.61996425809,2783.66720070934,2794.55403478372,3092.03822952843,3094.60634598667,2965.71314493322
,95,2876.04543106501,2877.19170096704,2890.54914434962,2851.10716967378,2857.20495157652,2838.58817623948,2806.12756141362,2756.30764381508,2789.24009398049,2764.72316627416,2764.12543391954,2746.61769501919,3054.41473280985,3028.25637623801,2938.22540775418,2959.1196477544,2896.14160556502,2876.68470787912,2887.06440307776,2860.3335750763,2844.88222001627,2828.48759741446,2810.88413837622,2794.13074297029,2817.7456257084,2804.57012311083,2780.26791589625,2776.71033013526,2715.51188771294,2741.27701122726,2706.17025750854,2734.68623220636,2700.8413290877,2750.49398573625,2729.18985871772,2793.76744213601,3075.93492685188,3048.42828871818,2996.32975722241,3023.06107008132,2958.68773645772,2930.25486786757,2894.36262339386,2859.44597388029,2866.39618658434,2852.19705783148,2830.70612161119,2839.9563862806,2863.72810595262,2858.26712574998,2839.33336229927,2811.90237658794,2804.13180512682,2804.19023043835,2726.29932560668,2750.77457392848,2768.18306381453,2771.13075134764,2779.83742206469,2789.60238651701,3088.44244612519,3092.30731745458,2962.78430824129
