,Temperature,G7,G8,G9,G10,G11,G12,G13,G14,G15,G16,G17,G18,H1,H2,H3,H4,H5,H6,H7,H8,H9,H10,H11,H12,H13,H14,H15,H16,H17,H18,H19,H20,H21,H22,H23,H24,I1,I2,I3,I4,I5,I6,I7,I8,I9,I10,I11,I12,I13,I14,I15,I16,I17,I18,I19,I20,I21,I22,I23,I24,J1
,72,28.5656104921425,30.9997701761182,30.0614764628737,30.0505315816232,32.1707992297797,31.3283337085863,35.3942209440224,34.9550734355641,36.1849148524736,33.867409164986,31.6137572487063,31.082086627635,8.1186087269909,7.27990993184866,4.41619085850675,9.38746866098503,2.21451997429805,9.92000475539233,4.62215808999266,9.97941718780264,11.4794008435287,2.5062789950448,20.4984724482193,4.75609555795946,0.835754195166866,2.27953472581362,12.7022159092185,3.59977333571502,-2.04206654218865,5.34609964520447,1.21126413287698,-0.434695471593235,6.96108121345295,4.01074417712626,0.693402782503843,-1.23765368995824,4.77086378389591,3.27397313898511,4.44804830213305,5.64865750283635,3.54800344790021,3.38609385167331,3.05564411489703,2.33684014639058,-1.6947240226322,3.5027994003093,6.5278850060857,-1.29092194182988,-0.0745864170725478,0.707897801831905,-6.93107911304367,13.9712924550973,1.49145490820426,-4.9732953333546,1.93531009521318,0.234789925247204,-0.158452552418188,-1.15213005963445,1.20128387365128,-1.36275035669731,12.2438364592572
,72.3,61.8921560663078,67.1661687149219,65.1331990028935,65.1094850935143,69.7033983311894,67.8780563686047,76.6874787120491,75.735992443723,78.4006488470266,73.3793865241338,68.4964740388629,67.3445210265415,17.5903189084801,15.7731381856725,9.5684135267688,20.3395154321362,4.79812661098,21.4933436366823,10.0146758616512,21.6220705735734,24.8720351609785,5.43027115593191,44.413356971141,10.3048737089119,1.8108007561951,4.93899190592932,27.5214678033073,7.79950889405029,-4.42447750807257,11.5832158979456,2.62440562123629,-0.941840188450935,15.0823426291457,8.68994571710668,1.50237269542477,-2.6815829949093,10.3368715317744,7.09360846780063,9.63743798795539,12.2387579228088,7.68734080378598,7.33653667862484,6.620562248944,5.06315365051705,-3.67190204903598,7.58939870066949,14.1437508465181,-2.79699754063207,-0.161603903658071,1.53377857063579,-15.0173380782631,30.271133652711,3.23148563444211,-10.775473222267,4.19317187296277,0.508711504700727,-0.34331386357034,-2.49628179587508,2.6027817262451,-2.95262577284461,26.5283123283893
,72.6,57.1312209842872,61.9995403522372,60.1229529257493,60.1010631632439,64.3415984595621,62.6566674171767,70.7884418880481,69.9101468711289,72.3698297049505,67.7348183299711,63.2275144974134,62.1641732552706,16.2372174539816,14.5598198636977,8.83238171702033,18.7749373219719,4.42903994859857,19.8400095107837,9.24431617998721,19.9588343756062,22.9588016870599,5.01255799009243,40.9969448964379,9.51219111591873,1.67150839033241,4.55906945163027,25.4044318184361,7.19954667143118,-4.08413308437332,10.6921992904127,2.42252826575793,-0.869390943185332,13.9221624269036,8.02148835425233,1.3868055650075,-2.47530737991478,9.5417275677903,6.54794627796984,8.89609660426648,11.297315005671,7.09600689580251,6.77218770334605,6.11128822979443,4.67368029278816,-3.38944804526401,7.00559880061803,13.0557700121706,-2.58184388366033,-0.149172834147369,1.41579560366514,-13.8621582260919,27.9425849101932,2.98290981640681,-9.94659066670655,3.87062019042711,0.469579850492892,-0.316905104834101,-2.30426011926776,2.40256774730312,-2.725500713395,24.4876729185131
,72.9,57.1312209843112,61.999540352237,60.1229529257258,60.1010631632414,64.3415984596118,62.6566674172151,70.7884418880451,69.9101468711334,72.3698297049676,67.7348183299669,63.2275144974091,62.1641732552628,16.2372174539828,14.5598198636935,8.83238171696955,18.7749373219756,4.42903994860728,19.8400095107803,9.2443161799747,19.9588343755666,22.9588016870425,5.01255799010058,40.9969448964622,9.51219111594583,1.67150839035799,4.55906945164505,25.4044318184697,7.19954667143365,-4.08413308437768,10.6921992904326,2.42252826572894,-0.869390943192154,13.9221624269322,8.02148835426749,1.38680556498116,-2.47530737987309,9.5417275677507,6.54794627799599,8.8960966042517,11.2973150056678,7.09600689583435,6.77218770336045,6.1112882298075,4.67368029279044,-3.389448045239,7.00559880063698,13.0557700121623,-2.58184388366866,-0.14917283415457,1.41579560362345,-13.8621582260837,27.9425849102014,2.98290981645494,-9.94659066669063,3.87062019040608,0.469579850484744,-0.316905104843007,-2.3042601192833,2.40256774729062,-2.72550071339917,24.4876729185251
,73.2,57.1312209841036,61.9995403522302,60.1229529259175,60.1010631632787,64.3415984592116,62.6566674169048,70.7884418880712,69.9101468711007,72.3698297048266,67.7348183299991,63.2275144974424,62.1641732553197,16.2372174539737,14.5598198637254,8.8323817173413,18.7749373219382,4.4290399485205,19.8400095108097,9.24431618007683,19.9588343758656,22.9588016871772,5.01255799001967,40.9969448962647,9.51219111573058,1.67150839015657,4.55906945150844,25.4044318181944,7.1995466713948,-4.08413308434774,10.6921992902685,2.42252826595196,-0.869390943151605,13.9221624267104,8.02148835414092,1.38680556518504,-2.47530738020998,9.54172756807073,6.54794627778832,8.89609660437524,11.2973150057024,7.09600689557249,6.77218770323994,6.11128822970822,4.67368029274458,-3.38944804543379,7.00559880048881,13.0557700122222,-2.58184388359856,-0.149172834099052,1.41579560395371,-13.8621582261476,27.9425849101394,2.98290981606632,-9.9465906668335,3.87062019057282,0.469579850557125,-0.316905104778774,-2.30426011916374,2.40256774739218,-2.72550071337112,24.487672918446
,73.5,57.0410091744835,61.9431756242301,60.030895326413,60.0172790942505,64.2797130197901,62.5424816809169,70.665486338462,69.8640969605217,72.2295431039836,67.5695992926817,63.1240628909764,61.9621444324673,15.7628175674173,14.0292045808987,8.39132585880445,18.3639710132714,3.82722393351192,19.2897341734168,8.78282040690275,19.3344912263368,22.5250943441917,4.80942425691164,40.6927939034557,9.05503816575163,1.09517226126665,3.92160157898957,24.9910458087138,6.62379790872175,-4.7283178653773,10.1330166726429,1.82179310277149,-1.49355524903096,13.4191740563631,7.46013059723092,0.691416283256672,-3.25019811360032,9.07213587979375,6.03952455088442,8.28895955732056,10.7575310958155,6.63631006080531,6.3507304651254,5.40442528549553,4.16955823042808,-4.01182552382617,6.48526276328369,12.7109706221857,-3.13269215609068,-0.82670810295023,1.02975281606139,-14.5127039512568,27.3043269945811,2.49181917763015,-10.4783747413967,3.42663144229012,-0.0961687557971421,-0.878828550211589,-3.03830926785944,1.75501617835835,-3.48307506054236,24.2146021964705
,73.8,57.5701104513289,62.2254987190862,60.5959148151893,60.5120100189295,64.7462290379159,63.2401280149939,71.5345161067851,70.1974679009895,73.2099951389631,68.6256549320844,63.7798295347075,63.3082012643204,18.5722021545996,17.4164337223099,11.1869736858722,20.8732477505527,7.63796209714011,22.6377521420259,11.7003744626968,23.3352163874133,25.1699460072401,5.99967410404702,42.5489026574159,11.8825794431751,4.77606973750975,7.95372392535626,27.5631562112367,10.2055407590547,-0.615418823709319,13.6832801932502,5.59101329700733,2.34875280360768,16.5356193986277,10.9919398615837,5.02799008844931,1.65110909408876,11.9241293852101,9.20650026748509,12.0675754480186,14.0959680798054,9.30813608305812,8.87448259895753,9.83781587046697,7.32905086511588,-0.0228388395479821,9.73323073314058,14.9048737832927,0.314126006512462,3.4246871655777,3.4177582967078,-10.4303469181127,31.376598489176,5.5122240894453,-7.18113215964271,6.16750085447033,3.45206766694313,2.6494326888682,1.68977840039853,5.84183203702897,1.39921019312321,25.9715641935996
,74.1,59.0061531320199,63.4227214254016,61.789302844371,61.718881411572,64.9291840862346,64.7647995711352,72.2986776485188,70.5205866826907,74.2239312926599,70.4810715725946,64.9767469960004,65.1916549214498,25.3157605440953,23.0899017805281,16.1588752722165,25.9799485631855,14.3839350538294,29.7319818444385,16.9211594464228,29.9761757824922,30.636616141227,8.95582410388727,46.3018896295233,17.4707826944384,10.9225710799583,14.9835428068949,32.3974320273978,17.0865220166849,6.31188784262993,19.8445151410372,12.5027897446271,9.93772505376967,22.6416861763852,17.357699190193,13.3059768147727,10.365246675978,17.9808265577371,15.2519487979297,19.4070703547646,20.6617120557146,16.0193583379422,14.462819636653,18.137068842517,13.112777554972,6.53601599991381,15.7866350344165,18.7002756803471,6.74322893164439,11.2845202057459,8.10614944323011,-2.94140497835599,38.3372209646965,11.5798140205343,-0.848741547491159,11.6037009113571,10.040054553766,9.05810024669715,9.3319655283824,13.0976762567144,9.31433315823862,28.7150350608567
,74.4,59.060569260097,63.9974215235979,62.3218635673097,62.5044424390298,64.8238379346058,65.3295429302544,72.4265147907554,69.9541885971699,73.9458628371947,71.0332117473178,65.3264569815002,65.4539748623824,29.1982379980993,26.8976652183983,18.6613340411354,30.2800499429325,18.2573391415419,34.4999859823772,19.9341499406241,33.8762470475022,34.9437432038513,10.8561541158707,49.592679994044,20.9315332344429,15.0398876092686,20.1884648796945,36.2132932874848,21.3762571187586,10.6055020276263,23.7659526716249,17.1935072089563,16.0047296519171,26.4769813559426,21.6986668131633,18.1734892419822,15.5413301111222,22.2560142726744,18.9139313593057,23.3619606932331,25.0751387273978,21.4487816593203,19.2528061247901,22.5567757515679,17.2861856967658,10.8505088146906,20.1723976356942,20.7656823691671,10.802554702657,16.0296760166269,11.3958423316469,1.92724543702032,42.1354035083643,15.7524741746916,3.88027403702912,15.2520548313434,13.8971359088129,13.6614304659065,13.705194175984,18.1283168339009,13.5344215705228,31.1417400376536
,74.7,57.9614663043943,64.0173604390355,62.2041721283083,62.0608559032813,64.5133720821684,64.7223562455929,72.349004238506,68.8719957044822,73.8123526597519,71.0969879319242,65.8082990683634,65.901452451731,31.7754232934942,30.5412525710115,20.7476589867512,33.9984840172777,21.7637959278754,37.3230739728278,21.7155263386523,37.4901242805779,37.7496070208398,12.105089143044,53.1988475935075,23.4830443695135,19.1965892103326,24.6595576436833,39.2252893593083,24.7363191253989,14.7177772219184,26.4430258152765,20.2596109017846,20.4458645047587,29.1450897377975,25.6819475483428,21.7271916764433,19.4809707599537,25.2184615725891,22.7364778096652,25.661445460503,27.7766114164198,24.6324627350505,22.5152843433682,25.2486907113664,20.5407781640838,14.4957095921942,24.2013655996919,23.0796153270722,14.2309723829885,19.4052304734015,12.6180568150202,6.11903691347436,45.3109818156573,19.1710193341608,7.70713024923301,17.5515139214523,16.8249839836295,16.986091606625,17.9529671829209,21.9465030131528,17.126652412148,33.4607231392639
,75,58.2675462617004,64.1841110772977,61.5949524383382,61.3801839939221,63.7715342509453,64.0475025766633,72.433264384613,67.0361130579287,73.8181309332994,71.1471713749662,66.0190232957134,66.4612385009357,35.5698994501266,33.2624894700676,22.8333011452385,36.0660002135586,24.6045682627797,39.0684151877108,23.0225120291722,40.5892233472715,38.1219544779172,13.1755378288479,57.4771857456328,26.0877302692209,22.4287254056022,26.7983802215806,41.5616374920692,28.1721816352479,18.7055150517364,29.2201632641517,21.9438483621915,23.2372632984501,31.3467924003576,29.0709160683936,25.1469604464563,22.8755662191149,27.8547838493468,26.3143484489573,27.6673301844729,29.7499179699558,27.3352000832476,24.4849446422256,27.9839697988882,23.3771617223844,17.2423941350034,26.7705152054509,25.1433476818769,17.1812880228367,22.8995189004416,13.2870213115359,9.60130245415978,48.1977099543169,22.3516251545614,11.1454255671462,19.5266944835384,19.8756354205957,19.1164781440642,21.8256578734366,24.5009180473185,21.6108459774919,35.2269876842833
,75.3,59.1923755834142,64.5415486552745,60.9672904939348,61.9266546414512,63.6864026517725,63.7738980452495,72.7750496345487,66.160747310358,73.4519342897208,70.8343649267302,65.7752326122814,66.1121425833144,38.6423530616707,34.9242800880762,24.6706234613041,38.2870948966778,26.7528815820265,40.2035519480391,24.8388651779201,42.4125296526811,38.6329804729144,14.2772711511636,62.2304679886575,28.3045987425336,24.9633254774585,28.2295175828618,44.1263494665839,31.725742750991,22.3438828042987,32.4036356901886,23.1179586835115,25.6436784251334,33.6138970771585,32.107512983791,27.1279086817007,25.2818083178026,29.574393307696,29.0561403304722,29.9060443189959,31.3669749207317,30.1864139323118,26.8350614612748,29.4510767637447,25.5732349422317,20.0560075113992,28.4453278167215,25.5552640058994,20.1087022813018,26.1444940878295,14.7118528085559,12.6105882628286,50.129349236502,25.1544018972694,14.6705264269624,21.5586003965325,22.2610394050006,22.012669667173,24.9307828238989,26.8034267394076,24.9762597358606,37.5420277064289
,75.6,58.5718343917127,64.5067923340817,60.2853864945718,62.3382904282958,63.8068466001065,62.7574209321373,72.6162398237303,66.1027162157177,74.4487069703827,70.8596919219144,66.0071880286309,65.9207469051557,39.9238464963838,37.0382351332751,27.0005836012276,40.9169200447904,29.21060277864,41.3399231554735,26.5271788750025,44.882289453772,40.6580682438969,15.2326510787837,67.0847967244305,29.9206741967957,27.2656239089156,30.1547559917164,46.1593864574273,34.6081815051609,26.2206938476351,35.1527549372215,25.2792670726723,28.5854867405641,35.7960879713331,35.2047206213445,28.2283255758911,27.5196646259307,30.8227189560898,31.7360671647024,32.3543342423075,33.0009479452411,31.6056091835867,28.6687378162892,30.3644510533314,27.9378576982043,22.6893171138528,30.3803833536661,26.1779924985206,23.743399316052,28.2372230501174,14.6858498525942,15.685069196331,51.7501950835807,28.1731763920921,18.3710375035734,22.7051524580403,24.0017418607467,25.2371140533368,28.0272285831508,28.4476390817404,26.8054867586543,40.4709490325295
,75.9,58.6832770149637,65.1971868096064,59.7438952758968,61.6672384258273,63.5349990555305,61.7079778195987,72.2401715342386,66.2023304157411,76.7301564673619,72.2448013732522,66.8746142948766,66.3804162846534,41.4282395819002,39.1214403408912,30.10543078052,42.8452812820564,32.0756222495887,41.9057585938113,27.7805363765822,48.2724118708876,42.1345472458847,17.5946616071913,72.3367928020819,32.6936581208063,28.8040653330074,31.8324651620058,48.3280825990177,37.398264778768,30.2342723333013,37.6098568914585,27.2948020916887,31.2811704377651,37.5990650384243,38.0302060875389,29.921857374386,30.1069039357856,32.6635351526528,34.2056487294733,35.9391469574842,35.1461960913673,32.6740422298129,29.0508720307425,32.9573881577479,30.821224921912,25.2944780637966,31.9156599088632,27.3576340787205,27.7650761086367,30.5107350890163,14.6211889466567,19.9618292247698,53.5144786434783,30.7893152914708,21.9132996222341,23.7402513353214,26.72553091596,28.3140154185069,30.6128496053246,30.3323910428621,29.4607852762975,43.0179202826974
,76.2,60.5278840467256,67.4052625355853,59.9698532932882,61.1812684147128,63.3127315353712,61.7324050086607,72.4803306426717,68.5639064843741,78.982419369508,74.8115531873869,68.2072158329866,67.5983039752043,43.6022181607073,40.1532360018323,33.3528894505486,45.0191595961924,34.6819705413454,42.3201357920878,30.2850459621362,51.5108153301355,43.8807344082096,21.4377014818107,77.5437917666125,36.3614072492176,31.1467269187466,34.3551442407653,52.2979231565807,41.3688252881608,34.8552273336492,40.6353347602008,29.9342527529717,34.492085675598,40.7485453451456,41.0443228036318,32.6896283859624,31.8989135413498,34.7526151897644,37.1428817278938,40.5512152275886,37.4265208871873,34.5799372027157,30.9500292253542,35.6127232078417,33.2442861935383,28.4506261730701,34.0605188875395,28.0906503034616,32.3189942825131,34.3987360296884,17.1249932465535,25.0040608555751,55.7960770883013,33.543420912257,26.5448715430038,26.9446637441437,30.916703434228,32.1158502139014,32.9854936354699,33.3527263214616,32.1305651627921,45.8107909569962
,76.5,60.8098816825467,70.2451099849238,60.4809686187447,61.8303642348303,64.1608421897513,62.8937938200539,73.5757820102623,72.1696013577203,82.5542457558356,79.0394913526956,70.8460333355754,70.0512384887116,45.3885943448843,40.8838215643023,36.0215554176432,48.3958684489407,37.5224393698376,44.4566456842838,33.8918101460697,55.2808228225122,47.8592326530838,24.4465389171758,82.6845528204727,40.1236360496853,35.8253010682279,38.9805554439677,57.3917923115698,45.1073032421183,40.147829127946,44.9728352836828,35.0803333816352,39.5765105163908,45.0355885202729,45.161219492482,37.0671818533322,34.0307043030072,37.1454710716199,40.834777024581,44.5134192664868,40.2511986370174,36.122249488181,33.9961044088767,38.1199933488841,36.7123143617719,32.748707892373,37.1287625683402,29.4165650679914,37.4273150949531,39.0528585168136,20.4190931515537,31.0654916846746,59.1103387068231,36.8982275569446,32.5737926035161,31.5843713022571,36.0673888559531,36.9779866859951,36.5505748084655,36.9244412997354,34.2105854760621,48.7806935692549
,76.8,61.3299133798103,74.1189882948207,62.8371205340174,62.9634856112328,66.1690371389631,65.6977401982325,75.5204966221074,76.3518080521207,87.8807305012375,84.5658286784872,75.2069511173924,73.7988259489926,47.7164245005694,42.5748497970964,38.6693894720675,52.2578130474407,40.4101515601345,47.412403219927,37.2657846120315,59.3195572943582,52.8043487850509,28.4542045350702,87.5516697404974,45.305057110743,41.5411215470143,45.104037969442,62.9836835197712,48.9846287733032,45.75960380178,50.3130790498369,41.8217048396658,46.0186307221621,48.8147548211176,50.0459121733053,43.859168171569,37.6704145593194,40.3928269733041,44.0421740288487,48.6310564274335,43.3638250844217,38.5750055502234,36.8325579478998,42.4722683343407,41.0609086468355,37.588713701007,41.5161098760031,32.6532286571739,43.1340105545517,44.2090559655242,23.5707266445098,38.6415484692278,63.0876121596049,41.4421802235127,39.4055198012967,37.1009143261424,42.8533776422004,41.9561014831277,41.5284367308827,42.0612405127222,38.4150156070569,50.6939810529813
,77.1,64.1635206063093,79.5137478349816,67.4515854005947,65.1500303712563,70.4838736640266,70.6148926609535,79.4228545961348,81.8224963898816,93.0694165751999,90.0635693231658,80.3684769107431,78.751092471422,50.5857862229516,44.8943025116097,40.9919020513788,55.5761758648888,42.7719868785389,49.8530907510531,40.7355519786546,63.3793781356172,57.1078017851158,33.9279141768232,91.8915561465675,51.2967245820649,48.1767077335074,51.4304723047957,70.1573491110094,54.6056589993439,51.6690092444801,55.6494992937074,48.0402184159158,52.0992609609842,53.2803889877442,55.0826465354277,51.3494429155732,41.93913564848,44.2532049321373,46.7354917859084,52.7597367814176,46.0729527668241,42.0579696936869,40.7343032369693,47.5062076894197,45.1192034908492,42.7999159152982,47.0607675597141,36.9914577371986,48.8378251547217,51.2810368421843,28.9867604980916,46.5621983567583,67.7107552896751,46.5811390097768,46.8551131715945,44.1642652023745,50.8143875503972,48.1058558041953,48.4752515710956,49.416688428721,45.4505159689685,51.8910121155379
,77.4,66.5999173458838,84.657019190329,72.6316868597293,68.9399804524654,76.5650656213173,76.9950152713953,84.7777523320008,87.4449663336528,97.6306714039883,95.0439068420585,85.6844596484505,84.6216631916112,53.4959095730568,47.2891943954064,43.0690822870546,59.1396290626138,45.642162839729,54.065525863078,45.3566375271585,67.1257241293226,61.8541133269791,39.0340466964201,95.8227185685102,56.2436137801135,56.3811099853441,58.5103341979332,77.0269567823768,60.459098249674,57.7322444500906,61.3753873416039,54.9289881559563,58.4735551499968,59.1560585516387,61.4693082194854,58.5055904945263,47.2819782481988,48.143529460155,50.7852748471019,55.905646479531,48.9264592435308,45.2002937208548,45.8801087122955,52.1909321954341,49.5132280655738,48.7885201115034,53.0248042987,40.9535228476879,54.1846561131509,59.6154641949219,34.9605857867313,53.8191813649602,73.2939162510089,52.0725510622725,54.4325822348695,52.6317242704545,58.4792053890563,55.0710917701603,57.3941502273561,56.718872751195,52.93554373562,53.4172017877948
,77.7,68.6543192298217,88.6124409608459,77.9551584859286,73.967635058144,82.6132594800498,83.6604695501395,90.1041088822031,91.6474091839552,101.793944059728,99.0720455838493,90.6500711909278,89.6559164225954,56.0764069529648,51.4431017698829,45.9109843645687,62.9937936515745,48.3855454938591,59.0125079944299,49.2179062932363,70.0441686795561,67.3271161003839,42.7995855948107,99.1110082883046,60.0809676569378,63.4932745277001,64.8742666640737,81.817701249588,65.2533830403335,62.5446355046955,67.0166630912812,62.3547688772415,65.5617414938604,64.3107353697176,67.6115984807751,65.2418017530296,53.7612148829375,52.0111659037923,53.7271528246386,58.424720118057,52.0807388191103,49.0641039901588,50.1990198063011,57.4963559503883,54.9758280772242,54.68186403639,58.7758524085962,44.499645335078,58.9393769097264,66.242174692516,38.7396810338818,60.2195798345737,78.6991500038857,57.5297185594023,60.5218458721311,59.8838215566101,65.4352280749769,61.412669211944,66.4315293243429,64.1327118367605,60.978806745393,54.4366316415655
,78,72.8897715502406,92.3420528598164,83.5473212312743,79.5870612339149,87.8783244421982,89.2272454311014,94.5048212734213,95.4815238803059,104.903958416746,101.432176908304,94.8119781079835,93.6286948575069,58.7766846040591,56.9148628162899,49.5724423096668,66.392167415119,51.0808505526749,63.2949176990079,52.1910176032585,72.3666130336214,71.3278127066891,46.8870171471891,101.207357205675,63.3498383031057,68.6818941344173,69.2628700666751,85.678292705774,69.5618769674498,66.3376094405135,70.6233135569011,66.9635826026907,70.372995937521,68.3396612293067,72.1416770334728,69.7815165297313,60.2335612215973,55.9272930308335,54.7585710576918,61.7809793740751,55.4736140416812,54.0649733987135,53.9517156990377,62.8706315980979,59.61637068582,59.7491687285141,63.9830695726279,47.810738284713,63.0815010442681,70.868066552955,42.1312004940597,65.4594727167728,83.5384392358458,62.3585378606661,64.9087689853413,65.1936095024159,71.3258530643179,67.612803578067,74.7940443397969,71.8783658215017,69.2335252239044,55.2621379867526
,78.3,77.0360600814115,94.8735713239154,87.45203013766,84.1459345396246,92.3695796091484,92.927240259009,98.2184168321794,98.399024356695,106.574249760073,102.6694277602,97.9735380388299,97.3783024874465,61.3729770179718,61.4037666317334,53.0989569594819,68.6551751438208,53.7374565682649,67.9402121828004,56.040614444657,75.0130456281255,74.2480075159161,50.2102397367891,102.868517123587,65.2662183447156,72.799035665617,72.6496627364467,88.3538135985553,72.9610910144597,69.4274873057386,72.6304814037762,69.642649294759,73.3654764789244,72.0284540568762,75.5388947235226,72.1251785421191,66.2182074130129,59.5526110940976,56.0752589069864,65.0551513178651,58.9337235594705,57.8509647620791,58.1395651033311,67.125332971731,63.1671001978299,63.5885577897346,67.851633749098,49.8326846564703,66.6510593685202,75.386935972882,45.3744515784151,68.5101167212758,88.817061980159,65.463520996975,68.4398712917482,69.5064872371645,75.2137327099916,73.2156604779296,81.7545673019131,77.4564573651939,75.751438797408,57.3909646683705
,78.6,79.6388560541972,95.9392689891155,88.7533185230524,87.6156166639656,94.7474533282451,95.2176030468255,100.979880938752,99.6331721126785,106.894342144828,103.257788555693,99.9782530217072,99.5507490118706,63.4330151389289,64.7908692794488,56.6674029797866,70.8617329267353,56.6368078867108,72.0234933554411,59.4644349749369,76.3575307336974,77.0846027063953,51.9768032197358,104.656620818859,66.6227290803208,75.030268853248,75.3038105371341,88.9973722714079,74.9345902284707,71.5373082145572,74.7950690422575,72.1291642492736,76.7229188526805,74.8992252823414,78.0458033923541,74.2566630183346,71.2008780149834,61.9995281642133,58.1709505365086,67.7991351002525,62.080428884639,61.212705963451,60.8858692256198,70.5570890688582,66.153020664301,66.5396684483596,70.2062020345492,50.4945794363211,69.161304880371,78.192793612224,46.8012376776037,70.7093490923902,94.1921120217648,67.2486173956759,71.3239621397891,72.5338691721402,77.8340749992699,76.6908954753977,85.9039217175562,81.0566572037025,80.4207897306623,59.188609795785
,78.9,82.3655201420532,96.1534655928358,89.7052332252537,90.4824681169426,95.0253105036664,96.1857388878843,101.969535448077,100.476374765604,106.885381275544,103.308762388007,100.979043414004,100.09131694854,65.7630940479792,68.3018801194955,59.7398488060742,73.0784412416453,58.1004179048377,73.7747686089669,61.681582267391,77.003469208589,78.4857996111494,52.9257613282666,105.627949780984,67.6228716029319,75.9228802472182,76.3675896270939,89.2450384128161,76.4420413500627,73.3754562078773,76.4692721408284,73.4379086404474,78.9296512131205,76.1337462592066,79.1194973838151,76.3774652560479,74.0656999462455,63.5980861254687,58.8663514248062,70.2227051087274,64.7678267915429,64.7708617522462,62.4636180832459,72.8491487750997,67.7252695197024,68.8895970469063,71.7007381796062,51.6206115367661,70.8638140170323,78.7883648436573,47.5736367274347,72.5664667469357,98.7934973021504,69.5080921687668,73.2617184821093,73.6791841840924,79.7349041616337,78.944338183501,87.9470180582083,83.6678645861715,83.6487485086381,60.2314638273149
,79.2,84.1520936830718,96.5021525534038,90.2098045571355,91.6110530696771,95.2685663389256,95.8104490927521,101.952888994152,101.384043152967,106.967429791985,103.464473092258,101.293918893176,100.822025082372,67.8155661279,69.76892229088,61.2919483646503,74.2665749489441,58.9503851038294,74.9050812417132,64.6102178906909,78.0474778111572,78.5851562629371,53.8183621774643,105.03203774468,68.5123468182727,77.0343318240862,76.591549869663,89.6891336365824,76.847048765448,75.1530585768423,77.6005738439056,73.577178974363,79.0487032791924,76.5009696916637,79.4418928501758,77.5160306948485,76.3019103316712,64.7358359277833,58.7531713990925,72.3188551916216,67.0073411193063,67.1826157069677,63.8469726750524,74.0980152987405,67.9025263376959,70.2759164862312,72.4052068934858,53.0819014252679,71.9094344054628,79.8755725382286,48.6605384147183,73.8263553407215,103.307595782866,70.7621283941677,74.7216081285956,74.1368089725753,80.9947507148706,81.029720165244,89.1627348133485,84.5935239784963,85.7381559767379,61.2180063585231
,79.5,84.4736241316484,96.7275023000788,89.7094254824346,90.5876940210218,95.6810882219979,95.4499105445319,102.347139347959,101.266539010167,106.601352048572,103.858955138666,101.183841886719,101.679781765131,68.3828095616112,69.719731459565,62.5916540607858,74.9354918472089,60.2926739509314,75.4412011345659,67.3957988489095,78.7202364574472,79.3200594870545,54.8757632458387,102.649839279161,69.7310233048307,77.7497680960172,77.6257209793507,90.4426987703173,77.8186455751457,76.6822075351742,79.0248562663224,74.8275247636462,79.7341864479264,77.0092692198159,80.4836387649645,78.3215807387952,77.9610105540924,65.9141621237708,60.3526038342217,73.7619528814923,67.7006930691711,68.6065676536405,64.8439808623859,74.8236726884104,67.9288914651111,71.0433647385448,72.6785866908879,54.0054475628724,73.3237885837686,81.8386186649612,49.0936263432728,74.7259221753141,106.703134443939,70.968375169597,76.6378875875032,75.4988031860531,81.5595001707158,81.6154870343691,89.3382650411106,84.212362810095,87.4855741757381,60.9337579028888
,79.8,84.4240991659257,96.4639743649576,89.1604306420427,90.162914132849,95.3922595811,95.7366234106235,102.109591514448,100.373095053041,106.131568785944,104.179622662104,100.760001610838,101.450347623745,68.9342230624387,70.462402010254,63.7326225134573,75.6822266245759,60.8563579725258,74.986205039513,68.2606767468379,79.1138175632453,79.8329824040536,55.909476602691,97.5696961505884,71.0075069505196,78.4986221824071,78.2765150023149,91.6191654668612,79.7048650206191,77.8849385480714,79.5975118698569,76.0461314246392,80.1128227694145,77.8999428329526,81.7213996798874,79.620977866896,78.7644498881472,66.9869379323698,61.5826087966479,74.4649253790774,68.1834603499501,69.6806235863674,65.2219555008736,75.5022964847675,68.528722398789,72.7956512445233,72.9758059439267,55.0865296590475,74.4302994615528,83.14939462908,49.7011523351258,76.5771198857342,107.967466823537,71.9982615962061,78.2732066667438,76.9339757289246,82.1440254286872,81.5112815733884,89.2384730368625,83.9115012355726,88.7283011433298,58.4705101302977
,80.1,84.0380872793384,95.9789071674087,89.7670725450458,90.0516994392299,94.5473893435462,95.9218072313047,101.357109397285,99.9470951571622,106.359718014619,104.608350234353,99.9417561157418,101.341689961447,70.0015918749709,70.8689944345789,64.0857335185516,76.2437562414334,60.8821131403763,75.4616245235381,69.6424701154823,79.9969801688409,79.4125330054735,57.1508579626055,88.4631609186336,71.3627547296992,80.6849431140802,78.6142809856036,92.5371230874706,80.6743747362428,78.8054739916131,79.9871197286562,77.0008955752619,79.3024250302447,78.2063817336664,83.5869505185084,80.8482577936993,80.1050824172101,67.3743936494261,61.3663202547233,75.0830399753767,69.304116385656,70.2502983609808,66.4140176103041,76.5125734844507,69.312619071579,74.9911525627694,73.6529159390447,56.3230669048676,75.7831210011028,84.8340983108784,50.9489651360131,78.1274185373366,107.559834992556,73.8639789317326,79.2765961106325,78.0799342741557,82.8110508233289,81.7582339657971,90.1125225488894,83.596954670794,89.7146624834051,55.3106807447574
,80.4,83.2438340879895,96.3160500922637,89.7248771387658,88.7979405708766,94.1286314279749,95.6935372717235,101.288686476571,99.5530980066127,105.813367688352,104.371715495481,99.0461881222344,101.816402713133,69.8063120847398,70.1802592552286,64.8494191599423,76.0675658676989,61.9169993662306,76.3281759815633,71.1868980179207,80.9295701814585,80.2498537490813,58.6196123026773,76.9597846752722,71.9966688235356,82.6013700346141,79.5920241144664,92.9317940787617,81.5154842613295,79.5231430073218,80.8516777566431,78.8330575187721,79.0856917055889,78.4172898126837,84.9436320166298,81.4598989850977,82.8758917712175,67.8218085454118,61.6510121058747,75.9107750611435,69.7409675132394,70.7837849205697,67.6254587732253,77.8298323075776,70.8988565898706,75.9555393547153,74.7326127752662,56.8816439591205,77.9698114641076,87.247685931395,51.9228705007811,79.0485168551248,105.221349507585,74.4977031905537,80.8687025720595,79.4880046477988,83.2961340082647,81.7108619095613,91.3683067345723,83.6049555382609,91.1516726468881,51.0253809291873
,80.7,82.5717208844852,95.8573668339886,89.1559334983324,88.1352788141013,93.7794423952837,95.9095482363159,101.153571873572,98.2582818724446,104.455432928579,103.670769409106,98.568214883404,101.819199464492,69.3989920350481,70.8422912874126,66.2723937466226,76.3484600430348,63.7129278909729,76.8211386772767,71.1398726433447,81.4524234476361,81.5875265487942,59.9401231761698,64.9841979470276,73.5174766486841,83.7930195940929,81.0768760520727,92.9436148549005,83.1106949567309,79.959726743967,81.9192631353477,80.5148459915663,79.476740780316,79.3340361093559,85.9516044953089,82.3848290595492,85.2039587718809,68.8566757838028,63.0854388329258,77.1946180893667,70.4364587944444,71.4684474963584,68.4566896798682,79.2674201346574,72.7794386136831,77.8143803970827,75.8249934658452,56.9789929326222,80.192871422247,89.20228515134,52.9430808937911,80.3787303323931,100.173593508784,75.7702796389736,83.3218335873268,81.1128169544812,84.2462508739324,81.809714537291,92.7969590561937,83.6669837835884,92.2501933829248,45.5403138335917
,81,82.166271234356,94.3319853090071,89.3496342342286,88.3199987276246,92.7171358288045,96.2596142794833,100.543128392761,97.408684175032,103.731194581542,103.141903941944,97.9553719677093,101.020080324238,70.0509699462513,72.0284258216126,66.6787014376501,77.0660219937268,64.3068067938532,77.9621312706077,71.5708491207651,82.3931372382325,81.7014440453452,60.2908748847547,52.3158968226705,74.5356312118505,85.5702607461751,82.0763429426305,92.5214939736039,83.5383368827142,80.883754206169,83.2115934591963,81.3976464816083,80.2177195208462,80.026125514323,86.7020276417969,83.8574275603304,86.8989048175693,69.2256350017819,63.5300610290013,78.6172986960668,72.136994144098,72.1645284387483,69.715057943255,80.386460602417,74.0333836000917,80.266296323968,77.7248017718618,57.8071043903645,81.3490218924863,90.3318725425061,54.1734733827023,81.9862741763202,93.7069806784482,78.175635349607,85.2916420013001,81.5350871054579,85.7795932597251,82.6174474130079,94.5983830248946,84.1701478995901,92.4657332656168,39.3925368153064
,81.3,82.141947843204,93.5166753966337,89.4884848761065,88.2580955698054,92.1110985914402,95.6512195859744,100.373071285938,97.1149110306588,103.159890465391,102.556925328329,96.8042322368999,100.486734313287,70.0461674607614,71.5593439953447,67.3644027563914,77.251826603031,65.649757508747,79.1070288524679,73.0768561285106,83.353051924831,82.1030049684773,60.1503207560942,40.7244062128983,75.9339450269837,86.8971587259625,83.0751865017144,92.2332332390257,82.755188926231,82.4081500900352,85.2204202336185,83.02539626099,82.4864304659296,80.4960687601149,87.2720659210449,84.7725852412125,89.3851756368684,69.1851789705026,64.3286373285063,80.1089090753645,73.1336490384858,73.7744175066643,70.1816078032673,80.9482710231968,75.2213280464713,81.6455736910494,79.9749263740508,59.2283250148184,82.8522403967296,91.5418199968565,54.5573650145121,83.3507697758572,86.261360910043,79.8717962495306,87.1933723690737,81.8679784849216,87.3990975964565,83.9187706710512,96.4121122783395,85.4288825465127,93.5808259227696,33.2734769460814
,81.6,82.7059727068941,93.1209478172806,89.0321976200568,87.6458222444417,92.4190436380781,94.7825095413274,99.9377157610261,96.6045795711328,102.481247723081,101.764129938358,96.2327743085088,100.056775895996,69.5588930854247,71.9748455016967,69.3818384997502,77.3076366441904,67.4786706677874,78.9900102629601,73.991528545857,83.823809650411,83.4841548144391,60.2520766352092,32.4182582057911,78.188001732895,87.716520410444,84.6862146752089,92.3769625047083,83.3783202634927,83.5713226788435,87.1056472154118,84.7665718926625,85.168115162644,81.7311239438279,87.1975511511907,85.5189395345311,91.1905961403304,70.8952964282971,66.5920935777024,81.2612949209607,73.687606416176,75.3450875132586,70.2053816310642,81.496069462349,76.7086726059048,83.2534422317836,81.7663536497785,60.5347651317673,84.789153035891,92.9862476102399,54.5679363736281,85.0310724085532,77.3972045706057,81.0759892957316,88.9865350731573,83.1191341409182,89.3396495034468,86.3192271149025,97.7439080010314,86.8242800898893,95.0362756553966,27.1877689254687
,81.9,83.0637334793985,92.5704448695738,88.606124239171,87.6075196826664,92.5363497825972,94.6421530110564,99.2732795986637,96.783771583275,102.702421018826,101.369720936719,96.0287375682429,99.2509991596057,70.1496229616151,73.7594950611051,70.8652381908981,77.9391586222638,68.4223161729712,79.4594335052987,75.6217410730447,84.7779137885162,84.6194675683842,60.6337401842247,25.6168686776613,80.5195919630643,89.3244600592182,85.7888057215147,93.3353649433061,84.3782174698847,84.4187308607218,88.6911754374285,85.3397026098893,87.5132589608131,83.4866735101794,88.1208459426786,86.7189727120983,92.0061401183885,73.3334361452588,68.3246279624384,82.6395062426574,75.0510650136603,77.2687300187111,71.5273369267978,82.5945640104353,78.0985195419729,85.8185728524872,83.6550691964341,62.4636448289884,85.790774215512,94.5642128334481,55.1448941700901,87.0450297822824,68.8306911774652,83.1325104576458,89.9545864202078,84.1796691285737,92.590625044366,89.2202396809493,98.7790975544292,88.1251412234152,95.9010831704158,21.5978680980531
,82.2,83.5238135167714,92.6479526107153,88.3921919915662,87.8749143807676,92.5597373887545,94.4714641034034,99.0170464170764,97.3109669941935,103.53437687834,101.125505690879,95.6697083322914,98.5653964772862,71.7493937151219,74.57681517894,71.5368150843104,78.5254151898166,68.8880139030846,80.3152451343298,78.0973924010474,86.5178459023734,85.854985811769,61.1135897505024,19.9675806058373,82.1419589942667,91.3114687207533,86.4825046494517,95.0106575410272,85.7241240944687,86.0852812575708,90.1395071664344,85.9885243699841,89.8750064634208,84.9700344208446,90.6088839353038,88.0279967238014,93.527951461636,75.0259656163468,69.479456541719,83.7572772253462,76.338523657368,79.6621351752801,73.0943479888636,83.4503764417195,79.4472157041291,87.5460663470202,85.9832581498468,65.1073263402047,87.0596872244806,96.5391090367592,55.9113951004504,88.8172873645821,61.2806847760318,85.1426795451469,90.2488079929536,85.1481586761382,95.5090701400599,91.8421296422925,99.7868886095123,90.3487798228237,97.1561836993554,16.6305401790059
,82.5,83.9064259655426,93.4047093388546,87.7662296964851,88.1473914632892,92.7842457623907,93.6958414807598,98.3592007210063,96.9172419525665,103.914068401044,100.466919979012,95.8006758947835,98.4876054498871,73.763806147594,74.9813393228982,72.9760935763519,78.3963073539045,70.394778820877,80.2191895500859,79.5696520702808,87.5349207548337,87.932117760862,62.4908670037477,16.7984621372049,83.8272731462962,93.1027724902153,87.4612145123541,96.1692631481643,88.4786738002062,87.3514827769488,91.889404862626,86.9876839329942,91.5617277897602,87.1219383018293,92.9792003794298,90.1011098902063,95.5909241114061,76.9121746070715,70.9532646008296,84.3701277989209,77.8156394352874,81.5051792891669,73.9177529450946,84.6346976368242,81.3884145340412,89.3737789487741,87.6178957753723,67.0152949889304,88.9780500514185,99.0478875984195,56.8453584357472,90.5481530224798,54.1389139278472,86.7951791895937,91.1016122507131,87.1528222284981,98.0178655916563,94.8034513625902,101.059059029233,92.9901012691293,99.1105575398478,12.885024050691
,82.8,83.5161669126387,93.8227441674879,87.4402004946988,88.035750889642,92.3211172948798,93.8142142176203,97.725003500715,96.3731494111276,104.131683681923,99.7605992380161,96.3904927883514,98.1264117508124,76.1282338171285,77.0781696681034,74.4273126308258,79.0206577456909,71.9616709610127,80.6719014229767,80.849389307604,88.0116023500765,90.9054349736666,64.6744597482723,14.9604046077209,84.7910880256103,95.1498630919084,88.6135456034477,97.5033649645633,92.2036957881016,88.1300499772084,94.4949560695414,87.2457658247341,91.9567304479972,89.4953646567954,95.4417528375086,92.9498394040271,96.8334969195788,79.3980051212098,72.6148302244015,84.9326569847934,80.1348482201126,83.6086750594499,76.4391726168763,86.9014972437018,83.6066540957629,91.2831766809776,89.72753105806,68.4269721004819,90.8973588722737,102.110903132943,58.1688474335029,91.7603704675148,48.07393977907,89.2131946946972,92.2064492829014,88.7859202868985,100.519371803401,97.5793938228694,102.5222861732,94.6040680984531,100.536864231606,9.81172106056846
,83.1,82.9160377484379,94.4412735849848,87.3930428807123,87.7650891460466,91.5944817055343,94.1123338108923,97.70971136256,96.0991947883917,103.827553206399,99.1658463127251,96.5168558605334,97.5043041657801,78.6470734557393,78.3109798767809,74.7094052117006,80.5341729779199,73.1725292887715,82.0738116859864,82.0174268630128,89.6693195015308,93.508522194121,66.3616444038661,13.4290248991837,85.0839402382004,96.917428736701,90.386135744838,100.299341647614,95.1285896373177,90.0258756269015,97.4340383186097,87.760862662171,92.885082172171,91.4569907277117,97.8384540903591,95.5309104824664,98.8009395196349,81.3966402589642,73.6658362244638,85.7850842717024,81.9351948500147,87.0412504208648,79.73043148428,88.9618509019145,85.0241313213295,92.2075553447849,93.135593506986,70.2956297162289,92.17630698207,105.267899071988,59.668551326519,92.5324143333122,43.9753306900229,91.8472783520302,93.6841879445374,89.1932449122337,102.460353616731,99.3403439462539,104.325854495924,96.1048585747138,101.498882577712,7.65562696598096
,83.4,82.9787128204121,94.3781593140043,87.7292907632566,87.3585521391148,91.2560469518384,93.660645648622,97.6334734217852,94.9807381032652,103.377058235472,98.8908356173325,96.4356186271116,97.3633580849285,80.6850482883872,78.2811109005106,75.3209238654832,81.7326652627372,75.6840599908672,82.9496525409799,82.6995207430199,90.8529614847494,95.4614070571506,67.2983753177687,13.065607152494,85.8576752235196,98.5323768734816,93.876553873038,103.246466390689,98.108858029737,91.8988336671309,101.234521863052,89.3824695521321,94.8392290461402,92.9013171720984,99.7803132948278,99.0180111426061,101.586546525905,82.9165958097294,75.243653513412,86.7373663349311,83.8764474677614,89.8437737493034,81.3840935132347,90.0624670710194,85.7831151019262,93.3612012891482,96.8941142162547,71.1042373410953,93.8016918498389,108.291591470505,60.8711496635571,93.7735312118436,40.537466127487,94.1067243511253,95.86371973862,90.1708246792259,103.087819882855,101.78244685215,106.537531676592,98.2586560240494,102.754482294156,6.30546932757293
,83.7,83.2035182480899,93.9678526760252,88.0433572452197,86.4884061021542,90.3713302280041,93.6466203176489,97.7376842240174,94.5795644123861,103.335035015836,98.712086691019,96.6212991689215,97.2974830315635,81.7988518062221,79.6557171137696,77.2338518761457,82.6666357892109,78.6758102140175,84.3112085852266,83.5014061748389,91.4117947281159,97.6326128567371,68.9594932767089,13.2582613593709,87.2639001310686,101.189206477444,98.1005388499553,106.563277941319,101.597907257664,93.3407303817881,106.120445416035,91.215355152839,97.440834443334,94.5772419944264,101.538270888231,103.022738543677,104.409141232962,85.1967529083206,77.6033487742999,87.698626747431,86.4516669135433,92.9970482852735,83.3299116150878,91.5134224545445,87.7594745591563,94.9619775670046,101.36131821082,71.4826336191497,95.6726844452701,111.317438902457,61.699916758213,95.1014355093061,38.3813554817162,96.3076739098218,98.6247974884877,91.8601802718255,103.334203370908,104.981934171085,108.757068301452,100.32168089565,104.336247617001,5.24452487930603
,84,83.3119461387706,94.1751210094922,88.3797792094953,86.118239679848,90.3453544973017,94.1851572583613,98.5338753673187,95.354655145044,103.496002329605,99.0182460222286,96.7388325130491,97.3614264963961,82.4929021314514,81.5113368663793,79.380157902969,84.3169120963591,80.9037795081031,86.2579003913118,85.5133475664009,93.5405968262184,100.266172139351,70.6355540508798,13.4991677404272,88.7324246518527,104.087888190431,102.663725034916,111.837364956815,104.570311557174,95.5636765911068,110.505324262276,93.2021776004154,101.186878056413,96.2627590065913,103.82683883508,105.859394370065,107.741771029681,87.6939503866527,80.4852249760772,88.9987758243463,88.5952867378298,97.6742757429785,86.5106255161059,93.393418363515,90.1720470111006,96.4711656977892,106.682282685758,72.6878019709579,97.6312360774163,115.386957357742,62.588394665364,96.0610535350889,37.6745423166885,98.7973171711101,101.073291065891,93.1084570773066,104.352470343067,107.740576721759,110.475125644031,101.687000707545,105.763127807867,4.92271480298124
,84.3,83.8051997172048,94.77369306261,88.871238456724,86.3012424488738,91.7151740175243,94.0599068954918,99.4864472701873,96.6852686349353,103.372074922203,99.8934760755655,97.1127731819896,98.3151718802102,83.4578022810933,82.5946329186015,81.0636902395542,86.0760920070624,82.9851507794496,87.7224735005442,88.2796850053213,96.9472417559823,101.552974140449,71.6880681886581,13.3554980665805,91.3882802367262,107.894083525069,107.907346398476,117.82634616521,107.198659049581,98.3709906374281,114.607684592119,96.1975963975234,105.852839513481,97.45792233691,106.750731557185,108.576956015325,112.015667059421,90.0100286035051,83.1749988158079,90.6384587851119,90.4809697175076,101.740916592166,89.1245907214151,94.4524659827122,91.7889187300981,98.8016319724803,111.593140089684,74.0659918842592,99.4122759500535,119.462295065467,63.9264358027989,98.2704235129266,37.526005689727,101.173997364118,103.637380370262,95.1114186953322,106.073784604081,110.814360951839,112.003795764635,104.213373083839,107.591410236726,5.30100550487352
,84.6,84.2106034467419,95.193354259038,89.4275484974368,87.3547543878595,93.031471717826,94.2904220848158,100.938267452604,98.4578363007624,104.20118558556,101.301111337228,98.0004384172935,99.9014450932752,84.9178171278855,84.9148752862222,83.3578206370703,87.1083038772749,85.5962153334451,89.2679038925149,91.8685964505344,99.7417782085142,103.021321680101,73.4404642433678,12.6363381238886,95.7536553116279,112.646181909535,111.993969054115,123.55193985836,110.352355975053,100.531320816617,118.719916395794,99.3407719587979,110.131741417353,99.0691747014949,110.84179650701,111.872713237742,116.549105216099,92.5329115915552,85.8563660837969,92.9457386614549,93.2465452526706,105.642286022116,91.674219919574,96.2540112252898,94.5832457337766,102.383282942931,115.372664269087,75.2034127151448,102.417683466989,123.40717410176,65.5740833039854,101.78341451378,37.4871970556351,103.344928757698,106.892394706068,98.6354057042168,108.808722789085,114.664738968902,113.798577693152,107.293720546834,110.559191221021,5.2275745688352
,84.9,84.8485396794166,96.3482399503321,90.5235622700714,89.6027227071007,94.7943802996861,95.8092171839771,103.340486234666,101.46665194513,106.885554478664,103.608560157836,100.078350367813,101.921457408984,86.8790900051818,88.2234632814686,86.5747183398099,88.8382832634428,87.7223784123623,91.4665758170029,96.777831253919,103.434313878556,105.857921337041,75.9674775177441,12.2421798097143,100.543584872257,117.499773122801,114.830091179288,129.642521577659,113.888925161158,103.485398486648,121.56146918443,102.533254113925,113.777322691042,102.230135734789,115.674460390862,114.260260374946,121.15038098616,95.1428262327388,88.9673799059913,95.1411964561951,96.078404242564,110.336206102311,95.7556946543959,99.4423108821672,98.6047140317277,105.93615064008,119.189949866272,77.3713200715823,106.562926690221,128.694408300694,67.7433301516567,105.46431224263,37.4100831733891,105.62060261822,110.48532616865,102.612718294605,112.123341021007,117.856316513105,116.420302513736,110.146504060118,114.494399824676,4.63784119570742
,85.2,86.472816493208,99.2049988991696,92.9437162927081,93.0272639872639,98.380771399246,98.6232628884636,108.30440170753,107.118587125262,112.355693196196,108.424863174851,104.720250947989,105.735368651892,90.1625392489753,90.7738779910214,89.44719882336,91.2391822894813,89.6089372048728,94.2362643029801,103.154845592941,109.255370718042,108.740926822726,78.4304301262332,12.0540937732449,105.977746466608,122.485821051042,118.398916985696,136.405027972098,116.563879377482,107.413949566226,124.490713681794,107.38514978302,118.094338054425,106.040257951486,120.411003459808,116.470939304072,126.625953505406,97.3139059048659,92.3910349056623,98.5316316674998,98.8776581492702,114.498406265665,100.053651753607,102.997619328144,102.296936617429,110.336498876883,122.535683846156,80.6844233935451,111.078087713611,135.600530405703,70.9145333846753,110.662559366426,36.875939242708,108.606464696448,115.085059346669,107.218290638239,116.657423964933,121.12122257126,120.401798531339,113.848456725101,119.52387132927,4.7215837893098
,85.5,90.7856921446376,104.716768580012,97.8380758958889,99.3379336107953,104.914870532366,106.051148350851,120.33820114604,119.330154692445,125.257333687887,118.476519301589,114.384258663927,114.584665108514,94.4729355121729,94.4998520862633,92.63201553083,94.4191264122962,92.418900956583,98.7307028523388,109.536530029835,116.406699331344,112.206487731183,83.1449519849212,11.8500878590239,112.765980992303,128.947533507273,122.458044001868,143.014605306841,119.53917380294,111.537385885415,129.736249126569,113.843055782872,123.292298052851,110.34003747737,125.565463793479,119.978554892535,133.369789759646,99.7313341282078,96.0913843945298,104.270576344376,103.306719241099,118.855408274295,104.297426434647,107.511652291895,106.989210362416,115.984201616816,126.443757182461,84.758770923839,116.487247086583,143.056137583159,74.7188874128074,118.339350286575,36.5010567669168,111.970661432353,121.16104931946,113.574472472377,121.752451981722,125.892603384038,126.831681665612,119.045626496404,127.472011200912,4.3288962676768
,85.8,102.730244944889,118.551080678994,109.93372367359,114.437723661069,119.777692446167,123.652980306816,145.309660363845,144.053169153933,152.61207470119,139.721198464947,134.812148853883,133.714194496257,99.6346604625633,100.982278035548,97.7834942921265,99.4750689589235,96.6740449685561,104.745139442792,115.521565696046,126.450013904058,118.751471414287,93.211643656169,13.2026722655742,120.452354037572,136.488429818815,126.486603541642,150.449726486044,124.810537852393,117.140416979693,135.710817536835,121.745048434722,130.178103994091,117.94269879562,132.13185968027,124.709190505136,140.743021703909,103.6541456734,100.987081636038,113.131996999342,109.603013705398,125.386905575788,109.965622502545,115.192752640633,114.008135911151,122.951020050594,132.893501123645,90.3871709606799,123.59195758576,152.844568209293,80.0164396947359,126.416234049151,36.2481411224449,116.560008092305,129.353322414707,121.162022623021,127.50640248356,132.235631381877,137.294659282881,124.821377032367,139.633049178361,3.45286935279489
,86.1,139.75525944662,159.250147980117,147.043345329895,154.253630433724,161.38192458564,168.718794367782,197.956679350296,196.184461862637,209.112352980854,187.810379219043,180.134573958878,177.954326694389,105.280018710351,110.470520179672,104.784120112337,107.184093545901,101.537717238525,113.043050664888,122.905077308443,141.86153621417,127.895751287066,109.455056900809,18.2793487178494,129.141854213055,147.542358534268,133.124587866926,160.358255849941,132.618739723173,126.779493959404,144.069228301958,133.045001483213,139.962302146145,128.660101433787,142.080696610899,131.014333508603,150.123133465746,109.460379444171,108.557711400082,125.07324607535,118.711604651309,134.359753495629,116.115221456355,125.710800576144,123.492767382798,133.39009886733,143.652537077769,98.7304054284831,132.052222594898,166.685160872947,87.6746783707921,136.346900217704,36.4465201254374,123.659779975875,140.734399210435,130.145470154377,135.615435558505,141.0888205197,153.053630192105,131.954682172919,157.023138906603,3.43166789543185
,86.4,224.374880090207,254.439488041119,234.088481988159,242.81661092975,253.878981881297,267.48639983365,302.057415613328,299.493201521496,317.222509508156,284.017777302847,268.846798552712,268.746053905322,112.066681953044,124.629323985649,112.987823338065,117.07399975734,106.880635011402,123.995704381358,131.047987280643,164.949531310333,138.426506536885,131.426337172409,25.4996526371765,139.171016014949,164.529584513488,142.192075876544,173.189189026428,144.078728185116,141.199655416697,157.703475197185,147.438953120721,153.170275634622,140.766506133427,156.042230202503,138.824780617016,162.253846293429,118.849322578675,118.494665550029,140.188802571058,131.28707618964,146.437053805426,123.093081872303,138.303486868868,135.126780839411,148.513561344302,158.56041515684,111.783058538516,142.25700712114,183.340085935117,97.7998938409286,149.06501938635,38.0935841104234,134.136662091002,156.550920067457,141.529169938499,148.673177952272,153.463076688299,171.954181625921,140.680469551874,178.602587808467,4.2289810662939
,86.7,369.178845035939,418.477971645323,384.939077686079,394.639768802528,411.656494052146,433.512863951122,469.703233208995,465.588723348954,489.312864173196,442.231151701159,414.242133296879,416.867433371514,119.971655754331,146.375569637387,125.310128505728,130.389898516009,114.610844234974,135.211297053662,141.685090364208,201.880918876942,150.970994810891,157.309505297269,32.9384047408902,151.893518478045,187.627873294931,153.228910317413,188.36198245963,162.022890288276,162.487382276305,174.858352624184,163.907019156684,168.852804976814,154.745348038818,173.787002331587,148.794910661186,176.194211968311,134.097780560794,129.771853665158,157.038044444381,146.925217169009,162.611433289618,132.597416266253,153.193297049307,149.331338856454,168.194271651926,179.77724742523,131.216275177203,156.898982275357,201.541654483964,112.468362400661,164.43193430709,40.1426731743184,149.367606896782,177.43173735738,157.249664214572,167.903121244886,169.176821376056,192.080057842996,150.396237604671,201.36185897222,4.08676601673932
,87,556.121897888177,625.84880006846,581.085828618401,588.616985872751,613.9409804003,639.926657956219,673.455891486545,664.365300496219,694.239820136128,639.784111822799,597.136179817564,596.473049486699,128.859757765163,175.113124804124,144.03524056778,145.525075644557,124.212568207142,146.48749193424,159.431981219159,250.441364760507,163.823401972476,182.521372438451,39.9786163276224,168.817758898756,216.203062258484,167.269068011009,205.041367371355,185.351520366582,189.610637786127,193.905097797458,184.676105352715,185.554168889634,170.457061048009,195.646116647169,161.507124091851,192.061697744025,153.798578592939,142.210831309406,173.581662067348,164.291032694053,182.411493093657,143.674698364571,168.263146232353,166.052400111202,192.656336227065,204.942211411555,154.765134382877,176.00561175647,220.444184465024,131.488583125056,182.808168814263,42.5274946085125,168.524646010694,205.146102529981,180.230751438353,191.981791225256,187.478540290069,212.367889553686,161.628170868884,222.999684881532,3.85311469672814
,87.3,742.941265770047,828.038416294228,778.752178680252,780.591769044803,813.613241741584,839.070883226646,864.305640556441,846.735436200645,882.708827551888,827.065361173269,771.466624798062,767.088153504967,138.686606185718,205.517828950101,166.315400849788,159.459422172798,134.434758496692,159.055983896651,182.862342781071,299.97211127098,175.805151883599,200.667015808538,44.4437513010412,188.088944141282,247.802197740085,183.863529218838,222.174127446366,210.710625655239,218.605933739652,215.374292829549,207.643220768587,202.377791722107,185.024168259364,219.489754952767,176.369419632141,209.503999124985,176.022032521747,155.712356404571,187.312224320421,181.853134236341,202.381072062228,155.465073951066,180.938098768834,183.5497613748,219.087580576682,228.037329869065,178.756211622215,196.449776729715,237.545831006933,150.364612639892,203.145393826069,47.3593503110832,189.657426933049,239.587790193927,207.362821197638,219.404185882963,206.822883841677,229.848076148086,175.091850137119,241.175151375311,4.05187557797992
,87.6,879.409996934771,973.591245863954,925.12416475721,921.647296528006,958.921933669266,980.621778219655,994.977196162712,969.326669156593,1010.39293749221,956.929650089225,893.704485024516,893.934096056111,150.182007351845,232.836010390532,187.595185191587,171.906367635145,146.245155304348,169.552250815869,205.390969084315,344.542266882062,186.292612298839,207.671534435496,42.0239936938099,206.813711938339,276.767081587674,200.866254142337,236.80506741166,236.54989157036,245.639095233885,235.847025538114,226.624979947797,217.61776665304,197.240716416605,240.477984794693,192.51050983791,225.2490097615,200.935555111925,167.342778515144,197.630469599764,196.331799347451,218.755414000751,169.487623017402,189.607031894176,198.74033724033,241.401017552569,245.85429019255,200.423348763655,215.412423655529,249.021918937534,167.44485893208,221.126733275781,55.3697924202664,212.46930279304,274.75911752177,232.218449659204,248.06530660389,225.487999864861,241.957284670472,190.554833605563,252.405999186651,3.69379358553573
,87.9,916.956517505265,1006.20907476782,967.104629826827,959.599656249215,997.576911559629,1009.2883707305,1016.63742236615,982.972002679238,1026.46931280498,983.981384359058,922.301716708919,930.52800832242,160.847616609277,253.660320422437,206.071969519392,180.876484161579,159.653608316783,177.1392670131,224.509434958889,375.407241446124,194.197051817514,203.637907307029,34.0424361329276,222.280005687562,297.275346955062,218.038019005479,247.340014789034,258.309164399168,265.403098599113,250.140054296822,240.384660767368,229.401176842074,206.310586790323,255.62206731088,209.003756422307,236.646642557399,225.349419417548,175.364659081318,205.326610036624,205.12474167245,230.066328011749,183.146883742223,193.768906536055,210.81043300815,257.062207660789,256.804739115506,213.779213481128,231.435800437212,253.115356767345,180.799169649046,234.454248239357,65.1163491958431,232.844682027557,303.14525824336,251.187772835447,273.260692733558,241.647730531809,250.558869933425,206.966873320079,257.612715251973,2.97200406180233
,88.2,829.014522660376,894.60426521145,876.260000714319,865.221281846611,898.550589280362,895.197276327852,899.95880184995,858.750723024825,901.984254804377,875.980009337339,825.582957956046,844.428024136599,181.506288154669,276.788796964464,229.180419862072,197.390223474473,185.360328784562,197.91230953746,247.091062922379,387.126646851233,210.464583169395,196.814513292654,25.5188004735719,243.10154336057,316.758781529866,249.911060388816,266.444014570337,284.990962148413,285.352291871445,271.993805882961,263.796191047556,254.454990095426,227.904644008775,281.925326464073,242.527534665219,258.972110596779,258.306040633007,193.250908621066,222.462525562641,218.765583960935,246.254006160114,206.53172008957,210.709209031106,227.811608916427,275.140522489428,268.457219367234,215.766925811701,250.268356615314,260.630374291766,192.550887027647,252.881838674257,80.178781052781,260.521160536891,336.928392742043,273.791269683936,311.182303124977,270.775044073964,276.487399773532,242.400690828307,280.584804671022,2.93811327222424
,88.5,646.779364200856,683.578605776822,684.913022860327,672.883399515694,696.559343995501,682.914419806112,685.775167017637,644.963821699342,685.886228043248,668.931996790521,634.40739227551,675.541408920923,214.376642949302,300.026015205555,251.237626635878,225.283140626803,222.477847321211,230.656312091133,266.553618449227,380.982419349614,237.78354903096,191.034362629877,17.5641069804303,266.808681490934,334.375629748325,293.461528150921,297.020395883343,317.068694114539,307.605216751521,302.236610969157,293.058872810591,293.288381717239,265.214702673779,317.857877784342,290.748077385003,291.021710116771,299.568054289791,220.676044286797,250.738661328275,238.464266649204,265.333048750616,240.20609240191,244.072781329187,247.858590393895,293.542328099087,282.191137096166,208.523645529781,270.256634336765,273.759441277538,203.873492882568,275.444666742695,101.193089084836,297.439345619454,372.977889507017,295.539722847918,363.871540870198,313.351837740341,319.881340631575,295.512403556096,322.42119439809,3.1882733728753
,88.8,439.23610315746,453.785579627149,464.869775068647,454.21663469083,468.774122538881,452.446089148187,453.827971211719,421.135653084512,456.149522045005,443.104288563854,423.163942494009,488.562056336352,248.246381653891,316.21890605557,265.782060530441,258.105363406762,260.124623568051,265.245038288515,277.625616323465,362.680367135792,267.494132221056,186.448824981525,10.8928212847104,285.33657863977,345.811243309826,335.272777740209,329.47811420179,344.246053203587,326.756901184283,328.685608527599,317.05061004643,330.924812246766,306.094975792862,348.149306913416,336.809673601792,319.522651690424,333.776228589694,245.601101798704,281.365915992319,259.673484629719,281.205714183025,272.900748767707,282.706093915505,265.667137122676,307.586600115337,294.701469926858,193.439334665435,287.935662476384,284.323307076548,213.943693944401,297.422909778786,119.039771430947,332.339360485157,393.036279897813,310.397074210661,413.660013453337,355.799479957925,365.411911587989,348.008207460316,365.310054131543,3.51558648032703
,89.1,254.234497719242,252.432098358045,268.200260677336,258.995707472531,266.325636181971,250.123568391666,252.264322991551,227.968678146619,254.104989430255,246.035362427794,236.561802269132,307.981584282913,285.316258228243,332.562769554266,281.939545057546,298.513963990945,299.902680202026,307.472761813326,292.97230857324,339.835161148827,304.71620325498,186.503806704683,8.01674730614271,305.628454172707,359.340398320457,377.4706303539,364.79320389809,369.421374222675,346.281842973894,355.465239447164,343.843192744338,369.036622209726,352.718708751403,377.750923117894,383.174863068654,348.799042713594,358.549559400334,270.546116579373,313.434198098274,287.287915173413,299.273624632275,306.750810213935,328.01069546969,285.860271071716,323.854648232035,310.577828899547,173.058031825131,308.295296310975,294.698349139074,224.964177579546,323.355370690312,127.977847496258,364.463345187707,404.342552057761,329.639103916955,459.077582828918,401.699032848437,416.104157564604,402.651397168603,411.442077855916,3.79287011934347
,89.4,118.612223523811,108.44221732644,124.371143357642,116.75919885181,118.308127627681,105.337121932673,106.714005350089,91.1995554359212,109.19834250399,102.518980490723,99.1157825877101,161.653637676846,329.404210734078,350.415875276813,302.149883425604,348.704136371424,339.134062017798,356.536201937796,315.156902207674,319.881230161325,354.032308577341,191.462361037164,7.78028666786516,332.247294370551,376.999565975368,417.533899670598,403.627717972692,394.971822915493,368.137805886313,385.11048671531,375.474147834657,408.651770643167,407.184530715083,409.601623668576,430.875605875284,381.003242629491,376.141031498501,297.0705035791,344.94187820324,322.187681167097,319.740441976819,343.057651211221,379.540460583835,308.948207502062,342.266012231676,330.675412268632,152.592240239051,331.744588046092,306.900923679783,238.506074045251,353.489098357438,129.838168926415,395.22165819079,416.956704007379,356.24442392804,501.107205458495,451.582171407476,471.374230586183,458.956754741404,460.096274268373,4.11993446604811
,89.7,46.0438607060438,37.4119965136591,46.6791201855674,41.3127129338824,40.4634334859412,33.7132018198409,32.1688950999328,25.907825237631,36.5964864340725,28.7588340307023,27.5019844265384,77.5772821804712,353.25760056363,342.055006126002,304.617552154944,381.250265403015,349.806480604889,382.530277397966,321.718415286209,289.191866811463,391.718179422251,189.65099759133,7.5931147217032,341.255884988121,376.378090287019,424.634656363852,417.632447549848,395.122433793334,369.874081551419,388.714862000826,380.707651866543,415.893008489271,435.529668635504,410.100594370996,444.412718503092,383.780205472321,360.840276293471,301.339405852633,352.459103226081,343.037071299802,319.878316015669,355.835786070987,403.198787707875,315.671942789605,341.660366041612,332.123621734984,129.689992073547,339.531511459328,300.09117713059,242.063863045981,365.285567795268,119.143287147878,398.250453254108,402.801976526559,363.281997711027,501.116736664756,469.551930367987,491.628826617897,476.977939970667,469.884895663227,4.7542487543016
,90,22.084796010234,18.6859612703303,20.7412121908183,17.4981253066935,16.9269713023514,14.6607660207583,11.4915556492519,10.2367630641936,14.9992028351204,8.96528157180389,7.22030848103164,39.4920214392188,350.545832378697,309.809877007668,291.503769759738,388.05135927292,333.320558538321,382.980636239889,314.531631470428,249.210840138096,411.127799353853,180.503680572612,7.16846666573294,330.271148804648,358.851701892448,402.962989405535,399.357889407221,368.936600263052,351.314239995398,365.497911405499,359.373760826168,390.660598422418,427.960230666955,380.831849795412,423.667763716731,357.149263901956,314.892927403434,283.698580479918,333.315398149387,346.310235041531,301.192754315135,344.846859160451,392.526619055779,305.892790420296,323.251723021008,315.565464125253,104.767018477173,331.366786621656,272.775714144412,233.596363611726,356.822797271042,93.2276631330959,372.05962890108,364.526143134424,348.440663583069,456.958849409835,454.988316175219,473.098402002938,457.712819366125,438.430021451783,5.13973348235273
,90.3,15.8474582842309,14.8314616507628,14.8016559460517,13.0720037935441,12.3685155922764,11.1208268575588,8.44953845348982,8.39159265972645,9.77792820179104,6.88421930705961,4.89233622942228,17.431777577713,341.768331688705,277.545074058846,278.470193293683,382.820501273485,311.387292497901,373.736429035303,306.860168746262,214.464571249298,422.980155291704,172.342501115554,6.73891017455863,316.734945356738,337.108812406723,378.263593910162,368.11293369534,339.429825768859,328.298882044638,339.734026977782,336.25967968605,361.70260780948,407.065597578891,352.006957887302,398.530957844595,328.908295086158,268.685657967769,264.64109868067,307.460136334272,341.182891711962,280.755267079064,329.983417220685,369.28902043963,292.454005368071,301.739743849025,298.274432895672,84.0933083751829,319.089141913613,243.232714402436,221.985136665914,340.924841413825,64.7810457395006,339.90266050377,332.865957413038,330.804456034761,405.027155626723,436.316884038191,445.053019380355,435.257534039372,399.886953263938,4.92586245760113
,90.6,12.5124858711009,12.3257198865415,11.7731912264279,11.0075117931935,10.3227980310629,9.4390764420596,7.13541928185113,7.74842214530584,7.75893824658084,5.83881172377479,5.37162393035999,7.41591637609465,318.439810415474,238.568952008195,256.347707800408,358.294023743748,278.417836602693,346.46873291409,285.113091745567,179.830292124433,414.430029102918,162.670284376519,6.35556998317592,291.878803913267,299.914333998378,345.012152530945,323.863250137615,302.241629939968,295.543574529925,305.471671158233,304.724632923331,325.248051967527,368.275752868597,316.731270485717,363.320599639333,293.581301018113,222.021106558498,241.172263400184,275.424317393842,319.528076795562,252.805215048971,303.508458697981,331.641014619168,269.201513720065,271.637500909825,273.376138972331,66.6629248042881,296.921741845483,210.859609622239,203.042034440254,313.675272698699,41.2766350863539,299.866011478587,300.834765584059,302.949219224213,345.881824374265,403.677511618139,400.717178242909,401.0583477247,351.667291682933,4.96441801119479
,90.9,10.8267509895927,10.9464187073911,9.73947472262874,9.56171814630636,9.30655140062394,9.21105323078109,6.62937492959486,7.38851036544077,6.89317247306529,4.73244554937963,5.94263748128962,6.08140363658559,276.981429835034,194.154508526077,224.5299516126,313.560847164773,238.474262725967,302.83538468921,249.421995936881,143.562832185892,379.350717414127,152.6324347084,6.47690088258306,252.952521499745,251.729124853811,305.799617891403,267.749491826866,258.732040668689,256.805603780829,262.535652312322,263.653900524219,280.743681616079,311.33133247506,273.705806775341,318.367620533146,249.939261639622,174.192492756863,212.464771905799,240.078236378107,283.580432993814,217.603105312546,266.25298668403,284.08174266951,236.418686141055,235.486835306135,240.001319909572,50.4061475978058,265.429115620527,175.81021513919,177.097048672656,278.683580436576,21.8178339991079,254.931205428908,264.619738776831,264.48527560722,282.188454389846,357.133343637017,340.637987920549,354.61485864822,295.016864972972,5.05801486048464
,91.2,10.5978689967469,10.5217649235443,9.50831601232437,9.76572562210284,9.11571348920707,9.80228294749651,7.29391222838094,7.62579137628023,7.12520296276551,5.31720307506305,6.19865198665508,5.66833686028872,236.262996526539,161.988256148289,194.663312773512,264.937047416344,207.515105249045,259.608068734128,215.435524496341,117.761555963979,331.078209206142,147.676837983709,6.59941179505893,215.621920845126,209.801702943849,273.162912481247,218.954285517698,223.419654836936,223.272651866536,226.929407934449,229.151331132152,243.534852582762,256.177721612035,238.499463132705,278.386588702001,214.844373817246,140.25985204809,186.802099491539,212.641680907248,243.891716173456,187.296054429463,233.367451346135,243.850045564013,205.681469465926,204.928283825492,211.561772720623,39.154989690776,234.455844583044,148.885432046462,151.955047860932,247.1350054403,9.35916957175664,218.962837918743,237.294810897951,230.200480668093,234.071443184556,317.106990965682,286.537482364332,317.343567857852,250.748558347631,4.44606044046282
,91.5,10.8357486737394,10.7545971706476,10.3450632900615,10.5601078602158,9.60031597565736,10.5492875797561,7.79146109259074,8.0143603213736,7.4064891638317,5.99492558851968,6.77201926725682,5.25882845282733,201.254922870069,140.800043621085,167.428590198549,220.882130292875,184.079521820842,222.06296948527,184.590236771394,101.283251977444,278.351554249812,145.261396263957,6.54344618852529,185.118013058992,172.826746874599,243.830588668334,185.535028364956,197.095364795448,193.105173595584,198.619891074216,203.09038257405,214.350640505547,211.91722538513,209.591278560777,244.106046564134,188.413520841109,119.692551978461,164.810364797808,194.396190244727,202.889872691166,161.978572729544,205.241131657635,214.342903445798,178.555705894122,179.498443916023,187.140497438398,33.0380157785156,205.421754309015,130.30924412116,129.022346027837,219.935591324244,5.05273882893296,192.154039548494,213.914777848736,203.87779056442,203.560547971616,281.930883028244,243.662044183977,287.486731222226,221.738955170379,4.06331250104103
,91.8,10.8839391696188,11.7170636764475,10.8283265718014,10.823858009505,9.95897216007184,11.0392712190003,7.70930382824181,8.04430894413637,7.46597511893289,5.72241198969569,6.8174279287453,5.10218176165684,163.042483735502,117.474408541874,137.263961776362,178.236229694264,158.745897747246,186.108310100045,152.322837006037,83.7828721867523,222.392525638185,139.774602179667,6.37608549684614,154.169583077307,136.492121503612,208.182350836412,156.575752126586,169.77723305259,160.857697025414,166.755851334829,174.531168597729,181.187235879941,173.366664615976,175.15905824296,205.494165795413,157.408567267262,99.1121801347568,140.293546450781,174.696033804106,160.379955558898,133.447498606047,173.562555924712,185.936686061138,149.553510893852,152.530524784324,157.87584991136,26.9347729923256,174.07979490409,111.354129970865,105.610724112333,192.021177020211,3.84101165459915,164.39661216499,182.816880632428,176.168125242384,174.277355007105,238.853672245707,201.523243915546,248.246396293598,192.34687025051,3.98440926794052
,92.1,11.0565387497528,12.1030374671735,10.8135242261447,11.1980169358499,10.1886688531955,11.5788401491969,7.37490453359148,7.79568840648703,7.6168087450597,6.20803114748317,6.10017503471312,4.64844008885791,129.775425021253,96.0728582873909,109.823252695819,141.342196231527,134.988995560569,156.637822935796,126.992996479988,68.0429989488353,173.448431020152,134.919835526092,5.87211376777664,127.750116112549,108.879617127589,171.202781041927,131.826468676005,144.317238653362,132.095791830319,136.477404972851,147.188324989717,147.935096012999,144.852969535824,142.2721947532,167.807669547603,126.7324825154,81.1055299795252,115.014227266239,153.947481319367,124.72492423689,106.668480761627,143.738682467156,160.705305975987,123.108423776748,127.906463494427,129.691783731966,21.6171332783544,144.827113744982,93.6746222457901,84.981081916989,166.848723094449,3.77470958046265,138.725077329005,152.399106363659,149.586275044721,147.792976838656,197.058335505151,165.69618804086,206.86646692311,165.18058478291,3.93033941742469
,92.4,10.2848380473448,11.5144060270363,10.4338390763194,11.0285454285262,10.0069571997215,10.9493948054769,7.02462364089873,7.56132967906818,7.3872675809964,6.98787505568371,5.11556730720192,4.2723583565017,104.114386350779,77.4509894223331,85.5757771607237,111.084396111838,111.982630225409,132.242995881666,108.241837431632,54.0970467454239,136.09039495961,131.181059081876,5.36905678780992,107.592284893984,87.6827574213065,134.704116168387,111.182007850865,120.288988548847,106.239985817855,109.761256547555,122.407482031239,116.473731146342,124.433087642836,112.142603126905,131.824515637641,98.6831108259848,66.8969188222044,90.4639918385629,131.122902824829,95.0520643776755,83.8040313653055,116.910376951166,136.159657949777,100.371159020268,105.531662755388,104.51370914427,18.3039094286787,118.029820475963,77.753113829632,67.4350486608761,143.466247370869,4.27698752374852,114.714702722255,123.555496319049,126.830812037157,123.631931809609,158.235467921809,136.087694181855,167.640384463266,140.195014411414,4.04741488434155
,92.7,8.71953723467489,10.8906214220548,10.0241088586871,9.92883132703298,9.28715656068306,9.43067969948951,6.1172116521782,7.2590908887824,7.12243763187786,5.94246532093251,4.56707606703361,4.18202829926656,82.3648754249018,60.1441568577764,65.8304395787621,87.4019334440313,91.2536998775803,112.091252496974,92.7428607834005,42.7344231178998,109.548666221611,124.919955477079,4.65150240593687,90.9919548902637,70.2107570918698,103.645287172245,90.6946686994707,98.5041653542446,85.2649189029318,86.6855412675748,100.918508870243,90.1475977202168,109.523860873847,87.0681445361401,101.799113214999,74.834401642821,55.7478852336086,71.5723831473396,106.913967691452,71.8533945646985,65.299751857964,93.5958031801463,111.869801410142,80.9797427750626,85.967071432582,82.7412182021986,15.7698820251712,95.1220143190042,63.8380209187731,54.2680042346629,122.778834354307,4.40149688284303,94.0382142355563,97.5225207925743,108.62946199816,102.647328633054,123.537628509106,111.185356505005,132.159104010883,116.055876334748,4.37770447230255
,93,8.28589906198706,9.74665728046006,9.07579840226182,8.97161630340179,8.25827499828781,8.40450217058589,5.61356076370468,7.00855164208519,6.95670530778642,5.11082299967256,4.29163434646199,4.24073524364616,64.4648071579621,45.0316421264272,51.5222668308993,67.6335019929624,74.1519955890588,94.5337720655291,80.321555713761,34.3459524688943,88.5507699780326,115.811297360657,3.9943310538491,75.8228269816077,57.3760163376465,79.9272787667204,68.4419560481714,79.6129690207689,70.2829752049902,68.5203526225719,81.6346265317828,69.4813618647233,97.924357260818,69.0486181697668,79.455755379887,56.4260102982178,46.457501170229,57.774619500003,82.8276026531399,56.4087006076939,51.0430994905606,73.8084461077812,89.1632653917083,65.1984498254395,70.4377102465513,65.348265331522,13.2421100481929,76.8847020714785,51.776035384417,45.0810529975177,104.998092515866,5.00892751038833,77.0707753567935,78.4241339257117,92.9635988747683,83.8649914059272,95.8685916364527,90.4953645064004,103.740513928125,92.5121055953021,4.49715861333308
,93.3,7.62273447703857,8.18313490884691,8.00508933849121,8.37970898321184,7.24536428359282,7.42205481546449,5.85412983664099,6.67910691137612,6.55513138220793,5.30232881117712,4.15416379313067,4.34663097804825,51.4382410338517,34.3815902611193,41.1577433359381,50.4530363235552,59.800240363475,76.8989852139857,69.8632043151676,28.0815170433017,71.988731703774,110.528217432355,3.45056676390044,63.1718329880224,48.511459459463,63.0441003710299,48.7034539121296,63.2651483719925,60.3439360085634,55.8028513573788,65.5801141723118,54.5512573290298,84.7625281170253,55.6975974473028,63.0600245289914,43.6224636765135,39.7756058497897,46.8337574877144,62.8064148054528,45.8978261036076,41.5265699222874,58.5551697648036,71.5096421529794,53.0637348677093,58.6112145085925,52.5307459514862,11.8464803847385,62.96655857325,42.9742177903429,37.8787573344025,92.1090183811562,5.60247201501776,64.1597917040277,65.1441172050477,82.7201207738617,67.9955139545996,75.3293476891046,73.5771654343526,83.686813053241,71.6029518577326,4.50460126718127
,93.6,6.66804839076586,6.93327380168569,5.94358517911038,6.81080760439736,6.0708660098093,6.26415789811716,5.61451014752218,5.87740973980838,5.67518102133865,5.26659514697296,4.85948027823071,4.17527162389547,39.8441841169211,27.0176504760316,33.4642948336069,37.3519721700394,47.5293380829151,59.1707953030533,56.4067318616883,21.8619122730912,56.4655760316451,96.9193013777442,2.73267066341949,51.6196757996642,40.044150508843,50.2850710919882,33.6107719931069,48.8361697337816,52.6337941902867,45.6175200312534,50.5317263771313,43.5467539829708,67.8790770945647,44.5838318832016,49.6844038979177,33.9773608107059,33.1390188211286,38.8483815573723,45.3205111095676,36.4488183396864,33.9060940246685,47.116554399981,56.2239217289163,43.2474275917296,48.4371559671494,41.7891620559883,10.2467737715637,50.7051325509952,34.5105629029384,32.8199523731694,79.0716698238764,4.76489980282442,52.98746063182,53.1995654402317,72.6433196023197,54.3519359472306,58.1541209413709,58.553067614021,69.4122013466,54.2813941705529,4.58031277521523
,93.9,6.72668543726076,6.32048989240512,4.92493553836482,6.16086107968812,5.17996712508733,5.64009293285523,5.55674236869398,5.54860480943044,5.327537539409,5.08427498633987,5.20189194080113,4.12645769113207,32.8694192825252,22.4260178180094,29.3377035062562,29.7202993424407,41.5786014769136,49.4782011783072,48.5165079172942,19.3364141894497,46.1496425507273,87.0341225251118,2.14724471337566,43.9934951462572,35.5001934779891,43.8562371286601,23.3536040826788,40.6374546300302,48.3024536196933,40.2208097876005,41.5467818392092,37.8309109467207,58.6041197286655,38.9719416588822,42.6783441054258,29.3392342645601,28.7484028406772,35.160881386944,34.4580086786944,31.3752019464155,29.7774957993176,40.5531593663116,46.6377380512769,37.7831402731558,43.1348764998826,35.9472587157654,8.92873732693782,43.966057687613,29.5669404935103,30.3294695149557,71.1556517618182,4.25537891541476,46.7838788462866,46.2930833166692,66.2591012901507,45.8969857129918,49.2103018049155,49.6132945119973,62.3083107539957,42.8458596907304,4.33379161823107
,94.2,7.49400609561737,5.98108930663718,1.58175276808246,4.76855696756777,4.74018468397702,6.10362590006683,5.72436462313249,4.50996014677997,4.41161797475994,6.73722566815333,7.05418988346925,3.88978752813614,26.7999665303102,20.8994385974254,27.6758677429735,25.361182536521,35.5319014644851,39.1281115281487,37.3107314372227,14.9816855532757,34.8180858814816,69.5677531594733,1.43786143260096,38.2874191812494,30.8333037666664,38.7581518657544,18.4676673684831,33.2977089271718,46.388769888044,36.2729356111225,31.2348943434077,34.7305809737898,46.2401305032036,34.7421985758809,37.2080065402612,25.6686121488826,23.8516656140418,32.8560701036677,25.1780641501167,27.1256004527185,25.7976501658155,36.6055906643975,40.2495559934127,34.2839818417123,38.9815820647278,31.0601318946787,7.149493810826,38.5720634897584,23.7150613656413,29.9448162199973,63.500026273522,3.17076413025736,41.2964770862905,40.8344719618315,58.6442131908538,39.5503369451521,40.843927050712,43.313973930578,59.6193103393408,35.9883819212841,4.79395660488602
,94.5,3.29205905422413,2.53663969444318,-1.11651211798195,1.14514412806983,1.86004260295713,2.73463526446818,2.46240762559069,1.33983923223326,1.35767211172,3.75996949194407,3.88668354531935,1.38440711332919,9.1498567162219,9.0164747758314,11.3466732728043,9.94994322548214,12.4622446077425,12.6544844285496,10.6865606523378,4.15014855621649,10.3355568392126,20.4627585799091,0.257279237675524,14.4546391178976,11.0251690354457,14.4109698004756,7.37540366601166,11.347389403872,19.1290278214497,13.8987966266293,9.16276972817807,13.8044790452018,14.3430355961046,13.11818361474,13.5915764894125,9.52532606702221,8.04798674877986,13.1934969329399,7.16007017276146,9.77825299046714,9.39521604071984,14.4833998764544,14.992531627761,13.4921084535819,14.9377572886693,11.3270787464667,2.13283273850105,14.2490156621565,7.51466814323805,12.9336570476834,23.5788466159986,0.689321590535978,15.2165227461106,15.3864408998774,21.1791332364314,14.7537151525149,13.867269975636,16.2599540820516,24.6041202788876,13.7826374234771,2.34996926422421
